﻿"LOCATION","INDICATOR","SUBJECT","MEASURE","FREQUENCY","TIME","Value","Flag Codes"
"AUS","DISCRIMFAMCODE","LEGAGEMARRIAGE","IDX","A","2014",0.5,
"AUT","DISCRIMFAMCODE","LEGAGEMARRIAGE","IDX","A","2014",0,
"BEL","DISCRIMFAMCODE","LEGAGEMARRIAGE","IDX","A","2014",0,
"CAN","DISCRIMFAMCODE","LEGAGEMARRIAGE","IDX","A","2014",0,
"CZE","DISCRIMFAMCODE","LEGAGEMARRIAGE","IDX","A","2014",0,
"DNK","DISCRIMFAMCODE","LEGAGEMARRIAGE","IDX","A","2014",0,
"FIN","DISCRIMFAMCODE","LEGAGEMARRIAGE","IDX","A","2014",0,
"FRA","DISCRIMFAMCODE","LEGAGEMARRIAGE","IDX","A","2014",0.5,
"DEU","DISCRIMFAMCODE","LEGAGEMARRIAGE","IDX","A","2014",0,
"GRC","DISCRIMFAMCODE","LEGAGEMARRIAGE","IDX","A","2014",0.5,
"HUN","DISCRIMFAMCODE","LEGAGEMARRIAGE","IDX","A","2014",0,
"ISL","DISCRIMFAMCODE","LEGAGEMARRIAGE","IDX","A","2014",0,
"IRL","DISCRIMFAMCODE","LEGAGEMARRIAGE","IDX","A","2014",0,
"ITA","DISCRIMFAMCODE","LEGAGEMARRIAGE","IDX","A","2014",0,
"JPN","DISCRIMFAMCODE","LEGAGEMARRIAGE","IDX","A","2014",1,
"KOR","DISCRIMFAMCODE","LEGAGEMARRIAGE","IDX","A","2014",0,
"LUX","DISCRIMFAMCODE","LEGAGEMARRIAGE","IDX","A","2014",0.75,
"MEX","DISCRIMFAMCODE","LEGAGEMARRIAGE","IDX","A","2014",0.5,
"NLD","DISCRIMFAMCODE","LEGAGEMARRIAGE","IDX","A","2014",0,
"NZL","DISCRIMFAMCODE","LEGAGEMARRIAGE","IDX","A","2014",0,
"NOR","DISCRIMFAMCODE","LEGAGEMARRIAGE","IDX","A","2014",0,
"POL","DISCRIMFAMCODE","LEGAGEMARRIAGE","IDX","A","2014",0.5,
"PRT","DISCRIMFAMCODE","LEGAGEMARRIAGE","IDX","A","2014",0.25,
"SVK","DISCRIMFAMCODE","LEGAGEMARRIAGE","IDX","A","2014",0,
"ESP","DISCRIMFAMCODE","LEGAGEMARRIAGE","IDX","A","2014",0,
"SWE","DISCRIMFAMCODE","LEGAGEMARRIAGE","IDX","A","2014",0,
"CHE","DISCRIMFAMCODE","LEGAGEMARRIAGE","IDX","A","2014",0,
"TUR","DISCRIMFAMCODE","LEGAGEMARRIAGE","IDX","A","2014",0.5,
"GBR","DISCRIMFAMCODE","LEGAGEMARRIAGE","IDX","A","2014",0,
"USA","DISCRIMFAMCODE","LEGAGEMARRIAGE","IDX","A","2014",0.5,
"ALB","DISCRIMFAMCODE","LEGAGEMARRIAGE","IDX","A","2014",0,
"DZA","DISCRIMFAMCODE","LEGAGEMARRIAGE","IDX","A","2014",0,
"ARG","DISCRIMFAMCODE","LEGAGEMARRIAGE","IDX","A","2014",0,
"ARM","DISCRIMFAMCODE","LEGAGEMARRIAGE","IDX","A","2014",0,
"AZE","DISCRIMFAMCODE","LEGAGEMARRIAGE","IDX","A","2014",0,
"BGD","DISCRIMFAMCODE","LEGAGEMARRIAGE","IDX","A","2014",1,
"BLR","DISCRIMFAMCODE","LEGAGEMARRIAGE","IDX","A","2014",0,
"BIH","DISCRIMFAMCODE","LEGAGEMARRIAGE","IDX","A","2014",0,
"BRA","DISCRIMFAMCODE","LEGAGEMARRIAGE","IDX","A","2014",0.25,
"BGR","DISCRIMFAMCODE","LEGAGEMARRIAGE","IDX","A","2014",0.5,
"KHM","DISCRIMFAMCODE","LEGAGEMARRIAGE","IDX","A","2014",0,
"CHL","DISCRIMFAMCODE","LEGAGEMARRIAGE","IDX","A","2014",0,
"CHN","DISCRIMFAMCODE","LEGAGEMARRIAGE","IDX","A","2014",0.75,
"COL","DISCRIMFAMCODE","LEGAGEMARRIAGE","IDX","A","2014",0.25,
"HRV","DISCRIMFAMCODE","LEGAGEMARRIAGE","IDX","A","2014",0.5,
"CYP","DISCRIMFAMCODE","LEGAGEMARRIAGE","IDX","A","2014",0,
"EGY","DISCRIMFAMCODE","LEGAGEMARRIAGE","IDX","A","2014",0.5,
"EST","DISCRIMFAMCODE","LEGAGEMARRIAGE","IDX","A","2014",0,
"ETH","DISCRIMFAMCODE","LEGAGEMARRIAGE","IDX","A","2014",0,
"GEO","DISCRIMFAMCODE","LEGAGEMARRIAGE","IDX","A","2014",0,
"GHA","DISCRIMFAMCODE","LEGAGEMARRIAGE","IDX","A","2014",0.5,
"HTI","DISCRIMFAMCODE","LEGAGEMARRIAGE","IDX","A","2014",1,
"HKG","DISCRIMFAMCODE","LEGAGEMARRIAGE","IDX","A","2014",0,
"IND","DISCRIMFAMCODE","LEGAGEMARRIAGE","IDX","A","2014",1,
"IDN","DISCRIMFAMCODE","LEGAGEMARRIAGE","IDX","A","2014",1,
"IRN","DISCRIMFAMCODE","LEGAGEMARRIAGE","IDX","A","2014",0.75,
"ISR","DISCRIMFAMCODE","LEGAGEMARRIAGE","IDX","A","2014",0.5,
"KAZ","DISCRIMFAMCODE","LEGAGEMARRIAGE","IDX","A","2014",0,
"LVA","DISCRIMFAMCODE","LEGAGEMARRIAGE","IDX","A","2014",0,
"LTU","DISCRIMFAMCODE","LEGAGEMARRIAGE","IDX","A","2014",0,
"MKD","DISCRIMFAMCODE","LEGAGEMARRIAGE","IDX","A","2014",0,
"MYS","DISCRIMFAMCODE","LEGAGEMARRIAGE","IDX","A","2014",0.5,
"MDA","DISCRIMFAMCODE","LEGAGEMARRIAGE","IDX","A","2014",0,
"MOZ","DISCRIMFAMCODE","LEGAGEMARRIAGE","IDX","A","2014",0,
"NGA","DISCRIMFAMCODE","LEGAGEMARRIAGE","IDX","A","2014",0.5,
"PAK","DISCRIMFAMCODE","LEGAGEMARRIAGE","IDX","A","2014",0.75,
"PRY","DISCRIMFAMCODE","LEGAGEMARRIAGE","IDX","A","2014",0.25,
"PER","DISCRIMFAMCODE","LEGAGEMARRIAGE","IDX","A","2014",0.25,
"PHL","DISCRIMFAMCODE","LEGAGEMARRIAGE","IDX","A","2014",0.5,
"ROU","DISCRIMFAMCODE","LEGAGEMARRIAGE","IDX","A","2014",0.5,
"RUS","DISCRIMFAMCODE","LEGAGEMARRIAGE","IDX","A","2014",0,
"SAU","DISCRIMFAMCODE","LEGAGEMARRIAGE","IDX","A","2014",1,
"SGP","DISCRIMFAMCODE","LEGAGEMARRIAGE","IDX","A","2014",0,
"SVN","DISCRIMFAMCODE","LEGAGEMARRIAGE","IDX","A","2014",0,
"ZAF","DISCRIMFAMCODE","LEGAGEMARRIAGE","IDX","A","2014",0,
"SDN","DISCRIMFAMCODE","LEGAGEMARRIAGE","IDX","A","2014",1,
"TZA","DISCRIMFAMCODE","LEGAGEMARRIAGE","IDX","A","2014",1,
"THA","DISCRIMFAMCODE","LEGAGEMARRIAGE","IDX","A","2014",0.25,
"UKR","DISCRIMFAMCODE","LEGAGEMARRIAGE","IDX","A","2014",0,
"ARE","DISCRIMFAMCODE","LEGAGEMARRIAGE","IDX","A","2014",0,
"URY","DISCRIMFAMCODE","LEGAGEMARRIAGE","IDX","A","2014",0.25,
"VNM","DISCRIMFAMCODE","LEGAGEMARRIAGE","IDX","A","2014",0.75,
"ZMB","DISCRIMFAMCODE","LEGAGEMARRIAGE","IDX","A","2014",0.5,
"SRB","DISCRIMFAMCODE","LEGAGEMARRIAGE","IDX","A","2014",0,
"AFG","DISCRIMFAMCODE","LEGAGEMARRIAGE","IDX","A","2014",0.75,
"AGO","DISCRIMFAMCODE","LEGAGEMARRIAGE","IDX","A","2014",0.5,
"BHR","DISCRIMFAMCODE","LEGAGEMARRIAGE","IDX","A","2014",1,
"BEN","DISCRIMFAMCODE","LEGAGEMARRIAGE","IDX","A","2014",0,
"BTN","DISCRIMFAMCODE","LEGAGEMARRIAGE","IDX","A","2014",0.5,
"BOL","DISCRIMFAMCODE","LEGAGEMARRIAGE","IDX","A","2014",0.75,
"BWA","DISCRIMFAMCODE","LEGAGEMARRIAGE","IDX","A","2014",0.5,
"BFA","DISCRIMFAMCODE","LEGAGEMARRIAGE","IDX","A","2014",1,
"BDI","DISCRIMFAMCODE","LEGAGEMARRIAGE","IDX","A","2014",1,
"CMR","DISCRIMFAMCODE","LEGAGEMARRIAGE","IDX","A","2014",1,
"CAF","DISCRIMFAMCODE","LEGAGEMARRIAGE","IDX","A","2014",0,
"TCD","DISCRIMFAMCODE","LEGAGEMARRIAGE","IDX","A","2014",1,
"COG","DISCRIMFAMCODE","LEGAGEMARRIAGE","IDX","A","2014",1,
"CRI","DISCRIMFAMCODE","LEGAGEMARRIAGE","IDX","A","2014",0.25,
"CIV","DISCRIMFAMCODE","LEGAGEMARRIAGE","IDX","A","2014",1,
"CUB","DISCRIMFAMCODE","LEGAGEMARRIAGE","IDX","A","2014",0.5,
"PRK","DISCRIMFAMCODE","LEGAGEMARRIAGE","IDX","A","2014",0.75,
"COD","DISCRIMFAMCODE","LEGAGEMARRIAGE","IDX","A","2014",0,
"DOM","DISCRIMFAMCODE","LEGAGEMARRIAGE","IDX","A","2014",1,
"ECU","DISCRIMFAMCODE","LEGAGEMARRIAGE","IDX","A","2014",0,
"SLV","DISCRIMFAMCODE","LEGAGEMARRIAGE","IDX","A","2014",0,
"GNQ","DISCRIMFAMCODE","LEGAGEMARRIAGE","IDX","A","2014",0,
"ERI","DISCRIMFAMCODE","LEGAGEMARRIAGE","IDX","A","2014",0,
"FJI","DISCRIMFAMCODE","LEGAGEMARRIAGE","IDX","A","2014",0,
"GAB","DISCRIMFAMCODE","LEGAGEMARRIAGE","IDX","A","2014",1,
"GMB","DISCRIMFAMCODE","LEGAGEMARRIAGE","IDX","A","2014",0.5,
"GTM","DISCRIMFAMCODE","LEGAGEMARRIAGE","IDX","A","2014",0.75,
"GIN","DISCRIMFAMCODE","LEGAGEMARRIAGE","IDX","A","2014",0,
"GNB","DISCRIMFAMCODE","LEGAGEMARRIAGE","IDX","A","2014",0,
"HND","DISCRIMFAMCODE","LEGAGEMARRIAGE","IDX","A","2014",0.5,
"IRQ","DISCRIMFAMCODE","LEGAGEMARRIAGE","IDX","A","2014",0.5,
"JAM","DISCRIMFAMCODE","LEGAGEMARRIAGE","IDX","A","2014",0,
"JOR","DISCRIMFAMCODE","LEGAGEMARRIAGE","IDX","A","2014",0,
"KEN","DISCRIMFAMCODE","LEGAGEMARRIAGE","IDX","A","2014",0,
"KWT","DISCRIMFAMCODE","LEGAGEMARRIAGE","IDX","A","2014",0.75,
"KGZ","DISCRIMFAMCODE","LEGAGEMARRIAGE","IDX","A","2014",0,
"LAO","DISCRIMFAMCODE","LEGAGEMARRIAGE","IDX","A","2014",0,
"LBN","DISCRIMFAMCODE","LEGAGEMARRIAGE","IDX","A","2014",1,
"LSO","DISCRIMFAMCODE","LEGAGEMARRIAGE","IDX","A","2014",0.5,
"LBR","DISCRIMFAMCODE","LEGAGEMARRIAGE","IDX","A","2014",1,
"LBY","DISCRIMFAMCODE","LEGAGEMARRIAGE","IDX","A","2014",0,
"MDG","DISCRIMFAMCODE","LEGAGEMARRIAGE","IDX","A","2014",0,
"MWI","DISCRIMFAMCODE","LEGAGEMARRIAGE","IDX","A","2014",0.5,
"MLI","DISCRIMFAMCODE","LEGAGEMARRIAGE","IDX","A","2014",0.75,
"MRT","DISCRIMFAMCODE","LEGAGEMARRIAGE","IDX","A","2014",0.5,
"MUS","DISCRIMFAMCODE","LEGAGEMARRIAGE","IDX","A","2014",0,
"MNG","DISCRIMFAMCODE","LEGAGEMARRIAGE","IDX","A","2014",0,
"MAR","DISCRIMFAMCODE","LEGAGEMARRIAGE","IDX","A","2014",0,
"MMR","DISCRIMFAMCODE","LEGAGEMARRIAGE","IDX","A","2014",0.5,
"NAM","DISCRIMFAMCODE","LEGAGEMARRIAGE","IDX","A","2014",0,
"NPL","DISCRIMFAMCODE","LEGAGEMARRIAGE","IDX","A","2014",0,
"NIC","DISCRIMFAMCODE","LEGAGEMARRIAGE","IDX","A","2014",1,
"NER","DISCRIMFAMCODE","LEGAGEMARRIAGE","IDX","A","2014",1,
"PSE","DISCRIMFAMCODE","LEGAGEMARRIAGE","IDX","A","2014",0.75,
"OMN","DISCRIMFAMCODE","LEGAGEMARRIAGE","IDX","A","2014",0.5,
"PAN","DISCRIMFAMCODE","LEGAGEMARRIAGE","IDX","A","2014",0.5,
"PNG","DISCRIMFAMCODE","LEGAGEMARRIAGE","IDX","A","2014",0.75,
"QAT","DISCRIMFAMCODE","LEGAGEMARRIAGE","IDX","A","2014",0.75,
"RWA","DISCRIMFAMCODE","LEGAGEMARRIAGE","IDX","A","2014",0,
"SEN","DISCRIMFAMCODE","LEGAGEMARRIAGE","IDX","A","2014",0.75,
"SLE","DISCRIMFAMCODE","LEGAGEMARRIAGE","IDX","A","2014",0,
"SOM","DISCRIMFAMCODE","LEGAGEMARRIAGE","IDX","A","2014",0.5,
"LKA","DISCRIMFAMCODE","LEGAGEMARRIAGE","IDX","A","2014",0,
"SWZ","DISCRIMFAMCODE","LEGAGEMARRIAGE","IDX","A","2014",0.5,
"SYR","DISCRIMFAMCODE","LEGAGEMARRIAGE","IDX","A","2014",0.75,
"TJK","DISCRIMFAMCODE","LEGAGEMARRIAGE","IDX","A","2014",0.5,
"TLS","DISCRIMFAMCODE","LEGAGEMARRIAGE","IDX","A","2014",0.25,
"TGO","DISCRIMFAMCODE","LEGAGEMARRIAGE","IDX","A","2014",0,
"TTO","DISCRIMFAMCODE","LEGAGEMARRIAGE","IDX","A","2014",0.5,
"TUN","DISCRIMFAMCODE","LEGAGEMARRIAGE","IDX","A","2014",0,
"TKM","DISCRIMFAMCODE","LEGAGEMARRIAGE","IDX","A","2014",0,
"UGA","DISCRIMFAMCODE","LEGAGEMARRIAGE","IDX","A","2014",0.5,
"UZB","DISCRIMFAMCODE","LEGAGEMARRIAGE","IDX","A","2014",0.75,
"VEN","DISCRIMFAMCODE","LEGAGEMARRIAGE","IDX","A","2014",0.75,
"YEM","DISCRIMFAMCODE","LEGAGEMARRIAGE","IDX","A","2014",1,
"ZWE","DISCRIMFAMCODE","LEGAGEMARRIAGE","IDX","A","2014",0.75,
