﻿Country Name,Country Code,Indicator Name,Indicator Code,1960,1961,1962,1963,1964,1965,1966,1967,1968,1969,1970,1971,1972,1973,1974,1975,1976,1977,1978,1979,1980,1981,1982,1983,1984,1985,1986,1987,1988,1989,1990,1991,1992,1993,1994,1995,1996,1997,1998,1999,2000,2001,2002,2003,2004,2005,2006,2007,2008,2009,2010,2011,2012,2013,2014,2015,2016,2017,2018
Aruba,ABW,Strength of legal rights index (0=weak to 12=strong),IC.LGL.CRED.XQ,,,,,,,,,,,,,,,,,,,,,,,,,,,,,,,,,,,,,,,,,,,,,,,,,,,,,,,,,,,
Afghanistan,AFG,Strength of legal rights index (0=weak to 12=strong),IC.LGL.CRED.XQ,,,,,,,,,,,,,,,,,,,,,,,,,,,,,,,,,,,,,,,,,,,,,,,,,,,,,,9,9,9,9,9,10
Angola,AGO,Strength of legal rights index (0=weak to 12=strong),IC.LGL.CRED.XQ,,,,,,,,,,,,,,,,,,,,,,,,,,,,,,,,,,,,,,,,,,,,,,,,,,,,,,1,1,1,1,1,1
Albania,ALB,Strength of legal rights index (0=weak to 12=strong),IC.LGL.CRED.XQ,,,,,,,,,,,,,,,,,,,,,,,,,,,,,,,,,,,,,,,,,,,,,,,,,,,,,,7,6,6,6,8,8
Andorra,AND,Strength of legal rights index (0=weak to 12=strong),IC.LGL.CRED.XQ,,,,,,,,,,,,,,,,,,,,,,,,,,,,,,,,,,,,,,,,,,,,,,,,,,,,,,,,,,,
Arab World,ARB,Strength of legal rights index (0=weak to 12=strong),IC.LGL.CRED.XQ,,,,,,,,,,,,,,,,,,,,,,,,,,,,,,,,,,,,,,,,,,,,,,,,,,,,,,1.476190476,1.476190476,1.409090909,1.409090909,1.772727273,2.363636364
United Arab Emirates,ARE,Strength of legal rights index (0=weak to 12=strong),IC.LGL.CRED.XQ,,,,,,,,,,,,,,,,,,,,,,,,,,,,,,,,,,,,,,,,,,,,,,,,,,,,,,2,2,2,2,2,6
Argentina,ARG,Strength of legal rights index (0=weak to 12=strong),IC.LGL.CRED.XQ,,,,,,,,,,,,,,,,,,,,,,,,,,,,,,,,,,,,,,,,,,,,,,,,,,,,,,3,3,3,3,3,3
Armenia,ARM,Strength of legal rights index (0=weak to 12=strong),IC.LGL.CRED.XQ,,,,,,,,,,,,,,,,,,,,,,,,,,,,,,,,,,,,,,,,,,,,,,,,,,,,,,4,4,4,6,6,6
American Samoa,ASM,Strength of legal rights index (0=weak to 12=strong),IC.LGL.CRED.XQ,,,,,,,,,,,,,,,,,,,,,,,,,,,,,,,,,,,,,,,,,,,,,,,,,,,,,,,,,,,
Antigua and Barbuda,ATG,Strength of legal rights index (0=weak to 12=strong),IC.LGL.CRED.XQ,,,,,,,,,,,,,,,,,,,,,,,,,,,,,,,,,,,,,,,,,,,,,,,,,,,,,,5,5,5,5,5,5
Australia,AUS,Strength of legal rights index (0=weak to 12=strong),IC.LGL.CRED.XQ,,,,,,,,,,,,,,,,,,,,,,,,,,,,,,,,,,,,,,,,,,,,,,,,,,,,,,11,11,11,11,11,11
Austria,AUT,Strength of legal rights index (0=weak to 12=strong),IC.LGL.CRED.XQ,,,,,,,,,,,,,,,,,,,,,,,,,,,,,,,,,,,,,,,,,,,,,,,,,,,,,,4,4,4,4,4,4
Azerbaijan,AZE,Strength of legal rights index (0=weak to 12=strong),IC.LGL.CRED.XQ,,,,,,,,,,,,,,,,,,,,,,,,,,,,,,,,,,,,,,,,,,,,,,,,,,,,,,2,2,2,2,2,8
Burundi,BDI,Strength of legal rights index (0=weak to 12=strong),IC.LGL.CRED.XQ,,,,,,,,,,,,,,,,,,,,,,,,,,,,,,,,,,,,,,,,,,,,,,,,,,,,,,2,2,2,2,2,2
Belgium,BEL,Strength of legal rights index (0=weak to 12=strong),IC.LGL.CRED.XQ,,,,,,,,,,,,,,,,,,,,,,,,,,,,,,,,,,,,,,,,,,,,,,,,,,,,,,4,4,4,4,4,8
Benin,BEN,Strength of legal rights index (0=weak to 12=strong),IC.LGL.CRED.XQ,,,,,,,,,,,,,,,,,,,,,,,,,,,,,,,,,,,,,,,,,,,,,,,,,,,,,,6,6,6,6,6,6
Burkina Faso,BFA,Strength of legal rights index (0=weak to 12=strong),IC.LGL.CRED.XQ,,,,,,,,,,,,,,,,,,,,,,,,,,,,,,,,,,,,,,,,,,,,,,,,,,,,,,6,6,6,6,6,6
Bangladesh,BGD,Strength of legal rights index (0=weak to 12=strong),IC.LGL.CRED.XQ,,,,,,,,,,,,,,,,,,,,,,,,,,,,,,,,,,,,,,,,,,,,,,,,,,,,,,5,5,5,5,5,5
Bulgaria,BGR,Strength of legal rights index (0=weak to 12=strong),IC.LGL.CRED.XQ,,,,,,,,,,,,,,,,,,,,,,,,,,,,,,,,,,,,,,,,,,,,,,,,,,,,,,8,8,8,8,8,8
Bahrain,BHR,Strength of legal rights index (0=weak to 12=strong),IC.LGL.CRED.XQ,,,,,,,,,,,,,,,,,,,,,,,,,,,,,,,,,,,,,,,,,,,,,,,,,,,,,,1,1,1,1,1,1
"Bahamas, The",BHS,Strength of legal rights index (0=weak to 12=strong),IC.LGL.CRED.XQ,,,,,,,,,,,,,,,,,,,,,,,,,,,,,,,,,,,,,,,,,,,,,,,,,,,,,,6,6,6,6,6,6
Bosnia and Herzegovina,BIH,Strength of legal rights index (0=weak to 12=strong),IC.LGL.CRED.XQ,,,,,,,,,,,,,,,,,,,,,,,,,,,,,,,,,,,,,,,,,,,,,,,,,,,,,,7,7,7,7,7,7
Belarus,BLR,Strength of legal rights index (0=weak to 12=strong),IC.LGL.CRED.XQ,,,,,,,,,,,,,,,,,,,,,,,,,,,,,,,,,,,,,,,,,,,,,,,,,,,,,,2,2,2,2,4,4
Belize,BLZ,Strength of legal rights index (0=weak to 12=strong),IC.LGL.CRED.XQ,,,,,,,,,,,,,,,,,,,,,,,,,,,,,,,,,,,,,,,,,,,,,,,,,,,,,,4,4,4,4,4,4
Bermuda,BMU,Strength of legal rights index (0=weak to 12=strong),IC.LGL.CRED.XQ,,,,,,,,,,,,,,,,,,,,,,,,,,,,,,,,,,,,,,,,,,,,,,,,,,,,,,,,,,,
Bolivia,BOL,Strength of legal rights index (0=weak to 12=strong),IC.LGL.CRED.XQ,,,,,,,,,,,,,,,,,,,,,,,,,,,,,,,,,,,,,,,,,,,,,,,,,,,,,,0,0,0,0,0,0
Brazil,BRA,Strength of legal rights index (0=weak to 12=strong),IC.LGL.CRED.XQ,,,,,,,,,,,,,,,,,,,,,,,,,,,,,,,,,,,,,,,,,,,,,,,,,,,,,,2,2,2,2,2,2
Barbados,BRB,Strength of legal rights index (0=weak to 12=strong),IC.LGL.CRED.XQ,,,,,,,,,,,,,,,,,,,,,,,,,,,,,,,,,,,,,,,,,,,,,,,,,,,,,,6,6,6,6,6,6
Brunei Darussalam,BRN,Strength of legal rights index (0=weak to 12=strong),IC.LGL.CRED.XQ,,,,,,,,,,,,,,,,,,,,,,,,,,,,,,,,,,,,,,,,,,,,,,,,,,,,,,4,4,4,5,12,12
Bhutan,BTN,Strength of legal rights index (0=weak to 12=strong),IC.LGL.CRED.XQ,,,,,,,,,,,,,,,,,,,,,,,,,,,,,,,,,,,,,,,,,,,,,,,,,,,,,,4,4,4,4,4,4
Botswana,BWA,Strength of legal rights index (0=weak to 12=strong),IC.LGL.CRED.XQ,,,,,,,,,,,,,,,,,,,,,,,,,,,,,,,,,,,,,,,,,,,,,,,,,,,,,,5,5,5,5,5,5
Central African Republic,CAF,Strength of legal rights index (0=weak to 12=strong),IC.LGL.CRED.XQ,,,,,,,,,,,,,,,,,,,,,,,,,,,,,,,,,,,,,,,,,,,,,,,,,,,,,,6,6,6,6,6,6
Canada,CAN,Strength of legal rights index (0=weak to 12=strong),IC.LGL.CRED.XQ,,,,,,,,,,,,,,,,,,,,,,,,,,,,,,,,,,,,,,,,,,,,,,,,,,,,,,9,9,9,9,9,9
Central Europe and the Baltics,CEB,Strength of legal rights index (0=weak to 12=strong),IC.LGL.CRED.XQ,,,,,,,,,,,,,,,,,,,,,,,,,,,,,,,,,,,,,,,,,,,,,,,,,,,,,,6.545454545,7,7,7,7,7
Switzerland,CHE,Strength of legal rights index (0=weak to 12=strong),IC.LGL.CRED.XQ,,,,,,,,,,,,,,,,,,,,,,,,,,,,,,,,,,,,,,,,,,,,,,,,,,,,,,6,6,6,6,6,6
Channel Islands,CHI,Strength of legal rights index (0=weak to 12=strong),IC.LGL.CRED.XQ,,,,,,,,,,,,,,,,,,,,,,,,,,,,,,,,,,,,,,,,,,,,,,,,,,,,,,,,,,,
Chile,CHL,Strength of legal rights index (0=weak to 12=strong),IC.LGL.CRED.XQ,,,,,,,,,,,,,,,,,,,,,,,,,,,,,,,,,,,,,,,,,,,,,,,,,,,,,,4,4,4,4,4,4
China,CHN,Strength of legal rights index (0=weak to 12=strong),IC.LGL.CRED.XQ,,,,,,,,,,,,,,,,,,,,,,,,,,,,,,,,,,,,,,,,,,,,,,,,,,,,,,4,4,4,4,4,4
Cote d'Ivoire,CIV,Strength of legal rights index (0=weak to 12=strong),IC.LGL.CRED.XQ,,,,,,,,,,,,,,,,,,,,,,,,,,,,,,,,,,,,,,,,,,,,,,,,,,,,,,6,6,6,6,6,6
Cameroon,CMR,Strength of legal rights index (0=weak to 12=strong),IC.LGL.CRED.XQ,,,,,,,,,,,,,,,,,,,,,,,,,,,,,,,,,,,,,,,,,,,,,,,,,,,,,,6,6,6,6,6,6
"Congo, Dem. Rep.",COD,Strength of legal rights index (0=weak to 12=strong),IC.LGL.CRED.XQ,,,,,,,,,,,,,,,,,,,,,,,,,,,,,,,,,,,,,,,,,,,,,,,,,,,,,,6,6,6,6,6,6
"Congo, Rep.",COG,Strength of legal rights index (0=weak to 12=strong),IC.LGL.CRED.XQ,,,,,,,,,,,,,,,,,,,,,,,,,,,,,,,,,,,,,,,,,,,,,,,,,,,,,,6,6,6,6,6,6
Colombia,COL,Strength of legal rights index (0=weak to 12=strong),IC.LGL.CRED.XQ,,,,,,,,,,,,,,,,,,,,,,,,,,,,,,,,,,,,,,,,,,,,,,,,,,,,,,4,12,12,12,12,12
Comoros,COM,Strength of legal rights index (0=weak to 12=strong),IC.LGL.CRED.XQ,,,,,,,,,,,,,,,,,,,,,,,,,,,,,,,,,,,,,,,,,,,,,,,,,,,,,,6,6,6,6,6,6
Cabo Verde,CPV,Strength of legal rights index (0=weak to 12=strong),IC.LGL.CRED.XQ,,,,,,,,,,,,,,,,,,,,,,,,,,,,,,,,,,,,,,,,,,,,,,,,,,,,,,1,1,1,1,1,1
Costa Rica,CRI,Strength of legal rights index (0=weak to 12=strong),IC.LGL.CRED.XQ,,,,,,,,,,,,,,,,,,,,,,,,,,,,,,,,,,,,,,,,,,,,,,,,,,,,,,2,2,10,10,10,10
Caribbean small states,CSS,Strength of legal rights index (0=weak to 12=strong),IC.LGL.CRED.XQ,,,,,,,,,,,,,,,,,,,,,,,,,,,,,,,,,,,,,,,,,,,,,,,,,,,,,,5,5.384615385,5.307692308,5.307692308,5.307692308,5.307692308
Cuba,CUB,Strength of legal rights index (0=weak to 12=strong),IC.LGL.CRED.XQ,,,,,,,,,,,,,,,,,,,,,,,,,,,,,,,,,,,,,,,,,,,,,,,,,,,,,,,,,,,
Curacao,CUW,Strength of legal rights index (0=weak to 12=strong),IC.LGL.CRED.XQ,,,,,,,,,,,,,,,,,,,,,,,,,,,,,,,,,,,,,,,,,,,,,,,,,,,,,,,,,,,
Cayman Islands,CYM,Strength of legal rights index (0=weak to 12=strong),IC.LGL.CRED.XQ,,,,,,,,,,,,,,,,,,,,,,,,,,,,,,,,,,,,,,,,,,,,,,,,,,,,,,,,,,,
Cyprus,CYP,Strength of legal rights index (0=weak to 12=strong),IC.LGL.CRED.XQ,,,,,,,,,,,,,,,,,,,,,,,,,,,,,,,,,,,,,,,,,,,,,,,,,,,,,,7,7,7,7,7,7
Czech Republic,CZE,Strength of legal rights index (0=weak to 12=strong),IC.LGL.CRED.XQ,,,,,,,,,,,,,,,,,,,,,,,,,,,,,,,,,,,,,,,,,,,,,,,,,,,,,,5,7,7,7,7,7
Germany,DEU,Strength of legal rights index (0=weak to 12=strong),IC.LGL.CRED.XQ,,,,,,,,,,,,,,,,,,,,,,,,,,,,,,,,,,,,,,,,,,,,,,,,,,,,,,6,6,6,6,6,6
Djibouti,DJI,Strength of legal rights index (0=weak to 12=strong),IC.LGL.CRED.XQ,,,,,,,,,,,,,,,,,,,,,,,,,,,,,,,,,,,,,,,,,,,,,,,,,,,,,,1,1,1,1,1,5
Dominica,DMA,Strength of legal rights index (0=weak to 12=strong),IC.LGL.CRED.XQ,,,,,,,,,,,,,,,,,,,,,,,,,,,,,,,,,,,,,,,,,,,,,,,,,,,,,,6,6,6,6,6,6
Denmark,DNK,Strength of legal rights index (0=weak to 12=strong),IC.LGL.CRED.XQ,,,,,,,,,,,,,,,,,,,,,,,,,,,,,,,,,,,,,,,,,,,,,,,,,,,,,,8,8,8,8,8,8
Dominican Republic,DOM,Strength of legal rights index (0=weak to 12=strong),IC.LGL.CRED.XQ,,,,,,,,,,,,,,,,,,,,,,,,,,,,,,,,,,,,,,,,,,,,,,,,,,,,,,1,1,1,1,1,1
Algeria,DZA,Strength of legal rights index (0=weak to 12=strong),IC.LGL.CRED.XQ,,,,,,,,,,,,,,,,,,,,,,,,,,,,,,,,,,,,,,,,,,,,,,,,,,,,,,2,2,2,2,2,2
East Asia & Pacific (excluding high income),EAP,Strength of legal rights index (0=weak to 12=strong),IC.LGL.CRED.XQ,,,,,,,,,,,,,,,,,,,,,,,,,,,,,,,,,,,,,,,,,,,,,,,,,,,,,,5.6,5.8,5.85,6.25,6.9,6.9
Early-demographic dividend,EAR,Strength of legal rights index (0=weak to 12=strong),IC.LGL.CRED.XQ,,,,,,,,,,,,,,,,,,,,,,,,,,,,,,,,,,,,,,,,,,,,,,,,,,,,,,3.803278689,3.93442623,4.163934426,4.295081967,4.639344262,4.852459016
East Asia & Pacific,EAS,Strength of legal rights index (0=weak to 12=strong),IC.LGL.CRED.XQ,,,,,,,,,,,,,,,,,,,,,,,,,,,,,,,,,,,,,,,,,,,,,,,,,,,,,,6.137931034,6.275862069,6.344827586,6.586206897,7.275862069,7.275862069
Europe & Central Asia (excluding high income),ECA,Strength of legal rights index (0=weak to 12=strong),IC.LGL.CRED.XQ,,,,,,,,,,,,,,,,,,,,,,,,,,,,,,,,,,,,,,,,,,,,,,,,,,,,,,5.8,5.75,6.2,6.5,7.15,7.6
Europe & Central Asia,ECS,Strength of legal rights index (0=weak to 12=strong),IC.LGL.CRED.XQ,,,,,,,,,,,,,,,,,,,,,,,,,,,,,,,,,,,,,,,,,,,,,,,,,,,,,,5.408163265,5.489795918,5.673469388,5.795918367,6.06122449,6.326530612
Ecuador,ECU,Strength of legal rights index (0=weak to 12=strong),IC.LGL.CRED.XQ,,,,,,,,,,,,,,,,,,,,,,,,,,,,,,,,,,,,,,,,,,,,,,,,,,,,,,1,1,1,1,1,1
"Egypt, Arab Rep.",EGY,Strength of legal rights index (0=weak to 12=strong),IC.LGL.CRED.XQ,,,,,,,,,,,,,,,,,,,,,,,,,,,,,,,,,,,,,,,,,,,,,,,,,,,,,,2,2,2,2,2,5
Euro area,EMU,Strength of legal rights index (0=weak to 12=strong),IC.LGL.CRED.XQ,,,,,,,,,,,,,,,,,,,,,,,,,,,,,,,,,,,,,,,,,,,,,,,,,,,,,,4.736842105,4.736842105,4.736842105,4.736842105,4.736842105,4.947368421
Eritrea,ERI,Strength of legal rights index (0=weak to 12=strong),IC.LGL.CRED.XQ,,,,,,,,,,,,,,,,,,,,,,,,,,,,,,,,,,,,,,,,,,,,,,,,,,,,,,0,0,0,0,0,0
Spain,ESP,Strength of legal rights index (0=weak to 12=strong),IC.LGL.CRED.XQ,,,,,,,,,,,,,,,,,,,,,,,,,,,,,,,,,,,,,,,,,,,,,,,,,,,,,,5,5,5,5,5,5
Estonia,EST,Strength of legal rights index (0=weak to 12=strong),IC.LGL.CRED.XQ,,,,,,,,,,,,,,,,,,,,,,,,,,,,,,,,,,,,,,,,,,,,,,,,,,,,,,7,7,7,7,7,7
Ethiopia,ETH,Strength of legal rights index (0=weak to 12=strong),IC.LGL.CRED.XQ,,,,,,,,,,,,,,,,,,,,,,,,,,,,,,,,,,,,,,,,,,,,,,,,,,,,,,3,3,3,3,3,3
European Union,EUU,Strength of legal rights index (0=weak to 12=strong),IC.LGL.CRED.XQ,,,,,,,,,,,,,,,,,,,,,,,,,,,,,,,,,,,,,,,,,,,,,,,,,,,,,,5.392857143,5.571428571,5.571428571,5.571428571,5.571428571,5.714285714
Fragile and conflict affected situations,FCS,Strength of legal rights index (0=weak to 12=strong),IC.LGL.CRED.XQ,,,,,,,,,,,,,,,,,,,,,,,,,,,,,,,,,,,,,,,,,,,,,,,,,,,,,,4.088235294,4.088235294,4.085714286,4.342857143,4.628571429,4.828571429
Finland,FIN,Strength of legal rights index (0=weak to 12=strong),IC.LGL.CRED.XQ,,,,,,,,,,,,,,,,,,,,,,,,,,,,,,,,,,,,,,,,,,,,,,,,,,,,,,7,7,7,7,7,7
Fiji,FJI,Strength of legal rights index (0=weak to 12=strong),IC.LGL.CRED.XQ,,,,,,,,,,,,,,,,,,,,,,,,,,,,,,,,,,,,,,,,,,,,,,,,,,,,,,5,5,5,5,5,5
France,FRA,Strength of legal rights index (0=weak to 12=strong),IC.LGL.CRED.XQ,,,,,,,,,,,,,,,,,,,,,,,,,,,,,,,,,,,,,,,,,,,,,,,,,,,,,,4,4,4,4,4,4
Faroe Islands,FRO,Strength of legal rights index (0=weak to 12=strong),IC.LGL.CRED.XQ,,,,,,,,,,,,,,,,,,,,,,,,,,,,,,,,,,,,,,,,,,,,,,,,,,,,,,,,,,,
"Micronesia, Fed. Sts.",FSM,Strength of legal rights index (0=weak to 12=strong),IC.LGL.CRED.XQ,,,,,,,,,,,,,,,,,,,,,,,,,,,,,,,,,,,,,,,,,,,,,,,,,,,,,,10,10,10,10,10,10
Gabon,GAB,Strength of legal rights index (0=weak to 12=strong),IC.LGL.CRED.XQ,,,,,,,,,,,,,,,,,,,,,,,,,,,,,,,,,,,,,,,,,,,,,,,,,,,,,,6,6,6,6,6,6
United Kingdom,GBR,Strength of legal rights index (0=weak to 12=strong),IC.LGL.CRED.XQ,,,,,,,,,,,,,,,,,,,,,,,,,,,,,,,,,,,,,,,,,,,,,,,,,,,,,,7,7,7,7,7,7
Georgia,GEO,Strength of legal rights index (0=weak to 12=strong),IC.LGL.CRED.XQ,,,,,,,,,,,,,,,,,,,,,,,,,,,,,,,,,,,,,,,,,,,,,,,,,,,,,,9,9,9,9,9,9
Ghana,GHA,Strength of legal rights index (0=weak to 12=strong),IC.LGL.CRED.XQ,,,,,,,,,,,,,,,,,,,,,,,,,,,,,,,,,,,,,,,,,,,,,,,,,,,,,,6,6,6,6,6,6
Gibraltar,GIB,Strength of legal rights index (0=weak to 12=strong),IC.LGL.CRED.XQ,,,,,,,,,,,,,,,,,,,,,,,,,,,,,,,,,,,,,,,,,,,,,,,,,,,,,,,,,,,
Guinea,GIN,Strength of legal rights index (0=weak to 12=strong),IC.LGL.CRED.XQ,,,,,,,,,,,,,,,,,,,,,,,,,,,,,,,,,,,,,,,,,,,,,,,,,,,,,,6,6,6,6,6,6
"Gambia, The",GMB,Strength of legal rights index (0=weak to 12=strong),IC.LGL.CRED.XQ,,,,,,,,,,,,,,,,,,,,,,,,,,,,,,,,,,,,,,,,,,,,,,,,,,,,,,4,4,4,7,7,7
Guinea-Bissau,GNB,Strength of legal rights index (0=weak to 12=strong),IC.LGL.CRED.XQ,,,,,,,,,,,,,,,,,,,,,,,,,,,,,,,,,,,,,,,,,,,,,,,,,,,,,,6,6,6,6,6,6
Equatorial Guinea,GNQ,Strength of legal rights index (0=weak to 12=strong),IC.LGL.CRED.XQ,,,,,,,,,,,,,,,,,,,,,,,,,,,,,,,,,,,,,,,,,,,,,,,,,,,,,,6,6,6,6,6,6
Greece,GRC,Strength of legal rights index (0=weak to 12=strong),IC.LGL.CRED.XQ,,,,,,,,,,,,,,,,,,,,,,,,,,,,,,,,,,,,,,,,,,,,,,,,,,,,,,3,3,3,3,3,3
Grenada,GRD,Strength of legal rights index (0=weak to 12=strong),IC.LGL.CRED.XQ,,,,,,,,,,,,,,,,,,,,,,,,,,,,,,,,,,,,,,,,,,,,,,,,,,,,,,6,6,6,6,6,6
Greenland,GRL,Strength of legal rights index (0=weak to 12=strong),IC.LGL.CRED.XQ,,,,,,,,,,,,,,,,,,,,,,,,,,,,,,,,,,,,,,,,,,,,,,,,,,,,,,,,,,,
Guatemala,GTM,Strength of legal rights index (0=weak to 12=strong),IC.LGL.CRED.XQ,,,,,,,,,,,,,,,,,,,,,,,,,,,,,,,,,,,,,,,,,,,,,,,,,,,,,,9,9,9,9,9,9
Guam,GUM,Strength of legal rights index (0=weak to 12=strong),IC.LGL.CRED.XQ,,,,,,,,,,,,,,,,,,,,,,,,,,,,,,,,,,,,,,,,,,,,,,,,,,,,,,,,,,,
Guyana,GUY,Strength of legal rights index (0=weak to 12=strong),IC.LGL.CRED.XQ,,,,,,,,,,,,,,,,,,,,,,,,,,,,,,,,,,,,,,,,,,,,,,,,,,,,,,3,3,3,3,3,3
High income,HIC,Strength of legal rights index (0=weak to 12=strong),IC.LGL.CRED.XQ,,,,,,,,,,,,,,,,,,,,,,,,,,,,,,,,,,,,,,,,,,,,,,,,,,,,,,5.186440678,5.338983051,5.355932203,5.338983051,5.491525424,5.627118644
"Hong Kong SAR, China",HKG,Strength of legal rights index (0=weak to 12=strong),IC.LGL.CRED.XQ,,,,,,,,,,,,,,,,,,,,,,,,,,,,,,,,,,,,,,,,,,,,,,,,,,,,,,7,7,8,8,8,8
Honduras,HND,Strength of legal rights index (0=weak to 12=strong),IC.LGL.CRED.XQ,,,,,,,,,,,,,,,,,,,,,,,,,,,,,,,,,,,,,,,,,,,,,,,,,,,,,,9,9,9,9,9,9
Heavily indebted poor countries (HIPC),HPC,Strength of legal rights index (0=weak to 12=strong),IC.LGL.CRED.XQ,,,,,,,,,,,,,,,,,,,,,,,,,,,,,,,,,,,,,,,,,,,,,,,,,,,,,,4.657894737,4.684210526,4.692307692,4.871794872,5.025641026,5.153846154
Croatia,HRV,Strength of legal rights index (0=weak to 12=strong),IC.LGL.CRED.XQ,,,,,,,,,,,,,,,,,,,,,,,,,,,,,,,,,,,,,,,,,,,,,,,,,,,,,,5,5,5,5,5,5
Haiti,HTI,Strength of legal rights index (0=weak to 12=strong),IC.LGL.CRED.XQ,,,,,,,,,,,,,,,,,,,,,,,,,,,,,,,,,,,,,,,,,,,,,,,,,,,,,,2,2,2,2,2,2
Hungary,HUN,Strength of legal rights index (0=weak to 12=strong),IC.LGL.CRED.XQ,,,,,,,,,,,,,,,,,,,,,,,,,,,,,,,,,,,,,,,,,,,,,,,,,,,,,,6,9,9,9,9,9
IBRD only,IBD,Strength of legal rights index (0=weak to 12=strong),IC.LGL.CRED.XQ,,,,,,,,,,,,,,,,,,,,,,,,,,,,,,,,,,,,,,,,,,,,,,,,,,,,,,4.253731343,4.47761194,4.776119403,4.880597015,5.149253731,5.343283582
IDA & IBRD total,IBT,Strength of legal rights index (0=weak to 12=strong),IC.LGL.CRED.XQ,,,,,,,,,,,,,,,,,,,,,,,,,,,,,,,,,,,,,,,,,,,,,,,,,,,,,,4.564285714,4.707142857,4.886524823,5.035460993,5.333333333,5.510638298
IDA total,IDA,Strength of legal rights index (0=weak to 12=strong),IC.LGL.CRED.XQ,,,,,,,,,,,,,,,,,,,,,,,,,,,,,,,,,,,,,,,,,,,,,,,,,,,,,,4.849315068,4.917808219,4.986486486,5.175675676,5.5,5.662162162
IDA blend,IDB,Strength of legal rights index (0=weak to 12=strong),IC.LGL.CRED.XQ,,,,,,,,,,,,,,,,,,,,,,,,,,,,,,,,,,,,,,,,,,,,,,,,,,,,,,4.5,4.5,4.8125,5.1875,5.625,5.8125
Indonesia,IDN,Strength of legal rights index (0=weak to 12=strong),IC.LGL.CRED.XQ,,,,,,,,,,,,,,,,,,,,,,,,,,,,,,,,,,,,,,,,,,,,,,,,,,,,,,4,4,5,6,6,6
IDA only,IDX,Strength of legal rights index (0=weak to 12=strong),IC.LGL.CRED.XQ,,,,,,,,,,,,,,,,,,,,,,,,,,,,,,,,,,,,,,,,,,,,,,,,,,,,,,4.947368421,5.035087719,5.034482759,5.172413793,5.465517241,5.620689655
Isle of Man,IMN,Strength of legal rights index (0=weak to 12=strong),IC.LGL.CRED.XQ,,,,,,,,,,,,,,,,,,,,,,,,,,,,,,,,,,,,,,,,,,,,,,,,,,,,,,,,,,,
India,IND,Strength of legal rights index (0=weak to 12=strong),IC.LGL.CRED.XQ,,,,,,,,,,,,,,,,,,,,,,,,,,,,,,,,,,,,,,,,,,,,,,,,,,,,,,6,6,6,6,8,9
Not classified,INX,Strength of legal rights index (0=weak to 12=strong),IC.LGL.CRED.XQ,,,,,,,,,,,,,,,,,,,,,,,,,,,,,,,,,,,,,,,,,,,,,,,,,,,,,,,,,,,
Ireland,IRL,Strength of legal rights index (0=weak to 12=strong),IC.LGL.CRED.XQ,,,,,,,,,,,,,,,,,,,,,,,,,,,,,,,,,,,,,,,,,,,,,,,,,,,,,,7,7,7,7,7,7
"Iran, Islamic Rep.",IRN,Strength of legal rights index (0=weak to 12=strong),IC.LGL.CRED.XQ,,,,,,,,,,,,,,,,,,,,,,,,,,,,,,,,,,,,,,,,,,,,,,,,,,,,,,2,2,2,2,2,2
Iraq,IRQ,Strength of legal rights index (0=weak to 12=strong),IC.LGL.CRED.XQ,,,,,,,,,,,,,,,,,,,,,,,,,,,,,,,,,,,,,,,,,,,,,,,,,,,,,,0,0,0,0,0,0
Iceland,ISL,Strength of legal rights index (0=weak to 12=strong),IC.LGL.CRED.XQ,,,,,,,,,,,,,,,,,,,,,,,,,,,,,,,,,,,,,,,,,,,,,,,,,,,,,,5,5,5,5,5,5
Israel,ISR,Strength of legal rights index (0=weak to 12=strong),IC.LGL.CRED.XQ,,,,,,,,,,,,,,,,,,,,,,,,,,,,,,,,,,,,,,,,,,,,,,,,,,,,,,6,6,6,6,6,6
Italy,ITA,Strength of legal rights index (0=weak to 12=strong),IC.LGL.CRED.XQ,,,,,,,,,,,,,,,,,,,,,,,,,,,,,,,,,,,,,,,,,,,,,,,,,,,,,,2,2,2,2,2,2
Jamaica,JAM,Strength of legal rights index (0=weak to 12=strong),IC.LGL.CRED.XQ,,,,,,,,,,,,,,,,,,,,,,,,,,,,,,,,,,,,,,,,,,,,,,,,,,,,,,6,10,9,9,9,9
Jordan,JOR,Strength of legal rights index (0=weak to 12=strong),IC.LGL.CRED.XQ,,,,,,,,,,,,,,,,,,,,,,,,,,,,,,,,,,,,,,,,,,,,,,,,,,,,,,0,0,0,0,0,0
Japan,JPN,Strength of legal rights index (0=weak to 12=strong),IC.LGL.CRED.XQ,,,,,,,,,,,,,,,,,,,,,,,,,,,,,,,,,,,,,,,,,,,,,,,,,,,,,,5,5,5,5,5,5
Kazakhstan,KAZ,Strength of legal rights index (0=weak to 12=strong),IC.LGL.CRED.XQ,,,,,,,,,,,,,,,,,,,,,,,,,,,,,,,,,,,,,,,,,,,,,,,,,,,,,,3,3,4,4,6,6
Kenya,KEN,Strength of legal rights index (0=weak to 12=strong),IC.LGL.CRED.XQ,,,,,,,,,,,,,,,,,,,,,,,,,,,,,,,,,,,,,,,,,,,,,,,,,,,,,,7,7,7,7,7,10
Kyrgyz Republic,KGZ,Strength of legal rights index (0=weak to 12=strong),IC.LGL.CRED.XQ,,,,,,,,,,,,,,,,,,,,,,,,,,,,,,,,,,,,,,,,,,,,,,,,,,,,,,8,8,8,8,9,9
Cambodia,KHM,Strength of legal rights index (0=weak to 12=strong),IC.LGL.CRED.XQ,,,,,,,,,,,,,,,,,,,,,,,,,,,,,,,,,,,,,,,,,,,,,,,,,,,,,,10,10,10,10,10,10
Kiribati,KIR,Strength of legal rights index (0=weak to 12=strong),IC.LGL.CRED.XQ,,,,,,,,,,,,,,,,,,,,,,,,,,,,,,,,,,,,,,,,,,,,,,,,,,,,,,4,4,4,4,4,4
St. Kitts and Nevis,KNA,Strength of legal rights index (0=weak to 12=strong),IC.LGL.CRED.XQ,,,,,,,,,,,,,,,,,,,,,,,,,,,,,,,,,,,,,,,,,,,,,,,,,,,,,,5,5,5,5,5,5
"Korea, Rep.",KOR,Strength of legal rights index (0=weak to 12=strong),IC.LGL.CRED.XQ,,,,,,,,,,,,,,,,,,,,,,,,,,,,,,,,,,,,,,,,,,,,,,,,,,,,,,5,5,5,5,5,5
Kuwait,KWT,Strength of legal rights index (0=weak to 12=strong),IC.LGL.CRED.XQ,,,,,,,,,,,,,,,,,,,,,,,,,,,,,,,,,,,,,,,,,,,,,,,,,,,,,,1,1,1,1,1,1
Latin America & Caribbean (excluding high income),LAC,Strength of legal rights index (0=weak to 12=strong),IC.LGL.CRED.XQ,,,,,,,,,,,,,,,,,,,,,,,,,,,,,,,,,,,,,,,,,,,,,,,,,,,,,,3.826086957,4.347826087,5,5,5,5.043478261
Lao PDR,LAO,Strength of legal rights index (0=weak to 12=strong),IC.LGL.CRED.XQ,,,,,,,,,,,,,,,,,,,,,,,,,,,,,,,,,,,,,,,,,,,,,,,,,,,,,,2,6,6,6,6,6
Lebanon,LBN,Strength of legal rights index (0=weak to 12=strong),IC.LGL.CRED.XQ,,,,,,,,,,,,,,,,,,,,,,,,,,,,,,,,,,,,,,,,,,,,,,,,,,,,,,2,2,2,2,2,2
Liberia,LBR,Strength of legal rights index (0=weak to 12=strong),IC.LGL.CRED.XQ,,,,,,,,,,,,,,,,,,,,,,,,,,,,,,,,,,,,,,,,,,,,,,,,,,,,,,5,5,9,9,9,9
Libya,LBY,Strength of legal rights index (0=weak to 12=strong),IC.LGL.CRED.XQ,,,,,,,,,,,,,,,,,,,,,,,,,,,,,,,,,,,,,,,,,,,,,,,,,,,,,,0,0,0,0,0,0
St. Lucia,LCA,Strength of legal rights index (0=weak to 12=strong),IC.LGL.CRED.XQ,,,,,,,,,,,,,,,,,,,,,,,,,,,,,,,,,,,,,,,,,,,,,,,,,,,,,,5,5,5,5,5,5
Latin America & Caribbean,LCN,Strength of legal rights index (0=weak to 12=strong),IC.LGL.CRED.XQ,,,,,,,,,,,,,,,,,,,,,,,,,,,,,,,,,,,,,,,,,,,,,,,,,,,,,,4.303030303,4.787878788,5.242424242,5.242424242,5.303030303,5.333333333
Least developed countries: UN classification,LDC,Strength of legal rights index (0=weak to 12=strong),IC.LGL.CRED.XQ,,,,,,,,,,,,,,,,,,,,,,,,,,,,,,,,,,,,,,,,,,,,,,,,,,,,,,4.488888889,4.6,4.608695652,4.782608696,5,5.173913043
Low income,LIC,Strength of legal rights index (0=weak to 12=strong),IC.LGL.CRED.XQ,,,,,,,,,,,,,,,,,,,,,,,,,,,,,,,,,,,,,,,,,,,,,,,,,,,,,,4.46875,4.5,4.515151515,4.727272727,4.909090909,4.96969697
Liechtenstein,LIE,Strength of legal rights index (0=weak to 12=strong),IC.LGL.CRED.XQ,,,,,,,,,,,,,,,,,,,,,,,,,,,,,,,,,,,,,,,,,,,,,,,,,,,,,,,,,,,
Sri Lanka,LKA,Strength of legal rights index (0=weak to 12=strong),IC.LGL.CRED.XQ,,,,,,,,,,,,,,,,,,,,,,,,,,,,,,,,,,,,,,,,,,,,,,,,,,,,,,2,2,2,2,2,2
Lower middle income,LMC,Strength of legal rights index (0=weak to 12=strong),IC.LGL.CRED.XQ,,,,,,,,,,,,,,,,,,,,,,,,,,,,,,,,,,,,,,,,,,,,,,,,,,,,,,4.489361702,4.574468085,4.829787234,5,5.531914894,5.829787234
Low & middle income,LMY,Strength of legal rights index (0=weak to 12=strong),IC.LGL.CRED.XQ,,,,,,,,,,,,,,,,,,,,,,,,,,,,,,,,,,,,,,,,,,,,,,,,,,,,,,4.492307692,4.615384615,4.809160305,4.969465649,5.34351145,5.534351145
Lesotho,LSO,Strength of legal rights index (0=weak to 12=strong),IC.LGL.CRED.XQ,,,,,,,,,,,,,,,,,,,,,,,,,,,,,,,,,,,,,,,,,,,,,,,,,,,,,,5,5,5,5,5,5
Late-demographic dividend,LTE,Strength of legal rights index (0=weak to 12=strong),IC.LGL.CRED.XQ,,,,,,,,,,,,,,,,,,,,,,,,,,,,,,,,,,,,,,,,,,,,,,,,,,,,,,5.041666667,5.291666667,5.520833333,5.666666667,6.166666667,6.375
Lithuania,LTU,Strength of legal rights index (0=weak to 12=strong),IC.LGL.CRED.XQ,,,,,,,,,,,,,,,,,,,,,,,,,,,,,,,,,,,,,,,,,,,,,,,,,,,,,,6,6,6,6,6,6
Luxembourg,LUX,Strength of legal rights index (0=weak to 12=strong),IC.LGL.CRED.XQ,,,,,,,,,,,,,,,,,,,,,,,,,,,,,,,,,,,,,,,,,,,,,,,,,,,,,,3,3,3,3,3,3
Latvia,LVA,Strength of legal rights index (0=weak to 12=strong),IC.LGL.CRED.XQ,,,,,,,,,,,,,,,,,,,,,,,,,,,,,,,,,,,,,,,,,,,,,,,,,,,,,,9,9,9,9,9,9
"Macao SAR, China",MAC,Strength of legal rights index (0=weak to 12=strong),IC.LGL.CRED.XQ,,,,,,,,,,,,,,,,,,,,,,,,,,,,,,,,,,,,,,,,,,,,,,,,,,,,,,,,,,,
St. Martin (French part),MAF,Strength of legal rights index (0=weak to 12=strong),IC.LGL.CRED.XQ,,,,,,,,,,,,,,,,,,,,,,,,,,,,,,,,,,,,,,,,,,,,,,,,,,,,,,,,,,,
Morocco,MAR,Strength of legal rights index (0=weak to 12=strong),IC.LGL.CRED.XQ,,,,,,,,,,,,,,,,,,,,,,,,,,,,,,,,,,,,,,,,,,,,,,,,,,,,,,2,2,2,2,2,2
Monaco,MCO,Strength of legal rights index (0=weak to 12=strong),IC.LGL.CRED.XQ,,,,,,,,,,,,,,,,,,,,,,,,,,,,,,,,,,,,,,,,,,,,,,,,,,,,,,,,,,,
Moldova,MDA,Strength of legal rights index (0=weak to 12=strong),IC.LGL.CRED.XQ,,,,,,,,,,,,,,,,,,,,,,,,,,,,,,,,,,,,,,,,,,,,,,,,,,,,,,8,8,8,8,8,8
Madagascar,MDG,Strength of legal rights index (0=weak to 12=strong),IC.LGL.CRED.XQ,,,,,,,,,,,,,,,,,,,,,,,,,,,,,,,,,,,,,,,,,,,,,,,,,,,,,,1,1,2,2,2,2
Maldives,MDV,Strength of legal rights index (0=weak to 12=strong),IC.LGL.CRED.XQ,,,,,,,,,,,,,,,,,,,,,,,,,,,,,,,,,,,,,,,,,,,,,,,,,,,,,,2,2,2,2,2,2
Middle East & North Africa,MEA,Strength of legal rights index (0=weak to 12=strong),IC.LGL.CRED.XQ,,,,,,,,,,,,,,,,,,,,,,,,,,,,,,,,,,,,,,,,,,,,,,,,,,,,,,1.428571429,1.428571429,1.428571429,1.428571429,1.80952381,2.333333333
Mexico,MEX,Strength of legal rights index (0=weak to 12=strong),IC.LGL.CRED.XQ,,,,,,,,,,,,,,,,,,,,,,,,,,,,,,,,,,,,,,,,,,,,,,,,,,,,,,7,8,10,10,10,10
Marshall Islands,MHL,Strength of legal rights index (0=weak to 12=strong),IC.LGL.CRED.XQ,,,,,,,,,,,,,,,,,,,,,,,,,,,,,,,,,,,,,,,,,,,,,,,,,,,,,,10,10,10,10,10,10
Middle income,MIC,Strength of legal rights index (0=weak to 12=strong),IC.LGL.CRED.XQ,,,,,,,,,,,,,,,,,,,,,,,,,,,,,,,,,,,,,,,,,,,,,,,,,,,,,,4.5,4.653061224,4.908163265,5.051020408,5.489795918,5.724489796
"Macedonia, FYR",MKD,Strength of legal rights index (0=weak to 12=strong),IC.LGL.CRED.XQ,,,,,,,,,,,,,,,,,,,,,,,,,,,,,,,,,,,,,,,,,,,,,,,,,,,,,,6,6,6,10,10,10
Mali,MLI,Strength of legal rights index (0=weak to 12=strong),IC.LGL.CRED.XQ,,,,,,,,,,,,,,,,,,,,,,,,,,,,,,,,,,,,,,,,,,,,,,,,,,,,,,6,6,6,6,6,6
Malta,MLT,Strength of legal rights index (0=weak to 12=strong),IC.LGL.CRED.XQ,,,,,,,,,,,,,,,,,,,,,,,,,,,,,,,,,,,,,,,,,,,,,,,,,,,,,,2,2,2,2,2,2
Myanmar,MMR,Strength of legal rights index (0=weak to 12=strong),IC.LGL.CRED.XQ,,,,,,,,,,,,,,,,,,,,,,,,,,,,,,,,,,,,,,,,,,,,,,,,,,,,,,2,2,2,2,2,2
Middle East & North Africa (excluding high income),MNA,Strength of legal rights index (0=weak to 12=strong),IC.LGL.CRED.XQ,,,,,,,,,,,,,,,,,,,,,,,,,,,,,,,,,,,,,,,,,,,,,,,,,,,,,,1.153846154,1.153846154,1.153846154,1.153846154,1.769230769,2.307692308
Montenegro,MNE,Strength of legal rights index (0=weak to 12=strong),IC.LGL.CRED.XQ,,,,,,,,,,,,,,,,,,,,,,,,,,,,,,,,,,,,,,,,,,,,,,,,,,,,,,12,12,12,12,12,12
Mongolia,MNG,Strength of legal rights index (0=weak to 12=strong),IC.LGL.CRED.XQ,,,,,,,,,,,,,,,,,,,,,,,,,,,,,,,,,,,,,,,,,,,,,,,,,,,,,,5,5,5,5,9,9
Northern Mariana Islands,MNP,Strength of legal rights index (0=weak to 12=strong),IC.LGL.CRED.XQ,,,,,,,,,,,,,,,,,,,,,,,,,,,,,,,,,,,,,,,,,,,,,,,,,,,,,,,,,,,
Mozambique,MOZ,Strength of legal rights index (0=weak to 12=strong),IC.LGL.CRED.XQ,,,,,,,,,,,,,,,,,,,,,,,,,,,,,,,,,,,,,,,,,,,,,,,,,,,,,,1,1,1,1,1,1
Mauritania,MRT,Strength of legal rights index (0=weak to 12=strong),IC.LGL.CRED.XQ,,,,,,,,,,,,,,,,,,,,,,,,,,,,,,,,,,,,,,,,,,,,,,,,,,,,,,2,2,2,2,2,2
Mauritius,MUS,Strength of legal rights index (0=weak to 12=strong),IC.LGL.CRED.XQ,,,,,,,,,,,,,,,,,,,,,,,,,,,,,,,,,,,,,,,,,,,,,,,,,,,,,,6,6,6,6,6,6
Malawi,MWI,Strength of legal rights index (0=weak to 12=strong),IC.LGL.CRED.XQ,,,,,,,,,,,,,,,,,,,,,,,,,,,,,,,,,,,,,,,,,,,,,,,,,,,,,,5,5,5,9,11,11
Malaysia,MYS,Strength of legal rights index (0=weak to 12=strong),IC.LGL.CRED.XQ,,,,,,,,,,,,,,,,,,,,,,,,,,,,,,,,,,,,,,,,,,,,,,,,,,,,,,7,7,7,7,7,7
North America,NAC,Strength of legal rights index (0=weak to 12=strong),IC.LGL.CRED.XQ,,,,,,,,,,,,,,,,,,,,,,,,,,,,,,,,,,,,,,,,,,,,,,,,,,,,,,10,10,10,10,10,10
Namibia,NAM,Strength of legal rights index (0=weak to 12=strong),IC.LGL.CRED.XQ,,,,,,,,,,,,,,,,,,,,,,,,,,,,,,,,,,,,,,,,,,,,,,,,,,,,,,5,5,5,5,5,5
New Caledonia,NCL,Strength of legal rights index (0=weak to 12=strong),IC.LGL.CRED.XQ,,,,,,,,,,,,,,,,,,,,,,,,,,,,,,,,,,,,,,,,,,,,,,,,,,,,,,,,,,,
Niger,NER,Strength of legal rights index (0=weak to 12=strong),IC.LGL.CRED.XQ,,,,,,,,,,,,,,,,,,,,,,,,,,,,,,,,,,,,,,,,,,,,,,,,,,,,,,6,6,6,6,6,6
Nigeria,NGA,Strength of legal rights index (0=weak to 12=strong),IC.LGL.CRED.XQ,,,,,,,,,,,,,,,,,,,,,,,,,,,,,,,,,,,,,,,,,,,,,,,,,,,,,,6,6,6,6,9,9
Nicaragua,NIC,Strength of legal rights index (0=weak to 12=strong),IC.LGL.CRED.XQ,,,,,,,,,,,,,,,,,,,,,,,,,,,,,,,,,,,,,,,,,,,,,,,,,,,,,,1,1,1,1,1,2
Netherlands,NLD,Strength of legal rights index (0=weak to 12=strong),IC.LGL.CRED.XQ,,,,,,,,,,,,,,,,,,,,,,,,,,,,,,,,,,,,,,,,,,,,,,,,,,,,,,2,2,2,2,2,2
Norway,NOR,Strength of legal rights index (0=weak to 12=strong),IC.LGL.CRED.XQ,,,,,,,,,,,,,,,,,,,,,,,,,,,,,,,,,,,,,,,,,,,,,,,,,,,,,,5,5,5,5,5,5
Nepal,NPL,Strength of legal rights index (0=weak to 12=strong),IC.LGL.CRED.XQ,,,,,,,,,,,,,,,,,,,,,,,,,,,,,,,,,,,,,,,,,,,,,,,,,,,,,,6,6,6,6,10,10
Nauru,NRU,Strength of legal rights index (0=weak to 12=strong),IC.LGL.CRED.XQ,,,,,,,,,,,,,,,,,,,,,,,,,,,,,,,,,,,,,,,,,,,,,,,,,,,,,,,,,,,
New Zealand,NZL,Strength of legal rights index (0=weak to 12=strong),IC.LGL.CRED.XQ,,,,,,,,,,,,,,,,,,,,,,,,,,,,,,,,,,,,,,,,,,,,,,,,,,,,,,12,12,12,12,12,12
OECD members,OED,Strength of legal rights index (0=weak to 12=strong),IC.LGL.CRED.XQ,,,,,,,,,,,,,,,,,,,,,,,,,,,,,,,,,,,,,,,,,,,,,,,,,,,,,,5.777777778,5.944444444,6,6,6.055555556,6.25
Oman,OMN,Strength of legal rights index (0=weak to 12=strong),IC.LGL.CRED.XQ,,,,,,,,,,,,,,,,,,,,,,,,,,,,,,,,,,,,,,,,,,,,,,,,,,,,,,1,1,1,1,1,1
Other small states,OSS,Strength of legal rights index (0=weak to 12=strong),IC.LGL.CRED.XQ,,,,,,,,,,,,,,,,,,,,,,,,,,,,,,,,,,,,,,,,,,,,,,,,,,,,,,3.961538462,3.961538462,3.961538462,4.115384615,4.384615385,4.538461538
Pakistan,PAK,Strength of legal rights index (0=weak to 12=strong),IC.LGL.CRED.XQ,,,,,,,,,,,,,,,,,,,,,,,,,,,,,,,,,,,,,,,,,,,,,,,,,,,,,,2,2,2,2,2,2
Panama,PAN,Strength of legal rights index (0=weak to 12=strong),IC.LGL.CRED.XQ,,,,,,,,,,,,,,,,,,,,,,,,,,,,,,,,,,,,,,,,,,,,,,,,,,,,,,4,7,7,7,8,8
Peru,PER,Strength of legal rights index (0=weak to 12=strong),IC.LGL.CRED.XQ,,,,,,,,,,,,,,,,,,,,,,,,,,,,,,,,,,,,,,,,,,,,,,,,,,,,,,7,7,7,7,7,7
Philippines,PHL,Strength of legal rights index (0=weak to 12=strong),IC.LGL.CRED.XQ,,,,,,,,,,,,,,,,,,,,,,,,,,,,,,,,,,,,,,,,,,,,,,,,,,,,,,1,1,1,1,1,1
Palau,PLW,Strength of legal rights index (0=weak to 12=strong),IC.LGL.CRED.XQ,,,,,,,,,,,,,,,,,,,,,,,,,,,,,,,,,,,,,,,,,,,,,,,,,,,,,,10,10,10,10,10,10
Papua New Guinea,PNG,Strength of legal rights index (0=weak to 12=strong),IC.LGL.CRED.XQ,,,,,,,,,,,,,,,,,,,,,,,,,,,,,,,,,,,,,,,,,,,,,,,,,,,,,,3,3,3,9,9,9
Poland,POL,Strength of legal rights index (0=weak to 12=strong),IC.LGL.CRED.XQ,,,,,,,,,,,,,,,,,,,,,,,,,,,,,,,,,,,,,,,,,,,,,,,,,,,,,,7,7,7,7,7,7
Pre-demographic dividend,PRE,Strength of legal rights index (0=weak to 12=strong),IC.LGL.CRED.XQ,,,,,,,,,,,,,,,,,,,,,,,,,,,,,,,,,,,,,,,,,,,,,,,,,,,,,,4.611111111,4.611111111,4.621621622,4.810810811,5.054054054,5.216216216
Puerto Rico,PRI,Strength of legal rights index (0=weak to 12=strong),IC.LGL.CRED.XQ,,,,,,,,,,,,,,,,,,,,,,,,,,,,,,,,,,,,,,,,,,,,,,,,,,,,,,11,11,11,11,12,12
"Korea, Dem. People’s Rep.",PRK,Strength of legal rights index (0=weak to 12=strong),IC.LGL.CRED.XQ,,,,,,,,,,,,,,,,,,,,,,,,,,,,,,,,,,,,,,,,,,,,,,,,,,,,,,,,,,,
Portugal,PRT,Strength of legal rights index (0=weak to 12=strong),IC.LGL.CRED.XQ,,,,,,,,,,,,,,,,,,,,,,,,,,,,,,,,,,,,,,,,,,,,,,,,,,,,,,2,2,2,2,2,2
Paraguay,PRY,Strength of legal rights index (0=weak to 12=strong),IC.LGL.CRED.XQ,,,,,,,,,,,,,,,,,,,,,,,,,,,,,,,,,,,,,,,,,,,,,,,,,,,,,,2,1,1,1,1,1
West Bank and Gaza,PSE,Strength of legal rights index (0=weak to 12=strong),IC.LGL.CRED.XQ,,,,,,,,,,,,,,,,,,,,,,,,,,,,,,,,,,,,,,,,,,,,,,,,,,,,,,0,0,0,0,8,8
Pacific island small states,PSS,Strength of legal rights index (0=weak to 12=strong),IC.LGL.CRED.XQ,,,,,,,,,,,,,,,,,,,,,,,,,,,,,,,,,,,,,,,,,,,,,,,,,,,,,,8.222222222,8.222222222,8.222222222,8.333333333,8.777777778,8.777777778
Post-demographic dividend,PST,Strength of legal rights index (0=weak to 12=strong),IC.LGL.CRED.XQ,,,,,,,,,,,,,,,,,,,,,,,,,,,,,,,,,,,,,,,,,,,,,,,,,,,,,,5.694444444,5.833333333,5.861111111,5.861111111,5.916666667,6.027777778
French Polynesia,PYF,Strength of legal rights index (0=weak to 12=strong),IC.LGL.CRED.XQ,,,,,,,,,,,,,,,,,,,,,,,,,,,,,,,,,,,,,,,,,,,,,,,,,,,,,,,,,,,
Qatar,QAT,Strength of legal rights index (0=weak to 12=strong),IC.LGL.CRED.XQ,,,,,,,,,,,,,,,,,,,,,,,,,,,,,,,,,,,,,,,,,,,,,,,,,,,,,,1,1,1,1,1,1
Romania,ROU,Strength of legal rights index (0=weak to 12=strong),IC.LGL.CRED.XQ,,,,,,,,,,,,,,,,,,,,,,,,,,,,,,,,,,,,,,,,,,,,,,,,,,,,,,9,9,9,9,9,9
Russian Federation,RUS,Strength of legal rights index (0=weak to 12=strong),IC.LGL.CRED.XQ,,,,,,,,,,,,,,,,,,,,,,,,,,,,,,,,,,,,,,,,,,,,,,,,,,,,,,4,4,7,7,9,9
Rwanda,RWA,Strength of legal rights index (0=weak to 12=strong),IC.LGL.CRED.XQ,,,,,,,,,,,,,,,,,,,,,,,,,,,,,,,,,,,,,,,,,,,,,,,,,,,,,,9,10,10,10,10,11
South Asia,SAS,Strength of legal rights index (0=weak to 12=strong),IC.LGL.CRED.XQ,,,,,,,,,,,,,,,,,,,,,,,,,,,,,,,,,,,,,,,,,,,,,,,,,,,,,,4.5,4.5,4.5,4.5,5.25,5.5
Saudi Arabia,SAU,Strength of legal rights index (0=weak to 12=strong),IC.LGL.CRED.XQ,,,,,,,,,,,,,,,,,,,,,,,,,,,,,,,,,,,,,,,,,,,,,,,,,,,,,,1,1,1,1,1,1
Sudan,SDN,Strength of legal rights index (0=weak to 12=strong),IC.LGL.CRED.XQ,,,,,,,,,,,,,,,,,,,,,,,,,,,,,,,,,,,,,,,,,,,,,,,,,,,,,,3,3,3,3,3,5
Senegal,SEN,Strength of legal rights index (0=weak to 12=strong),IC.LGL.CRED.XQ,,,,,,,,,,,,,,,,,,,,,,,,,,,,,,,,,,,,,,,,,,,,,,,,,,,,,,6,6,6,6,6,6
Singapore,SGP,Strength of legal rights index (0=weak to 12=strong),IC.LGL.CRED.XQ,,,,,,,,,,,,,,,,,,,,,,,,,,,,,,,,,,,,,,,,,,,,,,,,,,,,,,8,8,8,8,8,8
Solomon Islands,SLB,Strength of legal rights index (0=weak to 12=strong),IC.LGL.CRED.XQ,,,,,,,,,,,,,,,,,,,,,,,,,,,,,,,,,,,,,,,,,,,,,,,,,,,,,,10,10,10,10,10,10
Sierra Leone,SLE,Strength of legal rights index (0=weak to 12=strong),IC.LGL.CRED.XQ,,,,,,,,,,,,,,,,,,,,,,,,,,,,,,,,,,,,,,,,,,,,,,,,,,,,,,5,5,5,5,5,5
El Salvador,SLV,Strength of legal rights index (0=weak to 12=strong),IC.LGL.CRED.XQ,,,,,,,,,,,,,,,,,,,,,,,,,,,,,,,,,,,,,,,,,,,,,,,,,,,,,,3,3,9,9,9,9
San Marino,SMR,Strength of legal rights index (0=weak to 12=strong),IC.LGL.CRED.XQ,,,,,,,,,,,,,,,,,,,,,,,,,,,,,,,,,,,,,,,,,,,,,,,,,,,,,,1,1,1,1,1,1
Somalia,SOM,Strength of legal rights index (0=weak to 12=strong),IC.LGL.CRED.XQ,,,,,,,,,,,,,,,,,,,,,,,,,,,,,,,,,,,,,,,,,,,,,,,,,,,,,,,,0,0,0,0
Serbia,SRB,Strength of legal rights index (0=weak to 12=strong),IC.LGL.CRED.XQ,,,,,,,,,,,,,,,,,,,,,,,,,,,,,,,,,,,,,,,,,,,,,,,,,,,,,,6,6,6,6,6,6
Sub-Saharan Africa (excluding high income),SSA,Strength of legal rights index (0=weak to 12=strong),IC.LGL.CRED.XQ,,,,,,,,,,,,,,,,,,,,,,,,,,,,,,,,,,,,,,,,,,,,,,,,,,,,,,4.717391304,4.739130435,4.744680851,4.893617021,5.085106383,5.212765957
South Sudan,SSD,Strength of legal rights index (0=weak to 12=strong),IC.LGL.CRED.XQ,,,,,,,,,,,,,,,,,,,,,,,,,,,,,,,,,,,,,,,,,,,,,,,,,,,,,,2,2,2,2,2,2
Sub-Saharan Africa,SSF,Strength of legal rights index (0=weak to 12=strong),IC.LGL.CRED.XQ,,,,,,,,,,,,,,,,,,,,,,,,,,,,,,,,,,,,,,,,,,,,,,,,,,,,,,4.659574468,4.680851064,4.6875,4.833333333,5.020833333,5.145833333
Small states,SST,Strength of legal rights index (0=weak to 12=strong),IC.LGL.CRED.XQ,,,,,,,,,,,,,,,,,,,,,,,,,,,,,,,,,,,,,,,,,,,,,,,,,,,,,,5.041666667,5.145833333,5.125,5.229166667,5.458333333,5.541666667
Sao Tome and Principe,STP,Strength of legal rights index (0=weak to 12=strong),IC.LGL.CRED.XQ,,,,,,,,,,,,,,,,,,,,,,,,,,,,,,,,,,,,,,,,,,,,,,,,,,,,,,0,0,0,0,0,0
Suriname,SUR,Strength of legal rights index (0=weak to 12=strong),IC.LGL.CRED.XQ,,,,,,,,,,,,,,,,,,,,,,,,,,,,,,,,,,,,,,,,,,,,,,,,,,,,,,2,2,2,2,2,2
Slovak Republic,SVK,Strength of legal rights index (0=weak to 12=strong),IC.LGL.CRED.XQ,,,,,,,,,,,,,,,,,,,,,,,,,,,,,,,,,,,,,,,,,,,,,,,,,,,,,,7,7,7,7,7,7
Slovenia,SVN,Strength of legal rights index (0=weak to 12=strong),IC.LGL.CRED.XQ,,,,,,,,,,,,,,,,,,,,,,,,,,,,,,,,,,,,,,,,,,,,,,,,,,,,,,3,3,3,3,3,3
Sweden,SWE,Strength of legal rights index (0=weak to 12=strong),IC.LGL.CRED.XQ,,,,,,,,,,,,,,,,,,,,,,,,,,,,,,,,,,,,,,,,,,,,,,,,,,,,,,6,6,6,6,6,6
Eswatini,SWZ,Strength of legal rights index (0=weak to 12=strong),IC.LGL.CRED.XQ,,,,,,,,,,,,,,,,,,,,,,,,,,,,,,,,,,,,,,,,,,,,,,,,,,,,,,4,4,4,4,4,4
Sint Maarten (Dutch part),SXM,Strength of legal rights index (0=weak to 12=strong),IC.LGL.CRED.XQ,,,,,,,,,,,,,,,,,,,,,,,,,,,,,,,,,,,,,,,,,,,,,,,,,,,,,,,,,,,
Seychelles,SYC,Strength of legal rights index (0=weak to 12=strong),IC.LGL.CRED.XQ,,,,,,,,,,,,,,,,,,,,,,,,,,,,,,,,,,,,,,,,,,,,,,,,,,,,,,2,2,2,2,2,2
Syrian Arab Republic,SYR,Strength of legal rights index (0=weak to 12=strong),IC.LGL.CRED.XQ,,,,,,,,,,,,,,,,,,,,,,,,,,,,,,,,,,,,,,,,,,,,,,,,,,,,,,1,1,1,1,1,1
Turks and Caicos Islands,TCA,Strength of legal rights index (0=weak to 12=strong),IC.LGL.CRED.XQ,,,,,,,,,,,,,,,,,,,,,,,,,,,,,,,,,,,,,,,,,,,,,,,,,,,,,,,,,,,
Chad,TCD,Strength of legal rights index (0=weak to 12=strong),IC.LGL.CRED.XQ,,,,,,,,,,,,,,,,,,,,,,,,,,,,,,,,,,,,,,,,,,,,,,,,,,,,,,6,6,6,6,6,6
East Asia & Pacific (IDA & IBRD countries),TEA,Strength of legal rights index (0=weak to 12=strong),IC.LGL.CRED.XQ,,,,,,,,,,,,,,,,,,,,,,,,,,,,,,,,,,,,,,,,,,,,,,,,,,,,,,5.80952381,6,6.047619048,6.428571429,7.047619048,7.047619048
Europe & Central Asia (IDA & IBRD countries),TEC,Strength of legal rights index (0=weak to 12=strong),IC.LGL.CRED.XQ,,,,,,,,,,,,,,,,,,,,,,,,,,,,,,,,,,,,,,,,,,,,,,,,,,,,,,5.818181818,5.772727273,6.181818182,6.454545455,7.045454545,7.454545455
Togo,TGO,Strength of legal rights index (0=weak to 12=strong),IC.LGL.CRED.XQ,,,,,,,,,,,,,,,,,,,,,,,,,,,,,,,,,,,,,,,,,,,,,,,,,,,,,,6,6,6,6,6,6
Thailand,THA,Strength of legal rights index (0=weak to 12=strong),IC.LGL.CRED.XQ,,,,,,,,,,,,,,,,,,,,,,,,,,,,,,,,,,,,,,,,,,,,,,,,,,,,,,3,3,3,3,7,7
Tajikistan,TJK,Strength of legal rights index (0=weak to 12=strong),IC.LGL.CRED.XQ,,,,,,,,,,,,,,,,,,,,,,,,,,,,,,,,,,,,,,,,,,,,,,,,,,,,,,1,1,1,1,1,1
Turkmenistan,TKM,Strength of legal rights index (0=weak to 12=strong),IC.LGL.CRED.XQ,,,,,,,,,,,,,,,,,,,,,,,,,,,,,,,,,,,,,,,,,,,,,,,,,,,,,,,,,,,
Latin America & the Caribbean (IDA & IBRD countries),TLA,Strength of legal rights index (0=weak to 12=strong),IC.LGL.CRED.XQ,,,,,,,,,,,,,,,,,,,,,,,,,,,,,,,,,,,,,,,,,,,,,,,,,,,,,,3.966666667,4.5,5,5,5.033333333,5.066666667
Timor-Leste,TLS,Strength of legal rights index (0=weak to 12=strong),IC.LGL.CRED.XQ,,,,,,,,,,,,,,,,,,,,,,,,,,,,,,,,,,,,,,,,,,,,,,,,,,,,,,0,0,0,0,0,0
Middle East & North Africa (IDA & IBRD countries),TMN,Strength of legal rights index (0=weak to 12=strong),IC.LGL.CRED.XQ,,,,,,,,,,,,,,,,,,,,,,,,,,,,,,,,,,,,,,,,,,,,,,,,,,,,,,1.25,1.25,1.25,1.25,1.25,1.833333333
Tonga,TON,Strength of legal rights index (0=weak to 12=strong),IC.LGL.CRED.XQ,,,,,,,,,,,,,,,,,,,,,,,,,,,,,,,,,,,,,,,,,,,,,,,,,,,,,,10,10,10,10,10,10
South Asia (IDA & IBRD),TSA,Strength of legal rights index (0=weak to 12=strong),IC.LGL.CRED.XQ,,,,,,,,,,,,,,,,,,,,,,,,,,,,,,,,,,,,,,,,,,,,,,,,,,,,,,4.5,4.5,4.5,4.5,5.25,5.5
Sub-Saharan Africa (IDA & IBRD countries),TSS,Strength of legal rights index (0=weak to 12=strong),IC.LGL.CRED.XQ,,,,,,,,,,,,,,,,,,,,,,,,,,,,,,,,,,,,,,,,,,,,,,,,,,,,,,4.659574468,4.680851064,4.6875,4.833333333,5.020833333,5.145833333
Trinidad and Tobago,TTO,Strength of legal rights index (0=weak to 12=strong),IC.LGL.CRED.XQ,,,,,,,,,,,,,,,,,,,,,,,,,,,,,,,,,,,,,,,,,,,,,,,,,,,,,,6,7,7,7,7,7
Tunisia,TUN,Strength of legal rights index (0=weak to 12=strong),IC.LGL.CRED.XQ,,,,,,,,,,,,,,,,,,,,,,,,,,,,,,,,,,,,,,,,,,,,,,,,,,,,,,3,3,3,3,3,3
Turkey,TUR,Strength of legal rights index (0=weak to 12=strong),IC.LGL.CRED.XQ,,,,,,,,,,,,,,,,,,,,,,,,,,,,,,,,,,,,,,,,,,,,,,,,,,,,,,2,2,2,2,4,7
Tuvalu,TUV,Strength of legal rights index (0=weak to 12=strong),IC.LGL.CRED.XQ,,,,,,,,,,,,,,,,,,,,,,,,,,,,,,,,,,,,,,,,,,,,,,,,,,,,,,,,,,,
Tanzania,TZA,Strength of legal rights index (0=weak to 12=strong),IC.LGL.CRED.XQ,,,,,,,,,,,,,,,,,,,,,,,,,,,,,,,,,,,,,,,,,,,,,,,,,,,,,,5,5,5,5,5,5
Uganda,UGA,Strength of legal rights index (0=weak to 12=strong),IC.LGL.CRED.XQ,,,,,,,,,,,,,,,,,,,,,,,,,,,,,,,,,,,,,,,,,,,,,,,,,,,,,,5,5,5,5,5,5
Ukraine,UKR,Strength of legal rights index (0=weak to 12=strong),IC.LGL.CRED.XQ,,,,,,,,,,,,,,,,,,,,,,,,,,,,,,,,,,,,,,,,,,,,,,,,,,,,,,8,8,8,8,8,8
Upper middle income,UMC,Strength of legal rights index (0=weak to 12=strong),IC.LGL.CRED.XQ,,,,,,,,,,,,,,,,,,,,,,,,,,,,,,,,,,,,,,,,,,,,,,,,,,,,,,4.509803922,4.725490196,4.980392157,5.098039216,5.450980392,5.62745098
Uruguay,URY,Strength of legal rights index (0=weak to 12=strong),IC.LGL.CRED.XQ,,,,,,,,,,,,,,,,,,,,,,,,,,,,,,,,,,,,,,,,,,,,,,,,,,,,,,4,4,4,4,4,4
United States,USA,Strength of legal rights index (0=weak to 12=strong),IC.LGL.CRED.XQ,,,,,,,,,,,,,,,,,,,,,,,,,,,,,,,,,,,,,,,,,,,,,,,,,,,,,,11,11,11,11,11,11
Uzbekistan,UZB,Strength of legal rights index (0=weak to 12=strong),IC.LGL.CRED.XQ,,,,,,,,,,,,,,,,,,,,,,,,,,,,,,,,,,,,,,,,,,,,,,,,,,,,,,1,1,6,6,6,6
St. Vincent and the Grenadines,VCT,Strength of legal rights index (0=weak to 12=strong),IC.LGL.CRED.XQ,,,,,,,,,,,,,,,,,,,,,,,,,,,,,,,,,,,,,,,,,,,,,,,,,,,,,,5,5,5,5,5,5
"Venezuela, RB",VEN,Strength of legal rights index (0=weak to 12=strong),IC.LGL.CRED.XQ,,,,,,,,,,,,,,,,,,,,,,,,,,,,,,,,,,,,,,,,,,,,,,,,,,,,,,1,1,1,1,1,1
British Virgin Islands,VGB,Strength of legal rights index (0=weak to 12=strong),IC.LGL.CRED.XQ,,,,,,,,,,,,,,,,,,,,,,,,,,,,,,,,,,,,,,,,,,,,,,,,,,,,,,,,,,,
Virgin Islands (U.S.),VIR,Strength of legal rights index (0=weak to 12=strong),IC.LGL.CRED.XQ,,,,,,,,,,,,,,,,,,,,,,,,,,,,,,,,,,,,,,,,,,,,,,,,,,,,,,,,,,,
Vietnam,VNM,Strength of legal rights index (0=weak to 12=strong),IC.LGL.CRED.XQ,,,,,,,,,,,,,,,,,,,,,,,,,,,,,,,,,,,,,,,,,,,,,,,,,,,,,,7,7,7,7,8,8
Vanuatu,VUT,Strength of legal rights index (0=weak to 12=strong),IC.LGL.CRED.XQ,,,,,,,,,,,,,,,,,,,,,,,,,,,,,,,,,,,,,,,,,,,,,,,,,,,,,,10,10,10,11,11,11
World,WLD,Strength of legal rights index (0=weak to 12=strong),IC.LGL.CRED.XQ,,,,,,,,,,,,,,,,,,,,,,,,,,,,,,,,,,,,,,,,,,,,,,,,,,,,,,4.708994709,4.841269841,4.978947368,5.084210526,5.389473684,5.563157895
Samoa,WSM,Strength of legal rights index (0=weak to 12=strong),IC.LGL.CRED.XQ,,,,,,,,,,,,,,,,,,,,,,,,,,,,,,,,,,,,,,,,,,,,,,,,,,,,,,5,5,5,5,9,9
Kosovo,XKX,Strength of legal rights index (0=weak to 12=strong),IC.LGL.CRED.XQ,,,,,,,,,,,,,,,,,,,,,,,,,,,,,,,,,,,,,,,,,,,,,,,,,,,,,,9,9,9,9,11,11
"Yemen, Rep.",YEM,Strength of legal rights index (0=weak to 12=strong),IC.LGL.CRED.XQ,,,,,,,,,,,,,,,,,,,,,,,,,,,,,,,,,,,,,,,,,,,,,,,,,,,,,,0,0,0,0,0,0
South Africa,ZAF,Strength of legal rights index (0=weak to 12=strong),IC.LGL.CRED.XQ,,,,,,,,,,,,,,,,,,,,,,,,,,,,,,,,,,,,,,,,,,,,,,,,,,,,,,5,5,5,5,5,5
Zambia,ZMB,Strength of legal rights index (0=weak to 12=strong),IC.LGL.CRED.XQ,,,,,,,,,,,,,,,,,,,,,,,,,,,,,,,,,,,,,,,,,,,,,,,,,,,,,,7,7,7,7,11,11
Zimbabwe,ZWE,Strength of legal rights index (0=weak to 12=strong),IC.LGL.CRED.XQ,,,,,,,,,,,,,,,,,,,,,,,,,,,,,,,,,,,,,,,,,,,,,,,,,,,,,,5,5,5,5,5,5
