"","Country","Year","AVGHouseSize"
"1","Afghanistan",2015,8.03673885632185
"2","Albania",2009,3.8238029493025
"3","Albania",2010,3.83955307476312
"4","Albania",2011,3.85530320022374
"5","Angola",2007,5.6909308539993
"6","Angola",2008,5.47675379476195
"7","Angola",2009,5.38215855855228
"8","Angola",2010,5.28756332234261
"9","Angola",2011,4.97772080468294
"10","Angola",2012,5.09837284992324
"11","Angola",2013,5.00377761371357
"12","Angola",2014,4.9091823775039
"13","Angola",2015,4.81458714129423
"14","Angola",2016,4.81565736350675
"15","Argentina",2001,3.5657996726814
"16","Argentina",2002,3.53166906109938
"17","Argentina",2003,3.49753844951739
"18","Argentina",2004,3.46340783793541
"19","Argentina",2005,3.42927722635342
"20","Argentina",2006,3.39514661477143
"21","Argentina",2007,3.36101600318943
"22","Argentina",2008,3.32688539160745
"23","Argentina",2009,3.29275478002546
"24","Argentina",2010,3.25862416844349
"25","Armenia",2000,4.34263061869733
"26","Armenia",2001,4.06055804968645
"27","Armenia",2002,4.08107660668401
"28","Armenia",2003,4.04007866539177
"29","Armenia",2004,3.99908072409954
"30","Armenia",2005,3.7638500089367
"31","Armenia",2006,3.91708484151508
"32","Armenia",2007,3.87608690022284
"33","Armenia",2008,3.83508895893061
"34","Armenia",2009,3.79409101763838
"35","Armenia",2010,3.55851527875103
"36","Armenia",2011,3.98286407538072
"37","Aruba",2010,2.88944680362676
"38","Australia",2006,2.50214358761596
"39","Australia",2007,2.5026620988289
"40","Australia",2008,2.50318061004183
"41","Australia",2009,2.50369912125477
"42","Australia",2010,2.5042176324677
"43","Australia",2011,2.50473614368064
"44","Austria",1991,2.54644358963296
"45","Austria",1992,2.52782463585147
"46","Austria",1993,2.51391340680228
"47","Austria",1994,2.50000217775309
"48","Austria",1995,2.4860909487039
"49","Austria",1996,2.47217971965471
"50","Austria",1997,2.45826849060552
"51","Austria",1998,2.44435726155633
"52","Austria",1999,2.43044603250714
"53","Austria",2000,2.41653480345795
"54","Austria",2001,2.39320812494415
"55","Austria",2002,2.38871234535957
"56","Austria",2003,2.37480111631038
"57","Austria",2004,2.36088988726119
"58","Austria",2005,2.346978658212
"59","Austria",2006,2.33306742916281
"60","Austria",2007,2.31915620011362
"61","Austria",2008,2.30524497106443
"62","Austria",2009,2.29133374201524
"63","Austria",2010,2.27742251296606
"64","Austria",2011,2.26821900864917
"65","Azerbaijan",2006,4.14886655896662
"66","Azerbaijan",2007,4.28208726350101
"67","Azerbaijan",2008,4.41530796803528
"68","Azerbaijan",2009,4.54852867256945
"69","Bangladesh",1991,5.45096884554661
"70","Bangladesh",1992,5.472389085236
"71","Bangladesh",1993,5.42454435976806
"72","Bangladesh",1994,5.45601133747563
"73","Bangladesh",1995,5.32885490883221
"74","Bangladesh",1996,5.28101018336427
"75","Bangladesh",1997,5.29612846934196
"76","Bangladesh",1998,5.18532073242841
"77","Bangladesh",1999,5.13747600696048
"78","Bangladesh",2000,5.17261939997803
"79","Bangladesh",2001,4.85150437991022
"80","Bangladesh",2002,4.99394183055669
"81","Bangladesh",2003,4.94609710508877
"82","Bangladesh",2004,4.96469874107446
"83","Bangladesh",2005,4.8504076541529
"84","Bangladesh",2006,4.80256292868498
"85","Bangladesh",2007,4.71223651814254
"86","Bangladesh",2008,4.70687347774911
"87","Bangladesh",2009,4.65902875228117
"88","Bangladesh",2010,4.61118402681325
"89","Bangladesh",2011,4.52374988541552
"90","Bangladesh",2012,4.51549457587738
"91","Bangladesh",2013,4.46764985040946
"92","Bangladesh",2014,4.46971417265744
"93","Belarus",1999,2.59846165720075
"94","Belarus",2000,2.58407495003567
"95","Belarus",2001,2.56968824287059
"96","Belarus",2002,2.55530153570552
"97","Belarus",2003,2.54091482854044
"98","Belarus",2004,2.52652812137536
"99","Belarus",2005,2.51214141421029
"100","Belarus",2006,2.49775470704521
"101","Belarus",2007,2.48336799988013
"102","Belarus",2008,2.46898129271506
"103","Belarus",2009,2.45459458554997
"104","Belgium",2001,2.38172898669985
"105","Belgium",2002,2.37787471765275
"106","Belgium",2003,2.37402044860565
"107","Belgium",2004,2.37016617955856
"108","Belgium",2005,2.36631191051146
"109","Belgium",2006,2.36245764146437
"110","Belgium",2007,2.35860337241727
"111","Belgium",2008,2.35474910337018
"112","Belgium",2009,2.35089483432308
"113","Belgium",2010,2.34704056527598
"114","Belgium",2011,2.34318629622889
"115","Benin",1996,6.00058547422539
"116","Benin",1997,5.70484456892717
"117","Benin",1998,5.64463674142219
"118","Benin",1999,5.58442891391721
"119","Benin",2000,5.52422108641224
"120","Benin",2001,5.18423668537681
"121","Benin",2002,5.40380543140229
"122","Benin",2003,5.34359760389731
"123","Benin",2004,5.28338977639234
"124","Benin",2005,5.22318194888736
"125","Benin",2006,5.04780963207282
"126","Benin",2007,5.10276629387741
"127","Benin",2008,5.04255846637244
"128","Benin",2009,4.98235063886746
"129","Benin",2010,4.92214281136249
"130","Benin",2011,4.86193498385751
"131","Benin",2012,4.96113514139926
"132","Bermuda",2000,2.46775091458565
"133","Bermuda",2001,2.45957107625638
"134","Bermuda",2002,2.45139123792711
"135","Bermuda",2003,2.44321139959784
"136","Bermuda",2004,2.43503156126857
"137","Bermuda",2005,2.4268517229393
"138","Bermuda",2006,2.41867188461003
"139","Bermuda",2007,2.41049204628076
"140","Bermuda",2008,2.40231220795149
"141","Bermuda",2009,2.39413236962222
"142","Bermuda",2010,2.38595253129295
"143","Bolivia",1992,4.35450401532811
"144","Bolivia",1993,4.49014767520073
"145","Bolivia",1994,4.52418599423256
"146","Bolivia",1995,4.40593052461007
"147","Bolivia",1996,4.36382194931474
"148","Bolivia",1997,4.3217133740194
"149","Bolivia",1998,4.35731595924987
"150","Bolivia",1999,4.23749622342874
"151","Bolivia",2000,4.1953876481334
"152","Bolivia",2001,4.09074218084637
"153","Bolivia",2002,4.11117049754274
"154","Bolivia",2003,4.22908655112444
"155","Bolivia",2004,4.02695334695207
"156","Bolivia",2005,3.98484477165674
"157","Bolivia",2006,3.94273619636141
"158","Bolivia",2007,3.90062762106608
"159","Bolivia",2008,3.94455117330223
"160","Bolivia",2009,3.81641047047542
"161","Bolivia",2010,3.77430189518009
"162","Bolivia",2011,3.73219331988474
"163","Bolivia",2012,3.5304590604877
"164","Botswana",1991,4.7310282404055
"165","Botswana",1992,4.67162058559084
"166","Botswana",1993,4.61127032435198
"167","Botswana",1994,4.5509200631131
"168","Botswana",1995,4.49056980187423
"169","Botswana",1996,4.43021954063536
"170","Botswana",1997,4.3698692793965
"171","Botswana",1998,4.30951901815762
"172","Botswana",1999,4.24916875691875
"173","Botswana",2000,4.18881849567988
"174","Botswana",2001,4.13035344728938
"175","Botswana",2002,4.06811797320213
"176","Botswana",2003,4.00776771196327
"177","Botswana",2004,3.9474174507244
"178","Botswana",2005,3.88706718948553
"179","Botswana",2006,3.82671692824665
"180","Botswana",2007,3.76636666700779
"181","Botswana",2008,3.70601640576892
"182","Botswana",2009,3.64566614453005
"183","Botswana",2010,3.58531588329117
"184","Botswana",2011,3.52402301562812
"185","Brazil",1991,4.47156323684339
"186","Brazil",1992,4.34520131104426
"187","Brazil",1993,4.28484675380054
"188","Brazil",1994,4.22449219655681
"189","Brazil",1995,4.16413763931308
"190","Brazil",1996,4.0869428556502
"191","Brazil",1997,4.04342852482561
"192","Brazil",1998,3.98307396758189
"193","Brazil",1999,3.92271941033816
"194","Brazil",2000,3.76052716982598
"195","Brazil",2001,3.80201029585071
"196","Brazil",2002,3.74165573860698
"197","Brazil",2003,3.68130118136325
"198","Brazil",2004,3.62094662411951
"199","Brazil",2005,3.56059206687578
"200","Brazil",2006,3.50023750963206
"201","Brazil",2007,3.43988295238833
"202","Brazil",2008,3.3795283951446
"203","Brazil",2009,3.31917383790088
"204","Brazil",2010,3.31148982178934
"205","Bulgaria",2001,2.7482777787079
"206","Bulgaria",2002,2.70721248878614
"207","Bulgaria",2003,2.66614719886441
"208","Bulgaria",2004,2.62508190894268
"209","Bulgaria",2005,2.58401661902094
"210","Bulgaria",2006,2.54295132909921
"211","Bulgaria",2007,2.50188603917748
"212","Bulgaria",2008,2.46082074925575
"213","Bulgaria",2009,2.41975545933401
"214","Bulgaria",2010,2.37869016941228
"215","Bulgaria",2011,2.33762487949056
"216","Burkina Faso",1985,6.23470028812201
"217","Burkina Faso",1986,6.64848294879499
"218","Burkina Faso",1987,6.62308559346921
"219","Burkina Faso",1988,6.59768823814342
"220","Burkina Faso",1989,6.57229088281763
"221","Burkina Faso",1990,6.54689352749185
"222","Burkina Faso",1991,6.52149617216607
"223","Burkina Faso",1992,6.49609881684028
"224","Burkina Faso",1993,6.65748217116448
"225","Burkina Faso",1994,6.44530410618871
"226","Burkina Faso",1995,6.41990675086292
"227","Burkina Faso",1996,6.55119057114284
"228","Burkina Faso",1997,6.36911204021135
"229","Burkina Faso",1998,6.34371468488557
"230","Burkina Faso",1999,6.72738555058574
"231","Burkina Faso",2000,6.292919974234
"232","Burkina Faso",2001,6.26752261890821
"233","Burkina Faso",2002,6.24212526358242
"234","Burkina Faso",2003,6.48504069707352
"235","Burkina Faso",2004,6.19133055293085
"236","Burkina Faso",2005,6.16593319760506
"237","Burkina Faso",2006,5.93582028981487
"238","Burkina Faso",2007,6.1151384869535
"239","Burkina Faso",2008,6.08974113162771
"240","Burkina Faso",2009,6.06434377630193
"241","Burkina Faso",2010,5.67490262791517
"242","Burkina Faso",2011,6.01354906565035
"243","Burkina Faso",2012,5.98815171032457
"244","Burkina Faso",2013,5.96275435499878
"245","Burkina Faso",2014,5.9244534660988
"246","Burundi",2010,4.78231067655687
"247","Burundi",2011,4.76389191689946
"248","Burundi",2012,4.73107358847032
"249","Burundi",2013,4.78465267267156
"250","Burundi",2014,4.79503305055762
"251","Burundi",2015,4.80541342844367
"252","Burundi",2016,4.83019337510145
"253","Cambodia",1998,5.1704663715709
"254","Cambodia",1999,5.23302580307141
"255","Cambodia",2000,5.37042894465729
"256","Cambodia",2001,5.14251399956272
"257","Cambodia",2002,5.09725809780839
"258","Cambodia",2003,5.05200219605405
"259","Cambodia",2004,5.0067462942997
"260","Cambodia",2005,4.95942668154008
"261","Cambodia",2006,4.91623449079103
"262","Cambodia",2007,4.87097858903668
"263","Cambodia",2008,4.67979045476002
"264","Cambodia",2009,4.78046678552801
"265","Cambodia",2010,4.7507072636475
"266","Cambodia",2011,4.68995498201933
"267","Cambodia",2012,4.64469908026499
"268","Cambodia",2013,4.59944317851065
"269","Cambodia",2014,4.61184313032466
"270","Cameroon",1987,5.14012776599149
"271","Cameroon",1988,5.40732973654463
"272","Cameroon",1989,5.38829303026643
"273","Cameroon",1990,5.36925632398825
"274","Cameroon",1991,5.60954412690787
"275","Cameroon",1992,5.33118291143187
"276","Cameroon",1993,5.31214620515368
"277","Cameroon",1994,5.29310949887549
"278","Cameroon",1995,5.2740727925973
"279","Cameroon",1996,5.25503608631912
"280","Cameroon",1997,5.23599938004093
"281","Cameroon",1998,5.49861893284275
"282","Cameroon",1999,5.19792596748455
"283","Cameroon",2000,5.17888926120636
"284","Cameroon",2001,5.15985255492817
"285","Cameroon",2002,5.14081584864999
"286","Cameroon",2003,5.1217791423718
"287","Cameroon",2004,4.79004059609065
"288","Cameroon",2005,5.11880899181116
"289","Cameroon",2006,5.06466902353723
"290","Cameroon",2007,5.04563231725904
"291","Cameroon",2008,5.02659561098086
"292","Cameroon",2009,5.00755890470267
"293","Cameroon",2010,4.98852219842448
"294","Cameroon",2011,4.99234197870694
"295","Canada",2001,2.55317554522084
"296","Canada",2002,2.54071482788359
"297","Canada",2003,2.53204325503814
"298","Canada",2004,2.5233716821927
"299","Canada",2005,2.51470010934725
"300","Canada",2006,2.49845024751819
"301","Canada",2007,2.49735696365635
"302","Canada",2008,2.48868539081091
"303","Canada",2009,2.48001381796546
"304","Canada",2010,2.47134224512001
"305","Canada",2011,2.46645981676637
"306","Central African Republic",1994,4.90678370265536
"307","Chad",1997,5.3323429640887
"308","Chad",1998,5.30150332430855
"309","Chad",1999,5.32736188529157
"310","Chad",2000,5.35322044627458
"311","Chad",2001,5.3790790072576
"312","Chad",2002,5.40493756824062
"313","Chad",2003,5.43079612922364
"314","Chad",2004,5.36387581623053
"315","Chad",2005,5.48251325118968
"316","Chad",2006,5.5083718121727
"317","Chad",2007,5.53423037315572
"318","Chad",2008,5.56008893413873
"319","Chad",2009,5.58594749512175
"320","Chad",2010,5.61180605610477
"321","Chad",2011,5.63766461708779
"322","Chad",2012,5.6635231780708
"323","Chad",2013,5.68938173905382
"324","Chad",2014,5.71524030003684
"325","Chad",2015,5.77717953423277
"326","Chile",1992,3.97592490269775
"327","Chile",1993,3.93583757717839
"328","Chile",1994,3.89575025165902
"329","Chile",1995,3.85566292613967
"330","Chile",1996,3.81557560062031
"331","Chile",1997,3.77548827510095
"332","Chile",1998,3.73540094958159
"333","Chile",1999,3.69531362406224
"334","Chile",2000,3.65522629854287
"335","Chile",2001,3.61513897302352
"336","Chile",2002,3.57505164750415
"337","China",1990,3.95479229735288
"338","China",1991,3.89775385173466
"339","China",1992,3.84071540611647
"340","China",1993,3.78367696049827
"341","China",1994,3.72663851488008
"342","China",1995,3.66960006926189
"343","China",1996,3.61256162364369
"344","China",1997,3.5555231780255
"345","China",1998,3.49848473240731
"346","China",1999,3.4414462867891
"347","China",2000,3.38440784117093
"348","Colombia",1985,5.0610396593861
"349","Colombia",1986,4.89072115482854
"350","Colombia",1987,4.84259045688147
"351","Colombia",1988,4.79445975893439
"352","Colombia",1989,4.74632906098732
"353","Colombia",1990,4.63600166162402
"354","Colombia",1991,4.65006766509319
"355","Colombia",1992,4.60193696714612
"356","Colombia",1993,4.4906056117601
"357","Colombia",1994,4.50567557125198
"358","Colombia",1995,4.43887584675401
"359","Colombia",1996,4.40941417535784
"360","Colombia",1997,4.36128347741078
"361","Colombia",1998,4.31315277946371
"362","Colombia",1999,4.26502208151663
"363","Colombia",2000,4.20315930101199
"364","Colombia",2001,4.1687606856225
"365","Colombia",2002,4.12062998767543
"366","Colombia",2003,4.07249928972836
"367","Colombia",2004,4.02436859178128
"368","Colombia",2005,3.94436028323932
"369","Colombia",2006,3.92810719588715
"370","Colombia",2007,3.87997649794008
"371","Colombia",2008,3.831845799993
"372","Colombia",2009,3.78371510204595
"373","Colombia",2010,3.77115153931451
"374","Colombia",2011,3.6874537061518
"375","Colombia",2012,3.63932300820473
"376","Colombia",2013,3.59119231025767
"377","Colombia",2014,3.54306161231059
"378","Colombia",2015,3.52685205109591
"379","Comoros",1996,6.31138790035587
"380","Comoros",1997,6.25265122591151
"381","Comoros",1998,6.19391455146713
"382","Comoros",1999,6.13517787702277
"383","Comoros",2000,6.07644120257841
"384","Comoros",2001,6.01770452813403
"385","Comoros",2002,5.95896785368967
"386","Comoros",2003,5.90023117924531
"387","Comoros",2004,5.84149450480095
"388","Comoros",2005,5.78275783035657
"389","Comoros",2006,5.72402115591221
"390","Comoros",2007,5.66528448146785
"391","Comoros",2008,5.60654780702347
"392","Comoros",2009,5.54781113257911
"393","Comoros",2010,5.48907445813475
"394","Comoros",2011,5.43033778369038
"395","Comoros",2012,5.37160110924601
"396","Congo, Dem. Rep.",2007,5.44751647876133
"397","Congo, Dem. Rep.",2008,5.42327498313997
"398","Congo, Dem. Rep.",2009,5.39903348751862
"399","Congo, Dem. Rep.",2010,5.37479199189726
"400","Congo, Dem. Rep.",2011,5.35055049627591
"401","Congo, Dem. Rep.",2012,5.32630900065455
"402","Congo, Dem. Rep.",2013,5.3020675050332
"403","Congo, Rep.",2005,5.16731836993542
"404","Congo, Rep.",2006,4.92569555919874
"405","Congo, Rep.",2007,4.76833287362996
"406","Congo, Rep.",2008,4.61097018806117
"407","Congo, Rep.",2009,4.200827126988
"408","Congo, Rep.",2010,4.29624481692355
"409","Congo, Rep.",2011,4.3074023816909
"410","Costa Rica",2000,3.95197934237105
"411","Costa Rica",2001,3.90716136415379
"412","Costa Rica",2002,3.86234338593655
"413","Costa Rica",2003,3.81752540771932
"414","Costa Rica",2004,3.77270742950208
"415","Costa Rica",2005,3.72788945128484
"416","Costa Rica",2006,3.6830714730676
"417","Costa Rica",2007,3.63825349485037
"418","Costa Rica",2008,3.59343551663314
"419","Costa Rica",2009,3.5486175384159
"420","Costa Rica",2010,3.50379956019866
"421","Costa Rica",2011,3.45898158198144
"422","Croatia",2001,2.98558052548537
"423","Croatia",2002,2.96656208945728
"424","Croatia",2003,2.9475436534292
"425","Croatia",2004,2.92852521740112
"426","Croatia",2005,2.90950678137304
"427","Croatia",2006,2.89048834534496
"428","Croatia",2007,2.87146990931688
"429","Croatia",2008,2.8524514732888
"430","Croatia",2009,2.83343303726072
"431","Croatia",2010,2.81441460123264
"432","Croatia",2011,2.79539616520456
"433","Cuba",2002,3.13669985331294
"434","Cyprus",2001,3.00867157576213
"435","Cyprus",2002,2.98310606600339
"436","Cyprus",2003,2.95754055624466
"437","Cyprus",2004,2.93197504648593
"438","Cyprus",2005,2.9064095367272
"439","Cyprus",2006,2.88084402696848
"440","Cyprus",2007,2.85527851720974
"441","Cyprus",2008,2.82971300745101
"442","Cyprus",2009,2.80414749769228
"443","Cyprus",2010,2.77858198793355
"444","Cyprus",2011,2.75301647817482
"445","Czech Republic",2001,2.50581398610927
"446","Czech Republic",2002,2.49203960721262
"447","Czech Republic",2003,2.47826522831598
"448","Czech Republic",2004,2.46449084941935
"449","Czech Republic",2005,2.45071647052271
"450","Czech Republic",2006,2.43694209162607
"451","Czech Republic",2007,2.42316771272943
"452","Czech Republic",2008,2.4093933338328
"453","Czech Republic",2009,2.39561895493616
"454","Czech Republic",2010,2.38184457603952
"455","Czech Republic",2011,2.36807019714289
"456","Dominican Republic",1996,4.30101672216741
"457","Dominican Republic",1997,4.2474088901715
"458","Dominican Republic",1998,4.19612622163218
"459","Dominican Republic",1999,4.21014727447966
"460","Dominican Republic",2000,4.09356088455358
"461","Dominican Republic",2001,4.04227821601428
"462","Dominican Republic",2002,3.92691549931677
"463","Dominican Republic",2003,3.93971287893568
"464","Dominican Republic",2004,3.88843021039636
"465","Dominican Republic",2005,3.83714754185706
"466","Dominican Republic",2006,3.78586487331776
"467","Dominican Republic",2007,3.70621194068584
"468","Dominican Republic",2008,3.68329953623916
"469","Dominican Republic",2009,3.63201686769986
"470","Dominican Republic",2010,3.55450827786576
"471","Dominican Republic",2011,3.52945153062124
"472","Dominican Republic",2012,3.47816886208194
"473","Dominican Republic",2013,3.47793354224461
"474","Ecuador",1990,4.67806017256373
"475","Ecuador",1991,4.63533818308697
"476","Ecuador",1992,4.59043407159596
"477","Ecuador",1993,4.54552996010496
"478","Ecuador",1994,4.50062584861395
"479","Ecuador",1995,4.45572173712294
"480","Ecuador",1996,4.41081762563194
"481","Ecuador",1997,4.36591351414093
"482","Ecuador",1998,4.32100940264992
"483","Ecuador",1999,4.27610529115891
"484","Ecuador",2000,4.23120117966789
"485","Ecuador",2001,4.19114622820842
"486","Ecuador",2002,4.14139295668588
"487","Ecuador",2003,4.09648884519487
"488","Ecuador",2004,4.05158473370386
"489","Ecuador",2005,4.00668062221285
"490","Ecuador",2006,3.96177651072185
"491","Ecuador",2007,3.91687239923084
"492","Ecuador",2008,3.87196828773983
"493","Ecuador",2009,3.82706417624881
"494","Ecuador",2010,3.77949302674045
"495","Egypt, Arab Rep.",1986,4.84589236170761
"496","Egypt, Arab Rep.",1987,5.35380566418645
"497","Egypt, Arab Rep.",1988,5.31704922729574
"498","Egypt, Arab Rep.",1989,5.28029279040501
"499","Egypt, Arab Rep.",1990,5.24353635351429
"500","Egypt, Arab Rep.",1991,5.20677991662357
"501","Egypt, Arab Rep.",1992,5.65227291034542
"502","Egypt, Arab Rep.",1993,5.13326704284212
"503","Egypt, Arab Rep.",1994,5.09651060595139
"504","Egypt, Arab Rep.",1995,5.3250433406385
"505","Egypt, Arab Rep.",1996,4.63939607425352
"506","Egypt, Arab Rep.",1997,4.98624129527923
"507","Egypt, Arab Rep.",1998,4.9494848583885
"508","Egypt, Arab Rep.",1999,4.91272842149779
"509","Egypt, Arab Rep.",2000,5.24817999805333
"510","Egypt, Arab Rep.",2001,4.83921554771634
"511","Egypt, Arab Rep.",2002,4.80245911082562
"512","Egypt, Arab Rep.",2003,5.05073193798418
"513","Egypt, Arab Rep.",2004,4.72894623704417
"514","Egypt, Arab Rep.",2005,4.88349785611015
"515","Egypt, Arab Rep.",2006,4.18609523104437
"516","Egypt, Arab Rep.",2007,4.618676926372
"517","Egypt, Arab Rep.",2008,4.61397036827086
"518","Egypt, Arab Rep.",2009,4.54516405259055
"519","Egypt, Arab Rep.",2010,4.50840761569984
"520","Egypt, Arab Rep.",2011,4.47165117880911
"521","Egypt, Arab Rep.",2012,4.43489474191838
"522","Egypt, Arab Rep.",2013,4.39813830502767
"523","Egypt, Arab Rep.",2014,4.13085758320921
"524","El Salvador",1992,4.62450654004985
"525","El Salvador",1993,4.58753791536397
"526","El Salvador",1994,4.55056929067808
"527","El Salvador",1995,4.51360066599221
"528","El Salvador",1996,4.47663204130633
"529","El Salvador",1997,4.43966341662046
"530","El Salvador",1998,4.40269479193458
"531","El Salvador",1999,4.3657261672487
"532","El Salvador",2000,4.32875754256283
"533","El Salvador",2001,4.29178891787694
"534","El Salvador",2002,4.25482029319106
"535","El Salvador",2003,4.21785166850519
"536","El Salvador",2004,4.18088304381931
"537","El Salvador",2005,4.14391441913344
"538","El Salvador",2006,4.10694579444755
"539","El Salvador",2007,4.06997716976167
"540","Estonia",2000,2.35368130990278
"541","Estonia",2001,2.63210567838874
"542","Estonia",2002,2.46096870765601
"543","Estonia",2003,2.44436844727969
"544","Estonia",2004,2.42776818690336
"545","Estonia",2005,2.41116792652705
"546","Estonia",2006,2.39456766615073
"547","Estonia",2007,2.37796740577441
"548","Estonia",2008,2.36136714539809
"549","Estonia",2009,2.34476688502177
"550","Estonia",2010,2.32816662464545
"551","Estonia",2011,2.29751757241856
"552","Ethiopia",1994,4.77983072328377
"553","Ethiopia",1995,4.85178285857113
"554","Ethiopia",1996,4.8413335896498
"555","Ethiopia",1997,4.83088432072847
"556","Ethiopia",1998,4.82043505180715
"557","Ethiopia",1999,4.80998578288581
"558","Ethiopia",2000,4.82268485968027
"559","Ethiopia",2001,4.78908724504316
"560","Ethiopia",2002,4.77863797612182
"561","Ethiopia",2003,4.7681887072005
"562","Ethiopia",2004,4.75773943827917
"563","Ethiopia",2005,5.02968819793107
"564","Ethiopia",2006,4.73684090043651
"565","Ethiopia",2007,4.56712964150456
"566","Ethiopia",2008,4.71594236259385
"567","Ethiopia",2009,4.70549309367252
"568","Ethiopia",2010,4.69504382475119
"569","Ethiopia",2011,4.63848194721547
"570","Ethiopia",2012,4.67414528690853
"571","Ethiopia",2013,4.6636960179872
"572","Ethiopia",2014,4.65324674906587
"573","Ethiopia",2015,4.64279748014454
"574","Ethiopia",2016,4.61457783976785
"575","Fiji",1986,5.85205479452055
"576","Fiji",1987,5.78951906373157
"577","Fiji",1988,5.73852903966554
"578","Fiji",1989,5.68753901559948
"579","Fiji",1990,5.63654899153343
"580","Fiji",1991,5.58555896746738
"581","Fiji",1992,5.53456894340133
"582","Fiji",1993,5.48357891933527
"583","Fiji",1994,5.43258889526922
"584","Fiji",1995,5.38159887120317
"585","Fiji",1996,5.30856704339333
"586","Fiji",1997,5.27961882307106
"587","Fiji",1998,5.22862879900501
"588","Fiji",1999,5.17763877493896
"589","Fiji",2000,5.1266487508729
"590","Fiji",2001,5.07565872680685
"591","Fiji",2002,5.0246687027408
"592","Fiji",2003,4.97367867867474
"593","Fiji",2004,4.92268865460869
"594","Fiji",2005,4.87169863054264
"595","Fiji",2006,4.82070860647659
"596","Fiji",2007,4.78021467943139
"597","Finland",2010,2.07495909856428
"598","France",1990,2.57194901441309
"599","France",1991,2.53473201757601
"600","France",1992,2.51974731925129
"601","France",1993,2.50476262092656
"602","France",1994,2.48977792260184
"603","France",1995,2.47479322427711
"604","France",1996,2.45980852595239
"605","France",1997,2.44482382762767
"606","France",1998,2.42983912930294
"607","France",1999,2.40363552970469
"608","France",2000,2.3998697326535
"609","France",2001,2.35110634857126
"610","France",2002,2.36990033600405
"611","France",2003,2.35491563767932
"612","France",2004,2.3399309393546
"613","France",2005,2.32494624102987
"614","France",2006,2.31106862352477
"615","France",2007,2.29497684438043
"616","France",2008,2.2799921460557
"617","France",2009,2.26500744773098
"618","France",2010,2.25002274940626
"619","France",2011,2.25669625878061
"620","Gabon",2000,4.96813760745809
"621","Gabon",2001,4.89559262462421
"622","Gabon",2002,4.8230476417904
"623","Gabon",2003,4.75050265895658
"624","Gabon",2004,4.67795767612276
"625","Gabon",2005,4.60541269328894
"626","Gabon",2006,4.53286771045512
"627","Gabon",2007,4.4603227276213
"628","Gabon",2008,4.38777774478748
"629","Gabon",2009,4.31523276195367
"630","Gabon",2010,4.24268777911985
"631","Gabon",2011,4.17014279628603
"632","Gabon",2012,4.09759781345222
"633","Gambia, The",2013,8.22968138889476
"634","Georgia",2002,3.51647578183948
"635","Germany",2005,2.1167521829414
"636","Germany",2006,2.11270305849026
"637","Germany",2007,2.10865393403913
"638","Germany",2008,2.104604809588
"639","Germany",2009,2.10055568513687
"640","Germany",2010,2.09650656068574
"641","Germany",2011,2.09245743623462
"642","Ghana",1993,3.76612209802236
"643","Ghana",1994,4.12938945317379
"644","Ghana",1995,4.11835530511333
"645","Ghana",1996,4.10732115705287
"646","Ghana",1997,4.09628700899241
"647","Ghana",1998,4.08525286093196
"648","Ghana",1999,3.61385064553534
"649","Ghana",2000,5.08432239819616
"650","Ghana",2001,4.05215041675059
"651","Ghana",2002,4.04111626869013
"652","Ghana",2003,4.02950783044919
"653","Ghana",2004,4.01904797256921
"654","Ghana",2005,4.00801382450876
"655","Ghana",2006,3.9969796764483
"656","Ghana",2007,3.98594552838784
"657","Ghana",2008,3.75317863290313
"658","Ghana",2009,3.96387723226693
"659","Ghana",2010,4.4045022308643
"660","Ghana",2011,3.94180893614601
"661","Ghana",2012,3.93077478808556
"662","Ghana",2013,3.9197406400251
"663","Ghana",2014,3.49288612007447
"664","Greece",1991,2.97101630215958
"665","Greece",1992,2.9521278648249
"666","Greece",1993,2.92847593962522
"667","Greece",1994,2.90482401442552
"668","Greece",1995,2.88117208922583
"669","Greece",1996,2.85752016402614
"670","Greece",1997,2.83386823882645
"671","Greece",1998,2.81021631362676
"672","Greece",1999,2.78656438842707
"673","Greece",2000,2.76291246322737
"674","Greece",2001,2.74878751375768
"675","Greece",2002,2.71560861282799
"676","Greece",2003,2.69195668762831
"677","Greece",2004,2.66830476242861
"678","Greece",2005,2.64465283722892
"679","Greece",2006,2.62100091202923
"680","Greece",2007,2.59734898682954
"681","Greece",2008,2.57369706162985
"682","Greece",2009,2.55004513643016
"683","Greece",2010,2.52639321123047
"684","Greece",2011,2.49797779816577
"685","Guatemala",1995,5.25653333787132
"686","Guatemala",1996,5.28677557886852
"687","Guatemala",1997,5.26217811112511
"688","Guatemala",1998,5.2375806433817
"689","Guatemala",1999,5.28153281156401
"690","Guatemala",2000,5.18838570789487
"691","Guatemala",2001,5.16378824015146
"692","Guatemala",2002,5.13919077240805
"693","Guatemala",2003,5.11459330466464
"694","Guatemala",2004,5.08999583692123
"695","Guatemala",2005,5.06539836917781
"696","Guatemala",2006,5.0408009014344
"697","Guatemala",2007,5.01620343369099
"698","Guatemala",2008,4.99160596594758
"699","Guatemala",2009,4.96700849820417
"700","Guatemala",2010,4.94241103046075
"701","Guatemala",2011,4.91781356271734
"702","Guatemala",2012,4.89321609497393
"703","Guatemala",2013,4.86861862723051
"704","Guatemala",2014,4.8440211594871
"705","Guatemala",2015,4.80571376455854
"706","Guinea",1996,6.78121252498334
"707","Guinea",1997,6.6557266455369
"708","Guinea",1998,6.61901304640512
"709","Guinea",1999,6.61923680410232
"710","Guinea",2000,6.54558584814154
"711","Guinea",2001,6.50887224900976
"712","Guinea",2002,6.47215864987797
"713","Guinea",2003,6.4354450507462
"714","Guinea",2004,6.39873145161441
"715","Guinea",2005,6.09051183479527
"716","Guinea",2006,6.32530425335084
"717","Guinea",2007,6.28859065421905
"718","Guinea",2008,6.25187705508728
"719","Guinea",2009,6.21516345595549
"720","Guinea",2010,6.1784498568237
"721","Guinea",2011,6.14173625769192
"722","Guinea",2012,6.25081903910384
"723","Guyana",2005,4.15973028291923
"724","Guyana",2006,4.06859838289267
"725","Guyana",2007,3.97746648286625
"726","Guyana",2008,3.88633458283982
"727","Guyana",2009,3.79520268281347
"728","Haiti",1994,5.02041897266271
"729","Haiti",1995,4.93427819618426
"730","Haiti",1996,4.90327832711581
"731","Haiti",1997,4.87227845804737
"732","Haiti",1998,4.84127858897892
"733","Haiti",1999,4.81027871991048
"734","Haiti",2000,4.69491076933298
"735","Haiti",2001,4.74827898177359
"736","Haiti",2002,4.71727911270514
"737","Haiti",2003,4.67688461602993
"738","Haiti",2004,4.65527937456826
"739","Haiti",2005,4.62427950549981
"740","Haiti",2006,4.61068501862971
"741","Haiti",2007,4.56227976736292
"742","Haiti",2008,4.53127989829448
"743","Haiti",2009,4.50028002922603
"744","Haiti",2010,4.46928016015759
"745","Haiti",2011,4.43828029108914
"746","Haiti",2012,4.42849684152823
"747","Honduras",2006,4.80443464976782
"748","Honduras",2007,4.74827746387626
"749","Honduras",2008,4.69212027798474
"750","Honduras",2009,4.63596309209323
"751","Honduras",2010,4.57980590620171
"752","Honduras",2011,4.52364872031021
"753","Honduras",2012,4.46749153441871
"754","Hong Kong SAR, China",2006,2.98080928936568
"755","Hong Kong SAR, China",2007,2.96651763053035
"756","Hong Kong SAR, China",2008,2.95222597169504
"757","Hong Kong SAR, China",2009,2.93793431285973
"758","Hong Kong SAR, China",2010,2.92364265402442
"759","Hong Kong SAR, China",2011,2.90935099518912
"760","Hungary",1990,2.59938476100331
"761","Hungary",1991,2.61486126559117
"762","Hungary",1992,2.60746143206728
"763","Hungary",1993,2.60006159854339
"764","Hungary",1994,2.5926617650195
"765","Hungary",1995,2.58526193149561
"766","Hungary",1996,2.57786209797172
"767","Hungary",1997,2.57046226444784
"768","Hungary",1998,2.56306243092395
"769","Hungary",1999,2.55566259740006
"770","Hungary",2000,2.54826276387617
"771","Hungary",2001,2.58890324038694
"772","Hungary",2002,2.53346309682839
"773","Hungary",2003,2.5260632633045
"774","Hungary",2004,2.51866342978061
"775","Hungary",2005,2.51126359625672
"776","Hungary",2006,2.50386376273283
"777","Hungary",2007,2.49646392920894
"778","Hungary",2008,2.48906409568506
"779","Hungary",2009,2.48166426216117
"780","Hungary",2010,2.47426442863728
"781","Hungary",2011,2.44170062319047
"782","India",1987,4.99625863580743
"783","India",1988,5.28042879193711
"784","India",1989,5.25330610513871
"785","India",1990,5.22618341834032
"786","India",1991,5.19906073154193
"787","India",1992,5.69994707216154
"788","India",1993,4.77532369850336
"789","India",1994,5.11769267114674
"790","India",1995,5.09056998434834
"791","India",1996,5.06344729754995
"792","India",1997,5.03632461075156
"793","India",1998,5.00920192395316
"794","India",1999,5.14852954482947
"795","India",2000,4.95495655035637
"796","India",2001,5.2880900354659
"797","India",2002,4.90071117675958
"798","India",2003,4.87358848996119
"799","India",2004,4.69176428603443
"800","India",2005,4.81934311636439
"801","India",2006,4.84406950480415
"802","India",2007,4.7650977427676
"803","India",2008,4.73797505596921
"804","India",2009,4.41570106264632
"805","India",2010,4.68372968237242
"806","India",2011,4.65660699557402
"807","India",2012,4.62948430877563
"808","India",2013,4.60236162197723
"809","India",2014,4.57523893517884
"810","India",2015,4.57218899216434
"811","Indonesia",1985,4.67959568910172
"812","Indonesia",1986,4.62767792240815
"813","Indonesia",1987,4.59850355376743
"814","Indonesia",1988,4.56932918512671
"815","Indonesia",1989,4.54015481648599
"816","Indonesia",1990,4.48221675221168
"817","Indonesia",1991,4.63497878463531
"818","Indonesia",1992,4.45263171056384
"819","Indonesia",1993,4.42345734192312
"820","Indonesia",1994,4.47121575876341
"821","Indonesia",1995,4.22561608500523
"822","Indonesia",1996,4.33593423600097
"823","Indonesia",1997,4.31097797711746
"824","Indonesia",1998,4.27758549871953
"825","Indonesia",1999,4.24841113007881
"826","Indonesia",2000,3.94079642442519
"827","Indonesia",2001,4.19006239279738
"828","Indonesia",2002,4.16088802415666
"829","Indonesia",2003,4.31799649080455
"830","Indonesia",2004,4.10253928687523
"831","Indonesia",2005,3.94580314678557
"832","Indonesia",2006,4.04419054959379
"833","Indonesia",2007,4.10419690004023
"834","Indonesia",2008,3.98584181231236
"835","Indonesia",2009,3.95666744367164
"836","Indonesia",2010,3.8460836362984
"837","Indonesia",2011,3.89831870639021
"838","Indonesia",2012,3.99228154711642
"839","Iran, Islamic Rep.",1996,4.75511027133399
"840","Iran, Islamic Rep.",1997,4.7018017862714
"841","Iran, Islamic Rep.",1998,4.61999798100308
"842","Iran, Islamic Rep.",1999,4.53819417573479
"843","Iran, Islamic Rep.",2000,4.45639037046647
"844","Iran, Islamic Rep.",2001,4.37458656519814
"845","Iran, Islamic Rep.",2002,4.29278275992985
"846","Iran, Islamic Rep.",2003,4.21097895466153
"847","Iran, Islamic Rep.",2004,4.12917514939321
"848","Iran, Islamic Rep.",2005,4.04737134412491
"849","Iran, Islamic Rep.",2006,4.05105349947374
"850","Iran, Islamic Rep.",2007,3.88376373358827
"851","Iran, Islamic Rep.",2008,3.80195992831997
"852","Iran, Islamic Rep.",2009,3.72015612305165
"853","Iran, Islamic Rep.",2010,3.63835231778333
"854","Iran, Islamic Rep.",2011,3.49955787210361
"855","Iraq",1997,7.70302801425421
"856","Ireland",1986,3.54556476886245
"857","Ireland",1987,3.47601999607375
"858","Ireland",1988,3.44488598179477
"859","Ireland",1989,3.41375196751579
"860","Ireland",1990,3.3826179532368
"861","Ireland",1991,3.34621001187718
"862","Ireland",1992,3.32034992467884
"863","Ireland",1993,3.28921591039985
"864","Ireland",1994,3.25808189612087
"865","Ireland",1995,3.22694788184189
"866","Ireland",1996,3.14338160047206
"867","Ireland",1997,3.16467985328392
"868","Ireland",1998,3.13354583900494
"869","Ireland",1999,3.10241182472596
"870","Ireland",2000,3.07127781044698
"871","Ireland",2001,3.040143796168
"872","Ireland",2002,3.01775852851424
"873","Ireland",2003,2.97787576761003
"874","Ireland",2004,2.94674175333105
"875","Ireland",2005,2.91560773905206
"876","Ireland",2006,2.85506469789394
"877","Ireland",2007,2.8533397104941
"878","Ireland",2008,2.82220569621511
"879","Ireland",2009,2.79107168193613
"880","Ireland",2010,2.75993766765715
"881","Ireland",2011,2.76875936929378
"882","Israel",1995,3.32453014026636
"883","Israel",1996,3.31048515966035
"884","Israel",1997,3.29644017905434
"885","Israel",1998,3.28239519844832
"886","Israel",1999,3.26835021784231
"887","Israel",2000,3.25430523723631
"888","Israel",2001,3.2402602566303
"889","Israel",2002,3.22621527602429
"890","Israel",2003,3.21217029541828
"891","Israel",2004,3.19812531481227
"892","Israel",2005,3.18408033420626
"893","Israel",2006,3.17003535360025
"894","Israel",2007,3.15599037299424
"895","Israel",2008,3.14194539238823
"896","Italy",2001,2.5960024412587
"897","Italy",2002,2.57648837442932
"898","Italy",2003,2.55697430759994
"899","Italy",2004,2.53746024077058
"900","Italy",2005,2.5179461739412
"901","Italy",2006,2.49843210711184
"902","Italy",2007,2.47891804028247
"903","Italy",2008,2.4594039734531
"904","Italy",2009,2.43988990662373
"905","Italy",2010,2.42037583979436
"906","Italy",2011,2.400861772965
"907","Jamaica",1991,3.87460926882305
"908","Jamaica",1992,3.82666515537532
"909","Jamaica",1993,3.78598083451824
"910","Jamaica",1994,3.74529651366117
"911","Jamaica",1995,3.70461219280409
"912","Jamaica",1996,3.66392787194701
"913","Jamaica",1997,3.62324355108993
"914","Jamaica",1998,3.58255923023286
"915","Jamaica",1999,3.54187490937578
"916","Jamaica",2000,3.5011905885187
"917","Jamaica",2001,3.44598668248031
"918","Jamaica",2002,3.41982194680453
"919","Jamaica",2003,3.37913762594746
"920","Jamaica",2004,3.33845330509038
"921","Jamaica",2005,3.2977689842333
"922","Jamaica",2006,3.25708466337622
"923","Jamaica",2007,3.21640034251915
"924","Jamaica",2008,3.17571602166207
"925","Jamaica",2009,3.13503170080499
"926","Jamaica",2010,3.09434737994791
"927","Jamaica",2011,3.06092285168149
"928","Japan",2000,2.6660604270629
"929","Japan",2001,2.64273983370128
"930","Japan",2002,2.6183020320804
"931","Japan",2003,2.59386423045952
"932","Japan",2004,2.56942642883864
"933","Japan",2005,2.54722304373623
"934","Japan",2006,2.52055082559688
"935","Japan",2007,2.496113023976
"936","Japan",2008,2.47167522235512
"937","Japan",2009,2.44723742073424
"938","Japan",2010,2.42168241085413
"939","Jordan",1997,5.99426714081646
"940","Jordan",1998,5.88141522519064
"941","Jordan",1999,5.81582790336253
"942","Jordan",2000,5.7502405815344
"943","Jordan",2001,5.68465325970629
"944","Jordan",2002,5.67626837702679
"945","Jordan",2003,5.55347861605006
"946","Jordan",2004,5.36575152227326
"947","Jordan",2005,5.42230397239382
"948","Jordan",2006,5.35671665056569
"949","Jordan",2007,5.27129534729224
"950","Jordan",2008,5.22554200690945
"951","Jordan",2009,5.09171961320212
"952","Jordan",2010,5.09436736325321
"953","Jordan",2011,5.02878004142511
"954","Jordan",2012,5.06893451192366
"955","Kazakhstan",1995,3.81332794749948
"956","Kazakhstan",1996,3.74203343376258
"957","Kazakhstan",1997,3.72159139267877
"958","Kazakhstan",1998,3.70114935159496
"959","Kazakhstan",1999,3.60951384879678
"960","Kazakhstan",2000,3.66026526942735
"961","Kazakhstan",2001,3.63982322834354
"962","Kazakhstan",2002,3.61938118725974
"963","Kazakhstan",2003,3.59893914617593
"964","Kazakhstan",2004,3.57849710509213
"965","Kazakhstan",2005,3.55805506400831
"966","Kazakhstan",2006,3.53761302292451
"967","Kazakhstan",2007,3.51717098184071
"968","Kazakhstan",2008,3.4967289407569
"969","Kazakhstan",2009,3.49662788873433
"970","Kenya",1989,4.90216971768858
"971","Kenya",1990,4.83909445133816
"972","Kenya",1991,4.79784267789964
"973","Kenya",1992,4.75659090446113
"974","Kenya",1993,4.79983603684237
"975","Kenya",1994,4.67408735758411
"976","Kenya",1995,4.6328355841456
"977","Kenya",1996,4.59158381070709
"978","Kenya",1997,4.55033203726857
"979","Kenya",1998,4.2915238402105
"980","Kenya",1999,4.42796832098021
"981","Kenya",2000,4.42657671695305
"982","Kenya",2001,4.38532494351453
"983","Kenya",2002,4.34407317007603
"984","Kenya",2003,4.35955892327784
"985","Kenya",2004,4.26156962319901
"986","Kenya",2005,4.22031784976049
"987","Kenya",2006,4.17906607632199
"988","Kenya",2007,4.13781430288347
"989","Kenya",2008,4.09656252944497
"990","Kenya",2009,4.24844953043445
"991","Kenya",2010,4.01405898256795
"992","Kenya",2011,3.97280720912943
"993","Kenya",2012,3.93155543569092
"994","Kenya",2013,3.89030366225241
"995","Kenya",2014,3.91924809093355
"996","Kenya",2015,3.63882380648678
"997","Latvia",2000,2.66008260592291
"998","Latvia",2001,2.43798209919028
"999","Latvia",2002,2.54174529456809
"1000","Latvia",2003,2.53349284234543
"1001","Latvia",2004,2.52524039012278
"1002","Latvia",2005,2.51698793790012
"1003","Latvia",2006,2.50873548567746
"1004","Latvia",2007,2.50048303345481
"1005","Latvia",2008,2.49223058123215
"1006","Latvia",2009,2.48397812900949
"1007","Latvia",2010,2.47572567678684
"1008","Latvia",2011,2.47765646525512
"1009","Lesotho",2004,3.89731908129676
"1010","Lesotho",2005,4.07241032696706
"1011","Lesotho",2006,4.41048272727058
"1012","Lesotho",2007,3.91172354734033
"1013","Lesotho",2008,3.83138015752695
"1014","Lesotho",2009,3.59244077449403
"1015","Lesotho",2010,3.67069337790019
"1016","Lesotho",2011,3.59034998808681
"1017","Lesotho",2012,3.51000659827343
"1018","Lesotho",2013,3.42966320846006
"1019","Lesotho",2014,3.34493465723311
"1020","Liberia",2007,5.03646996181694
"1021","Liberia",2008,5.11335500999314
"1022","Liberia",2009,5.57630722004779
"1023","Liberia",2010,5.00950620568389
"1024","Liberia",2011,4.50494068770177
"1025","Liberia",2012,4.88023290036159
"1026","Liberia",2013,4.94573145418242
"1027","Liechtenstein",2010,2.32024833473453
"1028","Lithuania",2001,2.5498147883369
"1029","Lithuania",2002,2.93558723200934
"1030","Lithuania",2003,2.67507645390151
"1031","Lithuania",2004,2.63742195916618
"1032","Lithuania",2005,2.59976746443083
"1033","Lithuania",2006,2.56211296969549
"1034","Lithuania",2007,2.52445847496014
"1035","Lithuania",2008,2.48680398022481
"1036","Lithuania",2009,2.44914948548947
"1037","Lithuania",2010,2.41149499075412
"1038","Lithuania",2011,2.35155486768152
"1039","Luxembourg",2001,2.51743574326945
"1040","Luxembourg",2002,2.50697371691581
"1041","Luxembourg",2003,2.49651169056218
"1042","Luxembourg",2004,2.48604966420854
"1043","Luxembourg",2005,2.47558763785491
"1044","Luxembourg",2006,2.46512561150127
"1045","Luxembourg",2007,2.45466358514764
"1046","Luxembourg",2008,2.444201558794
"1047","Luxembourg",2009,2.43373953244037
"1048","Luxembourg",2010,2.42327750608673
"1049","Luxembourg",2011,2.4128154797331
"1050","Macao SAR, China",2011,3.07926497197969
"1051","Madagascar",1992,5.1834752989877
"1052","Madagascar",1993,5.03980829957076
"1053","Madagascar",1994,5.02381423894664
"1054","Madagascar",1995,5.00782017832252
"1055","Madagascar",1996,4.9918261176984
"1056","Madagascar",1997,4.91228277214266
"1057","Madagascar",1998,4.95983799645016
"1058","Madagascar",1999,4.94384393582604
"1059","Madagascar",2000,4.92784987520192
"1060","Madagascar",2001,4.91185581457781
"1061","Madagascar",2002,4.89586175395368
"1062","Madagascar",2003,4.87986769332957
"1063","Madagascar",2004,4.66124324380286
"1064","Madagascar",2005,4.84787957208133
"1065","Madagascar",2006,4.8318855114572
"1066","Madagascar",2007,4.81589145083309
"1067","Madagascar",2008,4.79989739020896
"1068","Madagascar",2009,4.72506176673346
"1069","Madagascar",2010,4.76790926896072
"1070","Madagascar",2011,4.94926350622938
"1071","Malawi",1987,4.26309477714679
"1072","Malawi",1988,4.36203736677895
"1073","Malawi",1989,4.36493536880087
"1074","Malawi",1990,4.36783337082279
"1075","Malawi",1991,4.37073137284471
"1076","Malawi",1992,4.47121399733981
"1077","Malawi",1993,4.37652737688854
"1078","Malawi",1994,4.37942537891046
"1079","Malawi",1995,4.38232338093238
"1080","Malawi",1996,4.3852213829543
"1081","Malawi",1997,4.38811938497621
"1082","Malawi",1998,4.34307602997572
"1083","Malawi",1999,4.39391538902005
"1084","Malawi",2000,4.39845367995123
"1085","Malawi",2001,4.39971139306388
"1086","Malawi",2002,4.4026093950858
"1087","Malawi",2003,4.40550739710772
"1088","Malawi",2004,4.38732630780791
"1089","Malawi",2005,4.41130340115155
"1090","Malawi",2006,4.41420140317347
"1091","Malawi",2007,4.41709940519539
"1092","Malawi",2008,4.52229034568289
"1093","Malawi",2009,4.42289540923923
"1094","Malawi",2010,4.63982035872967
"1095","Malawi",2011,4.42869141328306
"1096","Malawi",2012,4.43158941530498
"1097","Malawi",2013,4.4344874173269
"1098","Malawi",2014,4.11827098923175
"1099","Malawi",2015,4.50891809012562
"1100","Malaysia",1991,4.78897319599282
"1101","Malaysia",1992,4.7641949645232
"1102","Malaysia",1993,4.73941673305359
"1103","Malaysia",1994,4.71463850158398
"1104","Malaysia",1995,4.68986027011437
"1105","Malaysia",1996,4.66508203864476
"1106","Malaysia",1997,4.64030380717515
"1107","Malaysia",1998,4.61552557570554
"1108","Malaysia",1999,4.59074734423594
"1109","Malaysia",2000,4.56596911276633
"1110","Maldives",2009,6.36487106607663
"1111","Maldives",2010,6.15884064241334
"1112","Maldives",2011,5.95281021875007
"1113","Maldives",2012,5.74677979508681
"1114","Maldives",2013,5.54074937142349
"1115","Maldives",2014,5.33471894776027
"1116","Mali",1987,5.65096752792009
"1117","Mali",1988,5.63429014960482
"1118","Mali",1989,5.64193788649452
"1119","Mali",1990,5.64958562338423
"1120","Mali",1991,5.65723336027393
"1121","Mali",1992,5.66488109716363
"1122","Mali",1993,5.67252883405334
"1123","Mali",1994,5.68017657094304
"1124","Mali",1995,5.68782430783275
"1125","Mali",1996,5.5956756749951
"1126","Mali",1997,5.70311978161215
"1127","Mali",1998,6.05503276864103
"1128","Mali",1999,5.71841525539156
"1129","Mali",2000,5.72606299228126
"1130","Mali",2001,5.33179412680319
"1131","Mali",2002,5.74135846606067
"1132","Mali",2003,5.74900620295037
"1133","Mali",2004,5.75665393984008
"1134","Mali",2005,5.76430167672978
"1135","Mali",2006,5.68624549423907
"1136","Mali",2007,5.77959715050919
"1137","Mali",2008,5.78724488739889
"1138","Mali",2009,6.16296151625285
"1139","Mali",2010,5.8025403611783
"1140","Mali",2011,5.810188098068
"1141","Mali",2012,5.66859346912484
"1142","Malta",1995,3.11901673097364
"1143","Malta",1996,3.08642350736248
"1144","Malta",1997,3.06372579615952
"1145","Malta",1998,3.04102808495657
"1146","Malta",1999,3.01833037375363
"1147","Malta",2000,2.99563266255068
"1148","Malta",2001,2.97293495134772
"1149","Malta",2002,2.95023724014478
"1150","Malta",2003,2.92753952894183
"1151","Malta",2004,2.90484181773888
"1152","Malta",2005,2.85575607344734
"1153","Malta",2006,2.85944639533298
"1154","Malta",2007,2.83674868413003
"1155","Malta",2008,2.81405097292708
"1156","Malta",2009,2.79135326172413
"1157","Malta",2010,2.76865555052118
"1158","Malta",2011,2.76245035999862
"1159","Mauritius",2011,3.47529761733847
"1160","Mexico",1990,4.9252808988764
"1161","Mexico",1991,4.78969722837785
"1162","Mexico",1992,4.74390620139319
"1163","Mexico",1993,4.69811517440851
"1164","Mexico",1994,4.65232414742384
"1165","Mexico",1995,4.56557106926788
"1166","Mexico",1996,4.56074209345451
"1167","Mexico",1997,4.51495106646985
"1168","Mexico",1998,4.46916003948517
"1169","Mexico",1999,4.4233690125005
"1170","Mexico",2000,4.28416697028842
"1171","Mexico",2001,4.33178695853117
"1172","Mexico",2002,4.28599593154651
"1173","Mexico",2003,4.24020490456184
"1174","Mexico",2004,4.19441387757716
"1175","Mexico",2005,4.1486228505925
"1176","Mexico",2006,4.10283182360783
"1177","Mexico",2007,4.05704079662316
"1178","Mexico",2008,4.0112497696385
"1179","Mexico",2009,3.96545874265382
"1180","Mexico",2010,3.91478574846755
"1181","Mexico",2011,3.87387668868449
"1182","Mexico",2012,3.82808566169982
"1183","Mexico",2013,3.78229463471516
"1184","Mexico",2014,3.73650360773048
"1185","Mexico",2015,3.74017497083236
"1186","Mongolia",1989,4.45815864603345
"1187","Mongolia",1990,4.44572924379318
"1188","Mongolia",1991,4.43329984155291
"1189","Mongolia",1992,4.42087043931265
"1190","Mongolia",1993,4.40844103707238
"1191","Mongolia",1994,4.39601163483212
"1192","Mongolia",1995,4.38358223259185
"1193","Mongolia",1996,4.37115283035159
"1194","Mongolia",1997,4.35872342811132
"1195","Mongolia",1998,4.34629402587106
"1196","Mongolia",1999,4.33386462363079
"1197","Mongolia",2000,4.32143522139053
"1198","Montenegro",2011,3.21401150633056
"1199","Morocco",1992,6.02373706634206
"1200","Morocco",1993,5.93030297549222
"1201","Morocco",1994,5.82676746981984
"1202","Morocco",1995,5.8087503546431
"1203","Morocco",1996,5.74797404421852
"1204","Morocco",1997,5.68719773379397
"1205","Morocco",1998,5.62642142336939
"1206","Morocco",1999,5.56564511294484
"1207","Morocco",2000,5.50486880252028
"1208","Morocco",2001,5.44409249209571
"1209","Morocco",2002,5.38331618167115
"1210","Morocco",2003,5.35823845862121
"1211","Morocco",2004,5.2361663882699
"1212","Mozambique",1997,4.40474432472219
"1213","Mozambique",1998,4.56342152086868
"1214","Mozambique",1999,4.54845308104936
"1215","Mozambique",2000,4.53348464123005
"1216","Mozambique",2001,4.51851620141074
"1217","Mozambique",2002,4.50354776159142
"1218","Mozambique",2003,4.8581446546659
"1219","Mozambique",2004,4.47361088195279
"1220","Mozambique",2005,4.45864244213348
"1221","Mozambique",2006,4.44367400231417
"1222","Mozambique",2007,4.35941442183477
"1223","Mozambique",2008,4.41373712267554
"1224","Mozambique",2009,4.27460908436188
"1225","Mozambique",2010,4.38380024303691
"1226","Mozambique",2011,4.36636284544404
"1227","Myanmar",2016,4.22379426809677
"1228","Namibia",1992,6.00238255441171
"1229","Namibia",1993,5.79698428896336
"1230","Namibia",1994,5.71233405906744
"1231","Namibia",1995,5.62768382917153
"1232","Namibia",1996,5.54303359927562
"1233","Namibia",1997,5.4583833693797
"1234","Namibia",1998,5.37373313948376
"1235","Namibia",1999,5.28908290958785
"1236","Namibia",2000,5.06075341251935
"1237","Namibia",2001,5.11978244979602
"1238","Namibia",2002,5.03513221990011
"1239","Namibia",2003,4.95048199000419
"1240","Namibia",2004,4.86583176010828
"1241","Namibia",2005,4.78118153021236
"1242","Namibia",2006,4.69653130031645
"1243","Namibia",2007,4.50056802486087
"1244","Namibia",2008,4.52723084052462
"1245","Namibia",2009,4.44258061062871
"1246","Namibia",2010,4.3579303807328
"1247","Namibia",2011,4.27328015083688
"1248","Namibia",2012,4.18862992094094
"1249","Namibia",2013,4.2382239682248
"1250","Nepal",1996,5.51465139651808
"1251","Nepal",1997,5.48134610824712
"1252","Nepal",1998,5.4134111748312
"1253","Nepal",1999,5.34547624141527
"1254","Nepal",2000,5.27754130799934
"1255","Nepal",2001,5.29350218871393
"1256","Nepal",2002,5.14167144116746
"1257","Nepal",2003,5.07373650775153
"1258","Nepal",2004,5.00580157433561
"1259","Nepal",2005,4.93786664091965
"1260","Nepal",2006,4.85481108390488
"1261","Nepal",2007,4.8019967740878
"1262","Nepal",2008,4.73406184067184
"1263","Nepal",2009,4.66612690725592
"1264","Nepal",2010,4.59819197383999
"1265","Nepal",2011,4.44732942581049
"1266","Nepal",2012,4.46232210700811
"1267","Nepal",2013,4.39438717359218
"1268","Nepal",2014,4.32645224017625
"1269","Nepal",2015,4.2585173067603
"1270","Nepal",2016,4.23936444257142
"1271","Netherlands",2001,2.30948579863703
"1272","Netherlands",2002,2.30117637499768
"1273","Netherlands",2003,2.29286695135834
"1274","Netherlands",2004,2.284557527719
"1275","Netherlands",2005,2.27624810407966
"1276","Netherlands",2006,2.26793868044032
"1277","Netherlands",2007,2.25962925680098
"1278","Netherlands",2008,2.25131983316163
"1279","Netherlands",2009,2.24301040952229
"1280","Netherlands",2010,2.23470098588295
"1281","Netherlands",2011,2.22639156224361
"1282","New Zealand",2001,2.69928855286516
"1283","New Zealand",2002,2.69902544924291
"1284","New Zealand",2003,2.69876234562066
"1285","New Zealand",2004,2.69849924199841
"1286","New Zealand",2005,2.69823613837616
"1287","New Zealand",2006,2.69797303475391
"1288","Nicaragua",1995,5.77945450182633
"1289","Nicaragua",1996,5.70060572851196
"1290","Nicaragua",1997,5.6149964398808
"1291","Nicaragua",1998,5.52924753396715
"1292","Nicaragua",1999,5.44377786261845
"1293","Nicaragua",2000,5.35816857398729
"1294","Nicaragua",2001,5.28970490389252
"1295","Nicaragua",2002,5.18694999672493
"1296","Nicaragua",2003,5.10134070809377
"1297","Nicaragua",2004,5.01573141946261
"1298","Nicaragua",2005,4.91987664489436
"1299","Niger",1992,6.26994360398916
"1300","Niger",1993,6.1668323826099
"1301","Niger",1994,6.15429529166089
"1302","Niger",1995,6.14175820071187
"1303","Niger",1996,6.12922110976285
"1304","Niger",1997,6.11668401881383
"1305","Niger",1998,5.93680833804738
"1306","Niger",1999,6.0916098369158
"1307","Niger",2000,6.07907274596678
"1308","Niger",2001,6.06653565501776
"1309","Niger",2002,6.05399856406875
"1310","Niger",2003,6.04146147311973
"1311","Niger",2004,6.02892438217071
"1312","Niger",2005,6.01638729122169
"1313","Niger",2006,6.09239314174589
"1314","Niger",2007,5.99131310932366
"1315","Niger",2008,5.97877601837464
"1316","Niger",2009,5.96623892742562
"1317","Niger",2010,5.9537018364766
"1318","Niger",2011,5.94116474552759
"1319","Niger",2012,5.91684917249255
"1320","Nigeria",1990,5.38932951889836
"1321","Nigeria",1991,5.19885561179508
"1322","Nigeria",1992,5.17020234221869
"1323","Nigeria",1993,5.14154907264229
"1324","Nigeria",1994,5.1128958030659
"1325","Nigeria",1995,5.0842425334895
"1326","Nigeria",1996,5.05558926391311
"1327","Nigeria",1997,5.02693599433671
"1328","Nigeria",1998,4.99828272476032
"1329","Nigeria",1999,5.00392538796829
"1330","Nigeria",2000,4.94097618560752
"1331","Nigeria",2001,4.91232291603113
"1332","Nigeria",2002,4.88366964645473
"1333","Nigeria",2003,4.98110832880833
"1334","Nigeria",2004,4.82636310730194
"1335","Nigeria",2005,4.79770983772555
"1336","Nigeria",2006,4.41210770602759
"1337","Nigeria",2007,4.54747011078976
"1338","Nigeria",2008,4.61309138847453
"1339","Nigeria",2009,4.44217299905025
"1340","Nigeria",2010,4.79804189282481
"1341","Nigeria",2011,4.62579022026718
"1342","Nigeria",2012,4.59713695069078
"1343","Nigeria",2013,4.60188968433564
"1344","Nigeria",2014,4.53983041153799
"1345","Nigeria",2015,4.90142866431412
"1346","Norway",2001,2.28694123212891
"1347","Norway",2002,2.27979083503893
"1348","Norway",2003,2.27264043794895
"1349","Norway",2004,2.26549004085897
"1350","Norway",2005,2.25833964376899
"1351","Norway",2006,2.25118924667901
"1352","Norway",2007,2.24403884958903
"1353","Norway",2008,2.23688845249905
"1354","Norway",2009,2.22973805540908
"1355","Norway",2010,2.2225876583191
"1356","Norway",2011,2.21543726122912
"1357","Oman",2003,8.01771089432877
"1358","Pakistan",1991,6.73295950548431
"1359","Pakistan",1992,6.79858238650788
"1360","Pakistan",1993,6.80635231625885
"1361","Pakistan",1994,6.81412224600983
"1362","Pakistan",1995,6.82189217576081
"1363","Pakistan",1996,6.82966210551178
"1364","Pakistan",1997,6.83743203526276
"1365","Pakistan",1998,6.81606303095158
"1366","Pakistan",1999,6.85297189476471
"1367","Pakistan",2000,6.86074182451568
"1368","Pakistan",2001,6.86851175426666
"1369","Pakistan",2002,6.87628168401763
"1370","Pakistan",2003,6.88405161376861
"1371","Pakistan",2004,6.89182154351958
"1372","Pakistan",2005,6.89959147327056
"1373","Pakistan",2006,7.15162553715429
"1374","Pakistan",2007,6.91513133277251
"1375","Pakistan",2008,6.92290126252349
"1376","Pakistan",2009,6.93067119227446
"1377","Pakistan",2010,6.93844112202544
"1378","Pakistan",2011,6.94621105177641
"1379","Pakistan",2012,6.95398098152739
"1380","Pakistan",2013,6.80447866248035
"1381","Panama",1990,4.38578989452842
"1382","Panama",1991,4.33515964851448
"1383","Panama",1992,4.29937428349133
"1384","Panama",1993,4.26358891846817
"1385","Panama",1994,4.22780355344503
"1386","Panama",1995,4.19201818842187
"1387","Panama",1996,4.15623282339872
"1388","Panama",1997,4.12044745837558
"1389","Panama",1998,4.08466209335242
"1390","Panama",1999,4.04887672832928
"1391","Panama",2000,3.98340160132445
"1392","Panama",2001,3.97730599828297
"1393","Panama",2002,3.94152063325983
"1394","Panama",2003,3.90573526823668
"1395","Panama",2004,3.86994990321352
"1396","Panama",2005,3.83416453819038
"1397","Panama",2006,3.79837917316722
"1398","Panama",2007,3.76259380814408
"1399","Panama",2008,3.72680844312093
"1400","Panama",2009,3.69102307809777
"1401","Panama",2010,3.67008259406546
"1402","Paraguay",1990,5.05729390641318
"1403","Paraguay",1991,4.92083577282926
"1404","Paraguay",1992,4.76272325048067
"1405","Paraguay",1993,4.86446339330766
"1406","Paraguay",1994,4.83627720354686
"1407","Paraguay",1995,4.80809101378605
"1408","Paraguay",1996,4.77990482402526
"1409","Paraguay",1997,4.75171863426446
"1410","Paraguay",1998,4.72353244450366
"1411","Paraguay",1999,4.69534625474286
"1412","Paraguay",2000,4.66716006498206
"1413","Paraguay",2001,4.63897387522126
"1414","Paraguay",2002,4.63244207422508
"1415","Peru",1991,5.26994545925725
"1416","Peru",1992,4.99057639879206
"1417","Peru",1993,4.57746156671389
"1418","Peru",1994,4.8592804995188
"1419","Peru",1995,4.7936325498822
"1420","Peru",1996,4.86303582640753
"1421","Peru",1997,4.66233665060895
"1422","Peru",1998,4.59668870097235
"1423","Peru",1999,4.53104075133572
"1424","Peru",2000,4.52691528238583
"1425","Peru",2001,4.3997448520625
"1426","Peru",2002,4.33409690242587
"1427","Peru",2003,4.26844895278924
"1428","Peru",2004,4.20280100315262
"1429","Peru",2005,4.01425486548342
"1430","Peru",2006,4.07150510387939
"1431","Peru",2007,4.00984704852941
"1432","Peru",2008,3.94020920460616
"1433","Peru",2009,3.93179285709359
"1434","Peru",2010,3.76791051240708
"1435","Peru",2011,3.70855203212774
"1436","Peru",2012,3.75218227894024
"1437","Philippines",1990,5.20892255134375
"1438","Philippines",1991,5.21783697144548
"1439","Philippines",1992,5.19206614296701
"1440","Philippines",1993,5.32823209725936
"1441","Philippines",1994,5.14052448601008
"1442","Philippines",1995,5.06829693456516
"1443","Philippines",1996,5.08898282905315
"1444","Philippines",1997,5.06321200057469
"1445","Philippines",1998,5.07457609748342
"1446","Philippines",1999,5.01167034361776
"1447","Philippines",2000,4.90809855220958
"1448","Philippines",2001,4.96012868666082
"1449","Philippines",2002,4.93435785818236
"1450","Philippines",2003,4.8183069940137
"1451","Philippines",2004,4.88281620122543
"1452","Philippines",2005,4.85704537274697
"1453","Philippines",2006,4.8312745442685
"1454","Philippines",2007,4.76298356252443
"1455","Philippines",2008,4.78124408513119
"1456","Philippines",2009,4.7539620588331
"1457","Philippines",2010,4.72819123035464
"1458","Philippines",2011,4.70242040187618
"1459","Philippines",2012,4.67664957339771
"1460","Philippines",2013,4.74203896237376
"1461","Poland",1988,3.0465090859407
"1462","Poland",1989,3.05794964503503
"1463","Poland",1990,3.047611993554
"1464","Poland",1991,3.03727434207297
"1465","Poland",1992,3.02693669059193
"1466","Poland",1993,3.0165990391109
"1467","Poland",1994,3.00626138762987
"1468","Poland",1995,2.99592373614884
"1469","Poland",1996,2.98558608466781
"1470","Poland",1997,2.97524843318677
"1471","Poland",1998,2.96491078170574
"1472","Poland",1999,2.95457313022471
"1473","Poland",2000,2.94423547874368
"1474","Poland",2001,3.06318764321443
"1475","Poland",2002,2.83556025175002
"1476","Poland",2003,2.91322252430058
"1477","Poland",2004,2.90288487281955
"1478","Poland",2005,2.89254722133852
"1479","Poland",2006,2.88220956985749
"1480","Poland",2007,2.87187191837646
"1481","Poland",2008,2.86153426689542
"1482","Poland",2009,2.85119661541439
"1483","Poland",2010,2.84085896393336
"1484","Poland",2011,2.81100963110752
"1485","Portugal",1991,3.11232604373757
"1486","Portugal",1992,3.0813235449635
"1487","Portugal",1993,3.05649716021776
"1488","Portugal",1994,3.03167077547202
"1489","Portugal",1995,3.00684439072627
"1490","Portugal",1996,2.98201800598053
"1491","Portugal",1997,2.95719162123478
"1492","Portugal",1998,2.93236523648904
"1493","Portugal",1999,2.9075388517433
"1494","Portugal",2000,2.88271246699755
"1495","Portugal",2001,2.84553385419515
"1496","Portugal",2002,2.83305969750606
"1497","Portugal",2003,2.80823331276031
"1498","Portugal",2004,2.78340692801457
"1499","Portugal",2005,2.75858054326883
"1500","Portugal",2006,2.73375415852308
"1501","Portugal",2007,2.70892777377734
"1502","Portugal",2008,2.6841013890316
"1503","Portugal",2009,2.65927500428585
"1504","Portugal",2010,2.63444861954011
"1505","Portugal",2011,2.6157983488227
"1506","Puerto Rico",1990,3.16566884227348
"1507","Puerto Rico",1991,3.15704740133467
"1508","Puerto Rico",1992,3.13144100057239
"1509","Puerto Rico",1993,3.10583459981012
"1510","Puerto Rico",1994,3.08022819904784
"1511","Puerto Rico",1995,3.05462179828557
"1512","Puerto Rico",1996,3.0290153975233
"1513","Puerto Rico",1997,3.00340899676102
"1514","Puerto Rico",1998,2.97780259599875
"1515","Puerto Rico",1999,2.95219619523647
"1516","Puerto Rico",2000,2.97752125740789
"1517","Puerto Rico",2001,2.90098339371193
"1518","Puerto Rico",2002,2.87537699294965
"1519","Puerto Rico",2003,2.84977059218738
"1520","Puerto Rico",2004,2.82416419142511
"1521","Puerto Rico",2005,2.76463470408928
"1522","Puerto Rico",2006,2.77295138990056
"1523","Puerto Rico",2007,2.74734498913829
"1524","Puerto Rico",2008,2.72173858837602
"1525","Puerto Rico",2009,2.69613218761374
"1526","Puerto Rico",2010,2.67050237031479
"1527","Romania",1992,3.07140054277584
"1528","Romania",1993,3.08898344634829
"1529","Romania",1994,3.07118872085675
"1530","Romania",1995,3.05339399536521
"1531","Romania",1996,3.03559926987367
"1532","Romania",1997,3.01780454438213
"1533","Romania",1998,3.00000981889059
"1534","Romania",1999,2.98221509339905
"1535","Romania",2000,2.9644203679075
"1536","Romania",2001,3.02249121070418
"1537","Romania",2002,2.91922194685041
"1538","Romania",2003,2.91103619143288
"1539","Romania",2004,2.89324146594134
"1540","Romania",2005,2.8754467404498
"1541","Romania",2006,2.85765201495825
"1542","Romania",2007,2.83985728946671
"1543","Romania",2008,2.82206256397517
"1544","Romania",2009,2.80426783848363
"1545","Romania",2010,2.78647311299208
"1546","Romania",2011,2.73779941835034
"1547","Russian Federation",2002,2.70822185913382
"1548","Russian Federation",2003,2.69263779681757
"1549","Russian Federation",2004,2.67705373450134
"1550","Russian Federation",2005,2.66146967218511
"1551","Russian Federation",2006,2.64588560986887
"1552","Russian Federation",2007,2.63030154755264
"1553","Russian Federation",2008,2.6147174852364
"1554","Russian Federation",2009,2.59913342292017
"1555","Russian Federation",2010,2.58354936060394
"1556","Rwanda",1991,4.73580539188956
"1557","Rwanda",1992,4.97675632124235
"1558","Rwanda",1993,4.7960483878944
"1559","Rwanda",1994,4.77099447594957
"1560","Rwanda",1995,4.74594056400475
"1561","Rwanda",1996,4.72088665205992
"1562","Rwanda",1997,4.69583274011509
"1563","Rwanda",1998,4.67077882817027
"1564","Rwanda",1999,4.64572491622545
"1565","Rwanda",2000,4.5604357867251
"1566","Rwanda",2001,4.59561709233579
"1567","Rwanda",2002,4.53023315588644
"1568","Rwanda",2003,4.54550926844615
"1569","Rwanda",2004,4.52045535650132
"1570","Rwanda",2005,4.57209299233103
"1571","Rwanda",2006,4.47034753261167
"1572","Rwanda",2007,4.44529362066685
"1573","Rwanda",2008,4.34400228307289
"1574","Rwanda",2009,4.39518579677719
"1575","Rwanda",2010,4.44103633923643
"1576","Rwanda",2011,4.34507797288754
"1577","Rwanda",2012,4.28949739323161
"1578","Rwanda",2013,4.29497014899789
"1579","Rwanda",2014,4.26991623705307
"1580","Rwanda",2015,4.25929245684135
"1581","Sao Tome and Principe",2008,3.83645112284655
"1582","Senegal",1988,8.82914773900475
"1583","Senegal",1989,9.0659520289619
"1584","Senegal",1990,9.05492444287859
"1585","Senegal",1991,9.04389685679527
"1586","Senegal",1992,9.03286927071196
"1587","Senegal",1993,8.83446712018141
"1588","Senegal",1994,9.01081409854533
"1589","Senegal",1995,8.99978651246202
"1590","Senegal",1996,8.9887589263787
"1591","Senegal",1997,8.98112300487859
"1592","Senegal",1998,8.96670375421207
"1593","Senegal",1999,8.95567616812876
"1594","Senegal",2000,8.94464858204544
"1595","Senegal",2001,8.93362099596213
"1596","Senegal",2002,9.14306429573995
"1597","Senegal",2003,8.9115658237955
"1598","Senegal",2004,8.90053823771218
"1599","Senegal",2005,8.6950899268853
"1600","Senegal",2006,9.38889677586268
"1601","Senegal",2007,8.86745547946224
"1602","Senegal",2008,9.25287114032411
"1603","Senegal",2009,8.84540030729561
"1604","Senegal",2010,8.83437272121229
"1605","Senegal",2011,9.32050214112809
"1606","Senegal",2012,8.81231754904567
"1607","Senegal",2013,8.89430998125988
"1608","Senegal",2014,8.61550260725592
"1609","Senegal",2015,8.32472762088112
"1610","Senegal",2016,8.30620477747803
"1611","Serbia",2002,2.96579432728196
"1612","Serbia",2003,2.95616883328941
"1613","Serbia",2004,2.94654333929687
"1614","Serbia",2005,2.93691784530433
"1615","Serbia",2006,2.92729235131178
"1616","Serbia",2007,2.91766685731924
"1617","Serbia",2008,2.9080413633267
"1618","Serbia",2009,2.89841586933415
"1619","Serbia",2010,2.88879037534161
"1620","Serbia",2011,2.87916488134907
"1621","Seychelles",2002,3.77862155147554
"1622","Sierra Leone",2004,5.99498780487805
"1623","Sierra Leone",2005,5.95729832967191
"1624","Sierra Leone",2006,5.94725572487283
"1625","Sierra Leone",2007,5.93721312007375
"1626","Sierra Leone",2008,5.87740614854195
"1627","Sierra Leone",2009,5.91712791047558
"1628","Sierra Leone",2010,5.9070853056765
"1629","Sierra Leone",2011,5.89704270087742
"1630","Sierra Leone",2012,5.88700009607834
"1631","Sierra Leone",2013,5.89907498760491
"1632","Singapore",2000,3.57709405632233
"1633","Singapore",2001,3.54852813365575
"1634","Singapore",2002,3.51996221098917
"1635","Singapore",2003,3.49139628832259
"1636","Singapore",2004,3.46283036565601
"1637","Singapore",2005,3.43426444298943
"1638","Singapore",2006,3.40569852032285
"1639","Singapore",2007,3.37713259765627
"1640","Singapore",2008,3.34856667498969
"1641","Singapore",2009,3.32000075232311
"1642","Singapore",2010,3.29143482965652
"1643","Sint Maarten (Dutch part)",2011,2.5798973082309
"1644","Slovenia",2001,2.62645347791811
"1645","Slovenia",2002,2.83477401024434
"1646","Slovenia",2003,2.68657827810345
"1647","Slovenia",2004,2.66131918888224
"1648","Slovenia",2005,2.63606009966103
"1649","Slovenia",2006,2.61080101043981
"1650","Slovenia",2007,2.58554192121861
"1651","Slovenia",2008,2.5602828319974
"1652","Slovenia",2009,2.53502374277619
"1653","Slovenia",2010,2.50976465355498
"1654","Slovenia",2011,2.47221190004179
"1655","South Africa",1996,4.05813954105121
"1656","South Africa",1997,4.13210974088399
"1657","South Africa",1998,4.24751226599836
"1658","South Africa",1999,4.03040788331039
"1659","South Africa",2000,3.97955695452359
"1660","South Africa",2001,3.83743600471713
"1661","South Africa",2002,3.87785509695
"1662","South Africa",2003,3.8270041681632
"1663","South Africa",2004,3.7761532393764
"1664","South Africa",2005,3.72530231058961
"1665","South Africa",2006,3.67445138180281
"1666","South Africa",2007,3.77953101270926
"1667","South Africa",2008,3.57274952422921
"1668","South Africa",2009,3.52189859544242
"1669","South Africa",2010,3.47104766665562
"1670","South Africa",2011,3.31410387391345
"1671","South Sudan",2008,5.9479727880003
"1672","Spain",1991,3.26054884968499
"1673","Spain",1992,3.21679431402791
"1674","Spain",1993,3.18452579955236
"1675","Spain",1994,3.15225728507681
"1676","Spain",1995,3.11998877060128
"1677","Spain",1996,3.08772025612573
"1678","Spain",1997,3.05545174165019
"1679","Spain",1998,3.02318322717466
"1680","Spain",1999,2.99091471269911
"1681","Spain",2000,2.95864619822356
"1682","Spain",2001,2.90340564138493
"1683","Spain",2002,2.89410916927248
"1684","Spain",2003,2.86184065479694
"1685","Spain",2004,2.82957214032139
"1686","Spain",2005,2.79730362584586
"1687","Spain",2006,2.76503511137031
"1688","Spain",2007,2.73276659689476
"1689","Spain",2008,2.70049808241922
"1690","Spain",2009,2.66822956794368
"1691","Spain",2010,2.63596105346814
"1692","Spain",2011,2.61517856017415
"1693","Sudan",2008,5.59037592812814
"1694","Suriname",2004,3.94080817734868
"1695","Switzerland",1990,2.32370132600712
"1696","Switzerland",1991,2.31420509839632
"1697","Switzerland",1992,2.30470887078553
"1698","Switzerland",1993,2.29521264317474
"1699","Switzerland",1994,2.28571641556394
"1700","Switzerland",1995,2.27622018795315
"1701","Switzerland",1996,2.26672396034235
"1702","Switzerland",1997,2.25722773273156
"1703","Switzerland",1998,2.24773150512076
"1704","Switzerland",1999,2.23823527750997
"1705","Switzerland",2000,2.22873904989918
"1706","Tajikistan",2012,6.27057996749024
"1707","Tanzania",1988,5.05402877635546
"1708","Tanzania",1989,5.0783480008379
"1709","Tanzania",1990,5.06957590869467
"1710","Tanzania",1991,5.06080381655145
"1711","Tanzania",1992,5.31294084774408
"1712","Tanzania",1993,5.043259632265
"1713","Tanzania",1994,5.03448754012178
"1714","Tanzania",1995,5.02571544797856
"1715","Tanzania",1996,4.89859249222315
"1716","Tanzania",1997,5.00817126369211
"1717","Tanzania",1998,4.99939917154889
"1718","Tanzania",1999,5.01766668288712
"1719","Tanzania",2000,4.98185498726244
"1720","Tanzania",2001,4.97308289511922
"1721","Tanzania",2002,4.6401079005753
"1722","Tanzania",2003,4.95553871083277
"1723","Tanzania",2004,4.92841339141195
"1724","Tanzania",2005,4.93799452654632
"1725","Tanzania",2006,4.9292224344031
"1726","Tanzania",2007,4.9929680490201
"1727","Tanzania",2008,4.91167825011665
"1728","Tanzania",2009,4.90290615797343
"1729","Tanzania",2010,4.96823264243192
"1730","Tanzania",2011,4.88536197368698
"1731","Tanzania",2012,4.93474893463317
"1732","Tanzania",2013,4.86781778940054
"1733","Tanzania",2014,4.85904569725732
"1734","Tanzania",2015,4.85154785176155
"1735","Thailand",1990,4.29338664280429
"1736","Thailand",1991,4.23342638812736
"1737","Thailand",1992,4.17346613345045
"1738","Thailand",1993,4.11350587877354
"1739","Thailand",1994,4.05354562409663
"1740","Thailand",1995,3.99358536941972
"1741","Thailand",1996,3.93362511474281
"1742","Thailand",1997,3.8736648600659
"1743","Thailand",1998,3.81370460538899
"1744","Thailand",1999,3.75374435071208
"1745","Thailand",2000,3.69378409603518
"1746","Timor-Leste",2004,4.71095905868836
"1747","Timor-Leste",2005,4.93771924401574
"1748","Timor-Leste",2006,5.16447942934309
"1749","Timor-Leste",2007,5.39123961467038
"1750","Timor-Leste",2008,5.61799979999773
"1751","Timor-Leste",2009,5.84475998532508
"1752","Togo",1998,5.3889652382334
"1753","Togo",1999,5.3366118111887
"1754","Togo",2000,5.28425838414402
"1755","Togo",2001,5.23190495709936
"1756","Togo",2002,5.1795515300547
"1757","Togo",2003,5.12719810301003
"1758","Togo",2004,5.07484467596537
"1759","Togo",2005,5.0224912489207
"1760","Togo",2006,4.97013782187604
"1761","Togo",2007,4.91778439483137
"1762","Togo",2008,4.86543096778671
"1763","Togo",2009,4.81307754074204
"1764","Togo",2010,4.76072411369738
"1765","Togo",2011,4.7083706866527
"1766","Togo",2012,4.65601725960803
"1767","Togo",2013,4.60366383256337
"1768","Togo",2014,4.55131040551872
"1769","Trinidad and Tobago",1990,4.11044623636297
"1770","Trinidad and Tobago",1991,4.05292264732672
"1771","Trinidad and Tobago",1992,4.01397552046802
"1772","Trinidad and Tobago",1993,3.97502839360931
"1773","Trinidad and Tobago",1994,3.93608126675059
"1774","Trinidad and Tobago",1995,3.89713413989189
"1775","Trinidad and Tobago",1996,3.85818701303317
"1776","Trinidad and Tobago",1997,3.81923988617446
"1777","Trinidad and Tobago",1998,3.78029275931574
"1778","Trinidad and Tobago",1999,3.74134563245704
"1779","Trinidad and Tobago",2000,3.66693435053202
"1780","Trinidad and Tobago",2001,3.66345137873961
"1781","Trinidad and Tobago",2002,3.62450425188091
"1782","Trinidad and Tobago",2003,3.58555712502219
"1783","Trinidad and Tobago",2004,3.54660999816348
"1784","Trinidad and Tobago",2005,3.50766287130477
"1785","Trinidad and Tobago",2006,3.46871574444606
"1786","Trinidad and Tobago",2007,3.42976861758734
"1787","Trinidad and Tobago",2008,3.39082149072864
"1788","Trinidad and Tobago",2009,3.35187436386992
"1789","Trinidad and Tobago",2010,3.31292723701121
"1790","Trinidad and Tobago",2011,3.29086780304119
"1791","Turkey",1985,4.57629289479979
"1792","Turkey",1986,4.64439612246094
"1793","Turkey",1987,4.61842464088651
"1794","Turkey",1988,4.59245315931209
"1795","Turkey",1989,4.56648167773766
"1796","Turkey",1990,4.56132858077439
"1797","Turkey",1991,4.5145387145888
"1798","Turkey",1992,4.48856723301438
"1799","Turkey",1993,4.56786400807908
"1800","Turkey",1994,4.43662426986553
"1801","Turkey",1995,4.4106527882911
"1802","Turkey",1996,4.38468130671667
"1803","Turkey",1997,4.35870982514224
"1804","Turkey",1998,4.35457650677294
"1805","Turkey",1999,4.30676686199339
"1806","Turkey",2000,4.33254095258332
"1807","Turkey",2001,4.25482389884453
"1808","Turkey",2002,4.2288524172701
"1809","Turkey",2003,4.20288093569568
"1810","Turkey",2004,4.07131378673696
"1811","Uganda",1991,4.87080293632389
"1812","Uganda",1992,4.8544868233855
"1813","Uganda",1993,4.85143484674376
"1814","Uganda",1994,4.84838287010201
"1815","Uganda",1995,4.76064610104322
"1816","Uganda",1996,4.84227891681852
"1817","Uganda",1997,4.83922694017678
"1818","Uganda",1998,4.83617496353503
"1819","Uganda",1999,4.83312298689329
"1820","Uganda",2000,4.80261040245642
"1821","Uganda",2001,4.8270190336098
"1822","Uganda",2002,4.81667329946703
"1823","Uganda",2003,4.82091508032631
"1824","Uganda",2004,4.81786310368457
"1825","Uganda",2005,4.81481112704282
"1826","Uganda",2006,4.96641063947501
"1827","Uganda",2007,4.80870717375934
"1828","Uganda",2008,4.80565519711759
"1829","Uganda",2009,4.74826731082441
"1830","Uganda",2010,4.7995512438341
"1831","Uganda",2011,4.90202377172303
"1832","Uganda",2012,4.79344729055061
"1833","Uganda",2013,4.79039531390887
"1834","Uganda",2014,4.93458009589012
"1835","Uganda",2015,4.78429136062538
"1836","Uganda",2016,4.53433756282406
"1837","Ukraine",2001,2.67371132411974
"1838","Ukraine",2002,2.63780917332691
"1839","Ukraine",2003,2.60190702253408
"1840","Ukraine",2004,2.56600487174126
"1841","Ukraine",2005,2.53010272094842
"1842","Ukraine",2006,2.49420057015558
"1843","Ukraine",2007,2.45829841936276
"1844","United Kingdom",1991,2.47783028329656
"1845","United Kingdom",1992,2.4520467862361
"1846","United Kingdom",1993,2.44346071209927
"1847","United Kingdom",1994,2.43487463796243
"1848","United Kingdom",1995,2.4262885638256
"1849","United Kingdom",1996,2.41770248968876
"1850","United Kingdom",1997,2.40911641555193
"1851","United Kingdom",1998,2.40053034141509
"1852","United Kingdom",1999,2.39194426727826
"1853","United Kingdom",2000,2.38335819314143
"1854","United Kingdom",2001,2.34037727315734
"1855","United Kingdom",2002,2.36618604486776
"1856","United Kingdom",2003,2.35759997073092
"1857","United Kingdom",2004,2.34901389659409
"1858","United Kingdom",2005,2.34042782245725
"1859","United Kingdom",2006,2.33184174832042
"1860","United Kingdom",2007,2.32325567418359
"1861","United Kingdom",2008,2.31466960004675
"1862","United Kingdom",2009,2.30608352590992
"1863","United Kingdom",2010,2.29749745177308
"1864","United Kingdom",2011,2.30610880055988
"1865","United States",1990,2.62996769792216
"1866","United States",1991,2.62244846016179
"1867","United States",1992,2.61754101619983
"1868","United States",1993,2.61263357223786
"1869","United States",1994,2.6077261282759
"1870","United States",1995,2.60281868431393
"1871","United States",1996,2.59791124035196
"1872","United States",1997,2.59300379639
"1873","United States",1998,2.58809635242803
"1874","United States",1999,2.58318890846606
"1875","United States",2000,2.58952908094011
"1876","United States",2001,2.57337402054213
"1877","United States",2002,2.56846657658017
"1878","United States",2003,2.5635591326182
"1879","United States",2004,2.55865168865624
"1880","United States",2005,2.52080183662865
"1881","United States",2006,2.5488368007323
"1882","United States",2007,2.54392935677034
"1883","United States",2008,2.53902191280837
"1884","United States",2009,2.53411446884641
"1885","United States",2010,2.54829002271565
"1886","Uruguay",1985,3.33563135819062
"1887","Uruguay",1986,3.35043552104938
"1888","Uruguay",1987,3.32980231761019
"1889","Uruguay",1988,3.30916911417099
"1890","Uruguay",1989,3.2885359107318
"1891","Uruguay",1990,3.26790270729261
"1892","Uruguay",1991,3.24726950385341
"1893","Uruguay",1992,3.22663630041421
"1894","Uruguay",1993,3.20600309697502
"1895","Uruguay",1994,3.18536989353582
"1896","Uruguay",1995,3.16473669009663
"1897","Uruguay",1996,3.19542099465714
"1898","Uruguay",1997,3.12347028321824
"1899","Uruguay",1998,3.10283707977904
"1900","Uruguay",1999,3.08220387633985
"1901","Uruguay",2000,3.06157067290066
"1902","Uruguay",2001,3.04093746946146
"1903","Uruguay",2002,3.02030426602226
"1904","Uruguay",2003,2.99967106258307
"1905","Uruguay",2004,2.97903785914388
"1906","Uruguay",2005,2.95840465570468
"1907","Uruguay",2006,2.96809323301573
"1908","Uruguay",2007,2.91713824882629
"1909","Uruguay",2008,2.89650504538709
"1910","Uruguay",2009,2.87587184194791
"1911","Uruguay",2010,2.85523863850871
"1912","Uruguay",2011,2.78840351261752
"1913","Uzbekistan",1996,5.24207713780226
"1914","Venezuela, RB",1990,4.80336418086897
"1915","Venezuela, RB",1991,4.76045485735534
"1916","Venezuela, RB",1992,4.71754553384172
"1917","Venezuela, RB",1993,4.6746362103281
"1918","Venezuela, RB",1994,4.63172688681448
"1919","Venezuela, RB",1995,4.58881756330086
"1920","Venezuela, RB",1996,4.54590823978724
"1921","Venezuela, RB",1997,4.50299891627363
"1922","Venezuela, RB",1998,4.46008959276
"1923","Venezuela, RB",1999,4.41718026924639
"1924","Venezuela, RB",2000,4.37427094573276
"1925","Venezuela, RB",2001,4.33136162221914
"1926","Yemen, Rep.",1991,6.68716142625032
"1927","Yemen, Rep.",1992,6.68650320873573
"1928","Yemen, Rep.",1993,6.68584499122113
"1929","Yemen, Rep.",1994,6.68518677370654
"1930","Yemen, Rep.",1995,6.68452855619195
"1931","Yemen, Rep.",1996,6.68387033867736
"1932","Yemen, Rep.",1997,6.68321212116276
"1933","Yemen, Rep.",1998,6.68255390364817
"1934","Yemen, Rep.",1999,6.68189568613358
"1935","Yemen, Rep.",2000,6.68123746861898
"1936","Yemen, Rep.",2001,6.68057925110439
"1937","Yemen, Rep.",2002,6.6799210335898
"1938","Yemen, Rep.",2003,6.67926281607521
"1939","Yemen, Rep.",2004,6.67860459856061
"1940","Yemen, Rep.",2005,6.67794638104602
"1941","Yemen, Rep.",2006,6.67728816353143
"1942","Yemen, Rep.",2007,6.67662994601684
"1943","Yemen, Rep.",2008,6.67597172850224
"1944","Yemen, Rep.",2009,6.67531351098765
"1945","Yemen, Rep.",2010,6.67465529347306
"1946","Yemen, Rep.",2011,6.67399707595847
"1947","Yemen, Rep.",2012,6.67333885844387
"1948","Yemen, Rep.",2013,6.67268064092928
"1949","Zambia",1990,5.8453633948535
"1950","Zambia",1991,5.622835057428
"1951","Zambia",1992,5.60973326258951
"1952","Zambia",1993,5.56328087742838
"1953","Zambia",1994,5.53350378742857
"1954","Zambia",1995,5.50372669742876
"1955","Zambia",1996,5.37900032799828
"1956","Zambia",1997,5.44417251742914
"1957","Zambia",1998,5.41439542742933
"1958","Zambia",1999,5.38461833742952
"1959","Zambia",2000,5.24047600859915
"1960","Zambia",2001,5.32506415742991
"1961","Zambia",2002,5.24481421483225
"1962","Zambia",2003,5.26550997743028
"1963","Zambia",2004,5.23573288743047
"1964","Zambia",2005,5.20595579743067
"1965","Zambia",2006,5.17617870743086
"1966","Zambia",2007,4.88329968193332
"1967","Zambia",2008,5.11662452743123
"1968","Zambia",2009,5.08684743743142
"1969","Zambia",2010,5.20748333326668
"1970","Zambia",2011,5.02729325743181
"1971","Zambia",2012,4.997516167432
"1972","Zambia",2013,5.13078885536711
"1973","Zimbabwe",1994,4.69003953375104
"1974","Zimbabwe",1995,4.53667854055861
"1975","Zimbabwe",1996,4.51335121070142
"1976","Zimbabwe",1997,4.49002388084424
"1977","Zimbabwe",1998,4.46669655098705
"1978","Zimbabwe",1999,4.18811250436339
"1979","Zimbabwe",2000,4.42004189127267
"1980","Zimbabwe",2001,4.39671456141549
"1981","Zimbabwe",2002,4.3733872315583
"1982","Zimbabwe",2003,4.35005990170111
"1983","Zimbabwe",2004,4.32673257184392
"1984","Zimbabwe",2005,4.45590968551986
"1985","Zimbabwe",2006,4.28007791212955
"1986","Zimbabwe",2007,4.25675058227236
"1987","Zimbabwe",2008,4.23342325241517
"1988","Zimbabwe",2009,4.21009592255798
"1989","Zimbabwe",2010,4.15243981327922
"1990","Zimbabwe",2011,4.16344126284361
"1991","Zimbabwe",2012,4.14011393298642
"1992","Zimbabwe",2013,4.11678660312923
"1993","Zimbabwe",2014,4.09345927327205
"1994","Zimbabwe",2015,4.07717933273453
