"","Country","Year","percent_of_gdp_spent_on_education"
"1","Albania",1994,3.26519
"2","Albania",1995,3.76471
"3","Albania",1996,2.9763
"4","Albania",1997,3.23428
"5","Albania",1998,3.32642
"6","Albania",1999,3.37971
"7","Albania",2000,3.28692
"8","Albania",2001,3.3406
"9","Albania",2002,3.05664
"10","Albania",2003,3.06427
"11","Albania",2004,3.17008
"12","Albania",2005,3.23872
"13","Albania",2006,3.15719
"14","Albania",2007,3.26868
"15","Albania",2008,3.39516640756302
"16","Albania",2009,3.40994533613445
"17","Albania",2010,3.42472426470588
"18","Albania",2011,3.43950319327731
"19","Albania",2012,3.45428212184873
"20","Albania",2013,3.5393
"21","Albania",2014,3.48383997899159
"22","Albania",2015,3.43797
"23","Albania",2016,3.95464
"24","Antigua and Barbuda",1999,2.75397
"25","Antigua and Barbuda",2000,3.02743443037974
"26","Antigua and Barbuda",2001,2.98575310126581
"27","Antigua and Barbuda",2002,3.39428
"28","Antigua and Barbuda",2003,2.90239044303797
"29","Antigua and Barbuda",2004,2.86070911392405
"30","Antigua and Barbuda",2005,2.81902778481012
"31","Antigua and Barbuda",2006,2.77734645569619
"32","Antigua and Barbuda",2007,2.73566512658226
"33","Antigua and Barbuda",2008,2.69398379746833
"34","Antigua and Barbuda",2009,2.51724
"35","Argentina",1985,1.36186
"36","Argentina",1986,1.26155
"37","Argentina",1987,1.2823
"38","Argentina",1988,1.7430525807888
"39","Argentina",1989,1.04612
"40","Argentina",1990,1.06738
"41","Argentina",1991,2.2005786093157
"42","Argentina",1992,2.35308728549131
"43","Argentina",1993,2.50559596166693
"44","Argentina",1994,2.65810463784254
"45","Argentina",1995,2.81061331401816
"46","Argentina",1996,3.73198
"47","Argentina",1997,3.11563066636938
"48","Argentina",1998,4.03987
"49","Argentina",1999,4.52168
"50","Argentina",2000,4.58031
"51","Argentina",2001,4.83374
"52","Argentina",2002,4.01734
"53","Argentina",2003,3.53505
"54","Argentina",2004,3.48652
"55","Argentina",2005,3.86001
"56","Argentina",2006,4.12821
"57","Argentina",2007,4.4626
"58","Argentina",2008,4.84441
"59","Argentina",2009,5.53105
"60","Argentina",2010,5.01971
"61","Argentina",2011,5.29063
"62","Argentina",2012,5.34583
"63","Argentina",2013,5.43661
"64","Argentina",2014,5.36144
"65","Argentina",2015,5.77611
"66","Argentina",2016,5.57218
"67","Armenia",1996,1.84843
"68","Armenia",1997,2.30369133436908
"69","Armenia",1998,2.34310359312965
"70","Armenia",1999,2.23519
"71","Armenia",2000,2.77273
"72","Armenia",2001,2.46944
"73","Armenia",2002,2.13504
"74","Armenia",2003,2.14504
"75","Armenia",2004,2.48673
"76","Armenia",2005,2.71203
"77","Armenia",2006,2.71577
"78","Armenia",2007,3.01894
"79","Armenia",2008,3.17273
"80","Armenia",2009,3.84079
"81","Armenia",2010,3.249
"82","Armenia",2011,3.14385
"83","Armenia",2012,2.77248
"84","Armenia",2013,2.65018
"85","Armenia",2014,2.24724
"86","Armenia",2015,2.80591
"87","Armenia",2016,2.75812
"88","Aruba",1998,4.76316
"89","Aruba",1999,4.39554
"90","Aruba",2000,4.71468
"91","Aruba",2001,4.73948
"92","Aruba",2002,4.92428
"93","Aruba",2003,4.9390441719745
"94","Aruba",2004,4.40891
"95","Aruba",2005,4.68076
"96","Aruba",2006,5.35847783439488
"97","Aruba",2007,4.81504
"98","Aruba",2008,4.99923
"99","Aruba",2009,5.92479
"100","Aruba",2010,6.92927
"101","Aruba",2011,6.11913
"102","Aruba",2012,6.54906
"103","Aruba",2013,6.80806
"104","Aruba",2014,6.16293
"105","Aruba",2015,6.47906
"106","Australia",1985,5.40677
"107","Australia",1986,5.28191
"108","Australia",1987,5.07159
"109","Australia",1988,4.91881
"110","Australia",1989,4.74832
"111","Australia",1990,4.67556
"112","Australia",1991,4.79385
"113","Australia",1992,4.69172
"114","Australia",1993,5.51654
"115","Australia",1994,5.255
"116","Australia",1995,5.14391
"117","Australia",1996,5.24097
"118","Australia",1997,5.0369653490282
"119","Australia",1998,5.03812022584177
"120","Australia",1999,5.03927510265535
"121","Australia",2000,4.89369
"122","Australia",2001,5.04158485628251
"123","Australia",2002,5.04273973309609
"124","Australia",2003,5.04389460990966
"125","Australia",2004,5.04504948672324
"126","Australia",2005,4.91573
"127","Australia",2006,4.75359
"128","Australia",2007,4.66711
"129","Australia",2008,4.64397
"130","Australia",2009,5.09327
"131","Australia",2010,5.55917
"132","Australia",2011,5.08313
"133","Australia",2012,4.87765
"134","Australia",2013,5.23801
"135","Australia",2014,5.17368
"136","Australia",2015,5.32175
"137","Austria",1985,5.29721
"138","Austria",1986,5.49996
"139","Austria",1987,5.37611
"140","Austria",1988,5.19073
"141","Austria",1989,5.01817
"142","Austria",1990,4.95725
"143","Austria",1991,5.10322
"144","Austria",1992,5.29698
"145","Austria",1993,5.252
"146","Austria",1994,5.35972233943914
"147","Austria",1995,5.42835
"148","Austria",1996,5.2599
"149","Austria",1997,5.38683663708282
"150","Austria",1998,6.10374
"151","Austria",1999,6.11234
"152","Austria",2000,5.58881
"153","Austria",2001,5.57548
"154","Austria",2002,5.52213
"155","Austria",2003,5.36183
"156","Austria",2004,5.30243
"157","Austria",2005,5.24937
"158","Austria",2006,5.22652
"159","Austria",2007,5.1469
"160","Austria",2008,5.26396
"161","Austria",2009,5.73025
"162","Austria",2010,5.70048
"163","Austria",2011,5.59227
"164","Austria",2012,5.4804
"165","Austria",2013,5.54711
"166","Austria",2014,5.44898
"167","Austria",2015,5.45304
"168","Azerbaijan",1992,6.05797
"169","Azerbaijan",1993,4.26558431157429
"170","Azerbaijan",1994,4.17618318248304
"171","Azerbaijan",1995,3.33737
"172","Azerbaijan",1996,3.51252
"173","Azerbaijan",1997,3.90797979520931
"174","Azerbaijan",1998,3.38
"175","Azerbaijan",1999,4.21217
"176","Azerbaijan",2000,3.85399
"177","Azerbaijan",2001,3.50342
"178","Azerbaijan",2002,3.15449
"179","Azerbaijan",2003,3.28615
"180","Azerbaijan",2004,3.44766
"181","Azerbaijan",2005,2.97462
"182","Azerbaijan",2006,2.55552
"183","Azerbaijan",2007,2.54928
"184","Azerbaijan",2008,2.44093
"185","Azerbaijan",2009,3.22431
"186","Azerbaijan",2010,2.78062
"187","Azerbaijan",2011,2.43564
"188","Azerbaijan",2012,2.06763
"189","Azerbaijan",2013,2.44213
"190","Azerbaijan",2014,2.63304
"191","Azerbaijan",2015,2.95168
"192","Azerbaijan",2016,2.90341
"193","Bahrain",2006,2.87436
"194","Bahrain",2007,2.575
"195","Bahrain",2008,2.49678
"196","Bahrain",2009,2.63125867629363
"197","Bahrain",2010,2.62181186522263
"198","Bahrain",2011,2.61236505415163
"199","Bahrain",2012,2.64531
"200","Bahrain",2013,2.47688
"201","Bahrain",2014,2.46746
"202","Bahrain",2015,2.66808
"203","Bahrain",2016,2.66671
"204","Barbados",1991,6.60199
"205","Barbados",1992,5.72939544271844
"206","Barbados",1993,5.71339959999999
"207","Barbados",1994,5.69740375728155
"208","Barbados",1995,5.6814079145631
"209","Barbados",1996,5.66541207184465
"210","Barbados",1997,5.64941622912621
"211","Barbados",1998,5.63342038640776
"212","Barbados",1999,4.25458
"213","Barbados",2000,4.62151
"214","Barbados",2001,5.93509
"215","Barbados",2002,5.76335
"216","Barbados",2003,6.12136
"217","Barbados",2004,5.90407
"218","Barbados",2005,5.55696
"219","Barbados",2006,5.50545364466019
"220","Barbados",2007,5.18462
"221","Barbados",2008,5.0861
"222","Barbados",2009,5.31351
"223","Barbados",2010,6.09734
"224","Barbados",2011,5.42547443106796
"225","Barbados",2012,5.2589
"226","Barbados",2013,5.09774
"227","Barbados",2014,6.22941
"228","Barbados",2015,5.36149106019418
"229","Barbados",2016,5.09272
"230","Belarus",1999,6.00001
"231","Belarus",2000,6.19662
"232","Belarus",2001,5.9578687138756
"233","Belarus",2002,5.86947439617225
"234","Belarus",2003,5.7810800784689
"235","Belarus",2004,5.71226
"236","Belarus",2005,5.87103
"237","Belarus",2006,6.07696
"238","Belarus",2007,5.1521
"239","Belarus",2008,5.33910848995214
"240","Belarus",2009,4.51672
"241","Belarus",2010,5.22004
"242","Belarus",2011,4.68479
"243","Belarus",2012,4.95964
"244","Belarus",2013,5.00942
"245","Belarus",2014,4.81831
"246","Belarus",2015,4.78752
"247","Belarus",2016,4.94655
"248","Belgium",1986,4.82646
"249","Belgium",1987,4.55276
"250","Belgium",1988,4.27782
"251","Belgium",1989,4.27733414622645
"252","Belgium",1990,4.35311314150945
"253","Belgium",1991,4.42889213679248
"254","Belgium",1992,4.50467113207549
"255","Belgium",1993,5.34371
"256","Belgium",1994,5.38223
"257","Belgium",1995,2.97275
"258","Belgium",1996,3.02611
"259","Belgium",1997,4.88356610849058
"260","Belgium",1998,4.95934510377361
"261","Belgium",1999,5.03512409905662
"262","Belgium",2000,5.11090309433965
"263","Belgium",2001,5.18668208962265
"264","Belgium",2002,5.26246108490568
"265","Belgium",2003,5.33824008018868
"266","Belgium",2004,5.41401907547171
"267","Belgium",2005,5.48979807075474
"268","Belgium",2006,5.56557706603775
"269","Belgium",2007,5.64135606132078
"270","Belgium",2008,5.71713505660378
"271","Belgium",2009,5.79291405188681
"272","Belgium",2010,5.86869304716981
"273","Belgium",2011,5.94447204245284
"274","Belgium",2012,6.02025103773587
"275","Belgium",2013,6.09603003301888
"276","Belgium",2014,6.63898
"277","Belgium",2015,6.55238
"278","Belize",1999,5.44344
"279","Belize",2000,5.02843
"280","Belize",2001,5.79693
"281","Belize",2002,5.4267293618739
"282","Belize",2003,5.20682
"283","Belize",2004,5.29927
"284","Belize",2005,5.71537911147004
"285","Belize",2006,5.81159569466877
"286","Belize",2007,5.90781227786749
"287","Belize",2008,5.68776
"288","Belize",2009,6.10014
"289","Belize",2010,6.621
"290","Belize",2011,6.29267861066234
"291","Belize",2012,6.38889519386106
"292","Belize",2013,6.21806
"293","Belize",2014,6.47866
"294","Belize",2015,6.72252
"295","Belize",2016,7.06045
"296","Brazil",1995,4.56816
"297","Brazil",1996,3.72548545252837
"298","Brazil",1997,3.8465417611167
"299","Brazil",1998,4.75666
"300","Brazil",1999,3.80062
"301","Brazil",2000,3.94893
"302","Brazil",2001,3.84468
"303","Brazil",2002,3.75037
"304","Brazil",2003,4.57287961264674
"305","Brazil",2004,3.97448
"306","Brazil",2005,4.47908
"307","Brazil",2006,4.8706
"308","Brazil",2007,4.97426
"309","Brazil",2008,5.26884
"310","Brazil",2009,5.46355
"311","Brazil",2010,5.6488
"312","Brazil",2011,5.73741
"313","Brazil",2012,5.8551
"314","Brazil",2013,5.83885
"315","Brazil",2014,5.94848
"316","Brazil",2015,6.24106
"317","Bulgaria",1990,4.45406
"318","Bulgaria",1991,5.42962
"319","Bulgaria",1992,5.26046
"320","Bulgaria",1993,4.95049
"321","Bulgaria",1994,4.17066
"322","Bulgaria",1995,3.44701
"323","Bulgaria",1996,2.71198
"324","Bulgaria",1997,4.05512896481211
"325","Bulgaria",1998,2.81427
"326","Bulgaria",1999,3.98768026071397
"327","Bulgaria",2000,3.95395590866489
"328","Bulgaria",2001,3.41018
"329","Bulgaria",2002,3.41238
"330","Bulgaria",2003,4.02938
"331","Bulgaria",2004,2.33781
"332","Bulgaria",2005,4.14106
"333","Bulgaria",2006,3.93202
"334","Bulgaria",2007,3.68211
"335","Bulgaria",2008,4.22437
"336","Bulgaria",2009,4.28575
"337","Bulgaria",2010,3.86346
"338","Bulgaria",2011,3.56303
"339","Bulgaria",2012,3.50203
"340","Bulgaria",2013,4.06197
"341","Cabo Verde",1998,6.39177
"342","Cabo Verde",1999,6.80168
"343","Cabo Verde",2000,6.91971824614359
"344","Cabo Verde",2001,6.79154498323277
"345","Cabo Verde",2002,7.87682
"346","Cabo Verde",2003,6.53519845741118
"347","Cabo Verde",2004,7.47664
"348","Cabo Verde",2005,6.27885193158954
"349","Cabo Verde",2006,6.5296
"350","Cabo Verde",2007,5.40755
"351","Cabo Verde",2008,5.518
"352","Cabo Verde",2009,5.30896
"353","Cabo Verde",2010,5.56729
"354","Cabo Verde",2011,5.04361
"355","Cabo Verde",2012,5.38163909121391
"356","Cabo Verde",2013,5.00144
"357","Cabo Verde",2014,4.96387
"358","Cabo Verde",2015,5.26691
"359","Cabo Verde",2016,5.36651
"360","Canada",1985,6.21287
"361","Canada",1986,6.04419
"362","Canada",1987,6.32446
"363","Canada",1988,6.17615
"364","Canada",1989,6.09832
"365","Canada",1990,5.99199
"366","Canada",1991,6.8843
"367","Canada",1992,6.77094
"368","Canada",1993,7.70426
"369","Canada",1994,6.68002
"370","Canada",1995,6.32445
"371","Canada",1996,5.88179301093558
"372","Canada",1997,5.81016814520046
"373","Canada",1998,5.51196
"374","Canada",1999,5.54994
"375","Canada",2000,5.44201
"376","Canada",2001,4.96958
"377","Canada",2002,5.01073
"378","Canada",2003,5.38041895078976
"379","Canada",2004,5.30879408505467
"380","Canada",2005,4.78215
"381","Canada",2006,5.16554435358444
"382","Canada",2007,4.78036
"383","Canada",2008,4.63826
"384","Canada",2009,4.85264
"385","Canada",2010,5.36993
"386","Canada",2011,5.27444
"387","Chile",1987,2.82329
"388","Chile",1988,2.25036711139899
"389","Chile",1989,2.33918463730572
"390","Chile",1990,2.25016
"391","Chile",1991,2.51681968911919
"392","Chile",1992,2.60563721502592
"393","Chile",1993,2.38372
"394","Chile",1994,2.51182
"395","Chile",1995,2.5647
"396","Chile",1996,2.79625
"397","Chile",1997,3.01246
"398","Chile",1998,3.34015
"399","Chile",1999,3.72922
"400","Chile",2000,3.77583
"401","Chile",2001,3.40499494818656
"402","Chile",2002,4.08121
"403","Chile",2003,3.96346
"404","Chile",2004,3.53839
"405","Chile",2005,3.26283
"406","Chile",2006,3.02153
"407","Chile",2007,3.21379
"408","Chile",2008,3.79243
"409","Chile",2009,4.23065
"410","Chile",2010,4.16209
"411","Chile",2011,4.04519
"412","Chile",2012,4.38198773316063
"413","Chile",2013,4.52943
"414","Chile",2014,4.73018
"415","Chile",2015,4.8737
"416","Chile",2016,5.35064
"417","Colombia",1985,2.71527
"418","Colombia",1986,2.91288961262715
"419","Colombia",1987,2.97616871022024
"420","Colombia",1988,3.03944780781333
"421","Colombia",1989,2.70525
"422","Colombia",1990,3.16600600299952
"423","Colombia",1991,3.22928510059262
"424","Colombia",1992,3.2925641981857
"425","Colombia",1993,3.3558432957788
"426","Colombia",1994,3.41912239337189
"427","Colombia",1995,3.48240149096499
"428","Colombia",1996,3.54568058855808
"429","Colombia",1997,3.60895968615117
"430","Colombia",1998,3.92644
"431","Colombia",1999,4.4408
"432","Colombia",2000,3.51121
"433","Colombia",2001,3.70868
"434","Colombia",2002,4.26813
"435","Colombia",2003,4.32514
"436","Colombia",2004,4.07935
"437","Colombia",2005,3.99501
"438","Colombia",2006,3.89332
"439","Colombia",2007,4.0587
"440","Colombia",2008,3.9098
"441","Colombia",2009,4.74743
"442","Colombia",2010,4.82616
"443","Colombia",2011,4.45981
"444","Colombia",2012,4.38531
"445","Colombia",2013,4.90324
"446","Colombia",2014,4.66516
"447","Colombia",2015,4.50048
"448","Colombia",2016,4.52091
"449","Costa Rica",1986,3.5658
"450","Costa Rica",1987,2.90656747828007
"451","Costa Rica",1988,3.05414
"452","Costa Rica",1989,3.1185
"453","Costa Rica",1990,3.3219850632355
"454","Costa Rica",1991,3.46045759155402
"455","Costa Rica",1992,3.59893011987248
"456","Costa Rica",1993,3.73740264819099
"457","Costa Rica",1994,3.87587517650945
"458","Costa Rica",1995,3.37168
"459","Costa Rica",1996,3.91086
"460","Costa Rica",1997,4.29129276146489
"461","Costa Rica",1998,4.4297652897834
"462","Costa Rica",1999,5.41687
"463","Costa Rica",2000,4.68696
"464","Costa Rica",2001,4.8511
"465","Costa Rica",2002,5.17354
"466","Costa Rica",2003,5.15636
"467","Costa Rica",2004,4.91218
"468","Costa Rica",2005,5.39907298801279
"469","Costa Rica",2006,4.63918
"470","Costa Rica",2007,4.6589
"471","Costa Rica",2008,4.91712
"472","Costa Rica",2009,6.04635
"473","Costa Rica",2010,6.63445
"474","Costa Rica",2011,6.45535
"475","Costa Rica",2012,6.68984
"476","Costa Rica",2013,6.84934
"477","Costa Rica",2014,6.86952
"478","Costa Rica",2015,7.08255
"479","Costa Rica",2016,7.11873
"480","Croatia",2002,3.81086
"481","Croatia",2003,3.86755
"482","Croatia",2004,3.82086
"483","Croatia",2005,3.96453229571985
"484","Croatia",2006,4.02820544747081
"485","Croatia",2007,3.97111
"486","Croatia",2008,4.27013
"487","Croatia",2009,4.38925
"488","Croatia",2010,4.24051
"489","Croatia",2011,4.14873
"490","Croatia",2012,4.41024435797665
"491","Croatia",2013,4.5626
"492","Cuba",1991,7.14505
"493","Cuba",1992,5.44582426213105
"494","Cuba",1993,7.07486
"495","Cuba",1994,5.61955
"496","Cuba",1995,6.64236081540776
"497","Cuba",1996,7.04120633316666
"498","Cuba",1997,7.44005185092544
"499","Cuba",1998,6.20864
"500","Cuba",1999,6.75517
"501","Cuba",2000,7.70471
"502","Cuba",2001,8.35812
"503","Cuba",2002,9.57117
"504","Cuba",2003,9.94089
"505","Cuba",2004,10.26812
"506","Cuba",2005,10.55784
"507","Cuba",2006,9.05718
"508","Cuba",2007,11.86823
"509","Cuba",2008,14.05908
"510","Cuba",2009,13.12486
"511","Cuba",2010,12.83731
"512","Cyprus",1985,3.58696
"513","Cyprus",1986,3.48897
"514","Cyprus",1987,3.44871
"515","Cyprus",1988,3.37547
"516","Cyprus",1989,3.37627
"517","Cyprus",1990,3.33924
"518","Cyprus",1991,3.57539
"519","Cyprus",1992,3.7803
"520","Cyprus",1993,4.09555
"521","Cyprus",1994,4.15997
"522","Cyprus",1995,3.78172
"523","Cyprus",1996,4.57363543111757
"524","Cyprus",1997,4.71006593930639
"525","Cyprus",1998,4.84649644749521
"526","Cyprus",1999,4.71968
"527","Cyprus",2000,4.89278
"528","Cyprus",2001,5.03351
"529","Cyprus",2002,5.48652
"530","Cyprus",2003,6.6567
"531","Cyprus",2004,6.08196
"532","Cyprus",2005,6.196
"533","Cyprus",2006,6.2276
"534","Cyprus",2007,6.25248
"535","Cyprus",2008,6.72402
"536","Cyprus",2009,7.20622
"537","Cyprus",2010,6.58025
"538","Cyprus",2011,6.56238
"539","Cyprus",2012,6.75652356213874
"540","Cyprus",2013,6.43176
"541","Cyprus",2014,6.37621
"542","Cyprus",2015,6.37674
"543","Czech Republic",1992,3.77508
"544","Czech Republic",1993,4.18452
"545","Czech Republic",1994,4.67885
"546","Czech Republic",1995,4.54563
"547","Czech Republic",1996,4.27039
"548","Czech Republic",1997,4.00351648844158
"549","Czech Republic",1998,3.5972
"550","Czech Republic",1999,3.68481
"551","Czech Republic",2000,3.65089
"552","Czech Republic",2001,3.74855
"553","Czech Republic",2002,3.97256
"554","Czech Republic",2003,4.13643
"555","Czech Republic",2004,4.01424
"556","Czech Republic",2005,3.89038
"557","Czech Republic",2006,4.2171
"558","Czech Republic",2007,3.86663
"559","Czech Republic",2008,3.74455
"560","Czech Republic",2009,4.17128
"561","Czech Republic",2010,4.06446
"562","Czech Republic",2011,4.27214
"563","Czech Republic",2012,4.25086
"564","Czech Republic",2013,4.09089
"565","Czech Republic",2014,3.99462
"566","Czech Republic",2015,5.78885
"567","Denmark",1986,5.83825
"568","Denmark",1987,6.07808
"569","Denmark",1988,6.33533
"570","Denmark",1989,5.83814
"571","Denmark",1990,6.76266859869148
"572","Denmark",1991,5.59676
"573","Denmark",1992,6.91288088647812
"574","Denmark",1993,7.77282
"575","Denmark",1994,7.47106
"576","Denmark",1995,7.47103
"577","Denmark",1996,7.88494
"578","Denmark",1997,7.28841160594467
"579","Denmark",1998,8.10674
"580","Denmark",1999,7.93116
"581","Denmark",2000,8.08433
"582","Denmark",2001,8.21545
"583","Denmark",2002,8.21303
"584","Denmark",2003,8.12194
"585","Denmark",2004,8.20763
"586","Denmark",2005,8.08557
"587","Denmark",2006,7.72991
"588","Denmark",2007,7.6156
"589","Denmark",2008,7.47605
"590","Denmark",2009,8.44888
"591","Denmark",2010,8.55955
"592","Denmark",2011,8.48486
"593","Denmark",2012,7.23782
"594","Denmark",2013,8.49443
"595","Denmark",2014,7.63485
"596","Dominica",1989,5.17833
"597","Dominica",1990,6.07526958660014
"598","Dominica",1991,5.98784889522452
"599","Dominica",1992,5.90042820384889
"600","Dominica",1993,5.81300751247326
"601","Dominica",1994,5.72558682109764
"602","Dominica",1995,5.63816612972201
"603","Dominica",1996,5.55074543834638
"604","Dominica",1997,5.46332474697076
"605","Dominica",1998,7.16059
"606","Dominica",1999,4.99184
"607","Dominica",2000,5.2010626728439
"608","Dominica",2001,5.11364198146828
"609","Dominica",2002,5.02622129009265
"610","Dominica",2003,4.93880059871702
"611","Dominica",2004,4.8513799073414
"612","Dominica",2005,4.76395921596577
"613","Dominica",2006,4.67653852459014
"614","Dominica",2007,4.58911783321452
"615","Dominica",2008,4.50169714183892
"616","Dominica",2009,4.41427645046329
"617","Dominica",2010,4.32685575908766
"618","Dominica",2011,4.23943506771204
"619","Dominica",2012,4.15201437633641
"620","Dominica",2013,4.06459368496078
"621","Dominica",2014,3.97717299358516
"622","Dominica",2015,3.38607
"623","Ecuador",1985,5.23335
"624","Ecuador",1986,6.87238
"625","Ecuador",1987,3.71930662656233
"626","Ecuador",1988,3.73842775551923
"627","Ecuador",1989,3.75754888447612
"628","Ecuador",1990,3.77667001343302
"629","Ecuador",1991,3.79579114238992
"630","Ecuador",1992,3.81491227134681
"631","Ecuador",1993,3.83403340030371
"632","Ecuador",1994,3.85315452926061
"633","Ecuador",1995,1.99764
"634","Ecuador",1996,3.8913967871744
"635","Ecuador",1997,3.9105179161313
"636","Ecuador",1998,2.19537
"637","Ecuador",1999,1.54734
"638","Ecuador",2000,1.15093
"639","Ecuador",2001,3.98700243195889
"640","Ecuador",2002,4.00612356091578
"641","Ecuador",2003,4.02524468987268
"642","Ecuador",2004,4.04436581882957
"643","Ecuador",2005,4.06348694778647
"644","Ecuador",2006,4.08260807674336
"645","Ecuador",2007,4.10172920570026
"646","Ecuador",2008,4.12085033465716
"647","Ecuador",2009,4.34242
"648","Ecuador",2010,4.50743
"649","Ecuador",2011,4.72689
"650","Ecuador",2012,4.64307
"651","Ecuador",2013,5.00464
"652","Ecuador",2014,5.26099
"653","Ecuador",2015,4.9987
"654","El Salvador",1998,2.54725
"655","El Salvador",1999,2.56261
"656","El Salvador",2000,2.83868
"657","El Salvador",2001,3.05099581411127
"658","El Salvador",2002,3.24284
"659","El Salvador",2003,3.13467
"660","El Salvador",2004,3.29346854816825
"661","El Salvador",2005,3.17785
"662","El Salvador",2006,3.49298
"663","El Salvador",2007,3.60985
"664","El Salvador",2008,4.45811
"665","El Salvador",2009,4.6595
"666","El Salvador",2010,4.04808
"667","El Salvador",2011,3.89854
"668","El Salvador",2012,3.71244
"669","El Salvador",2013,3.80384
"670","El Salvador",2014,3.82545
"671","El Salvador",2015,3.95582
"672","El Salvador",2016,3.86991
"673","Estonia",1995,6.07305
"674","Estonia",1996,6.10584
"675","Estonia",1997,6.44819
"676","Estonia",1998,6.2986
"677","Estonia",1999,6.68736
"678","Estonia",2000,5.34021
"679","Estonia",2001,5.23648
"680","Estonia",2002,5.46868
"681","Estonia",2003,5.29463
"682","Estonia",2004,4.91181
"683","Estonia",2005,4.84486
"684","Estonia",2006,5.42044057806096
"685","Estonia",2007,4.66396
"686","Estonia",2008,5.51751
"687","Estonia",2009,5.95415
"688","Estonia",2010,5.527
"689","Estonia",2011,5.01738
"690","Estonia",2012,4.71293
"691","Estonia",2013,4.83838
"692","Estonia",2014,5.47941
"693","Estonia",2015,5.2159
"694","Fiji",1989,4.8311
"695","Fiji",1990,5.90524664948454
"696","Fiji",1991,5.85364486254295
"697","Fiji",1992,5.80204307560138
"698","Fiji",1993,5.7504412886598
"699","Fiji",1994,5.69883950171821
"700","Fiji",1995,5.64723771477664
"701","Fiji",1996,5.59563592783505
"702","Fiji",1997,5.54403414089347
"703","Fiji",1998,5.51262
"704","Fiji",1999,5.15351
"705","Fiji",2000,5.85725
"706","Fiji",2001,5.61714
"707","Fiji",2002,6.24382
"708","Fiji",2003,5.23442341924398
"709","Fiji",2004,6.16493
"710","Fiji",2005,5.12197
"711","Fiji",2006,5.60714
"712","Fiji",2007,5.84843
"713","Fiji",2008,4.25357
"714","Fiji",2009,4.49848
"715","Fiji",2010,4.8732109106529
"716","Fiji",2011,4.17306
"717","Fiji",2012,4.77000733676974
"718","Fiji",2013,3.88289
"719","Finland",1985,5.04196
"720","Finland",1986,5.09658
"721","Finland",1987,5.19813
"722","Finland",1988,5.06491
"723","Finland",1989,5.07036
"724","Finland",1990,5.33591
"725","Finland",1991,6.33289
"726","Finland",1992,6.51512
"727","Finland",1993,7.48367
"728","Finland",1994,6.85563
"729","Finland",1995,6.80942
"730","Finland",1996,6.86053
"731","Finland",1997,6.03473813837078
"732","Finland",1998,6.07897231214521
"733","Finland",1999,5.86961
"734","Finland",2000,5.71688
"735","Finland",2001,5.84797
"736","Finland",2002,6.02478
"737","Finland",2003,6.17477
"738","Finland",2004,6.1685
"739","Finland",2005,6.03606
"740","Finland",2006,5.9381
"741","Finland",2007,5.68609
"742","Finland",2008,5.84677
"743","Finland",2009,6.48518
"744","Finland",2010,6.54071
"745","Finland",2011,6.48201
"746","Finland",2012,7.19254
"747","Finland",2013,7.15848
"748","Finland",2014,7.15156
"749","Finland",2015,7.09183
"750","France",1985,4.85157
"751","France",1986,4.70795
"752","France",1987,4.62344
"753","France",1988,4.54472
"754","France",1989,4.4564
"755","France",1990,4.51394
"756","France",1991,4.8413
"757","France",1992,4.73539
"758","France",1993,5.42959
"759","France",1994,5.62643
"760","France",1995,5.79073
"761","France",1996,5.75672
"762","France",1997,5.21736139632332
"763","France",1998,5.68792
"764","France",1999,5.67414
"765","France",2000,5.31196148148147
"766","France",2001,5.34349484320085
"767","France",2002,5.37502820492024
"768","France",2003,5.74671
"769","France",2004,5.65932
"770","France",2005,5.51873
"771","France",2006,5.45718
"772","France",2007,5.45728
"773","France",2008,5.45351
"774","France",2009,5.74618
"775","France",2010,5.69251
"776","France",2011,5.5183
"777","France",2012,5.45642
"778","France",2013,5.50028
"779","France",2014,5.51206
"780","France",2015,5.46424
"781","Georgia",1994,6.91566
"782","Georgia",1995,3.25487115428284
"783","Georgia",1996,3.21245942222784
"784","Georgia",1997,3.17004769017284
"785","Georgia",1998,2.10888
"786","Georgia",1999,2.15513
"787","Georgia",2000,2.18107
"788","Georgia",2001,2.1375
"789","Georgia",2002,2.23501
"790","Georgia",2003,2.0656
"791","Georgia",2004,2.9142
"792","Georgia",2005,2.48431
"793","Georgia",2006,3.00364
"794","Georgia",2007,2.69687
"795","Georgia",2008,2.91956
"796","Georgia",2009,3.22239
"797","Georgia",2010,2.61869517345779
"798","Georgia",2011,2.69622
"799","Georgia",2012,1.98331
"800","Georgia",2013,2.49145997729279
"801","Georgia",2014,2.44904824523779
"802","Georgia",2015,2.40663651318279
"803","Georgia",2016,3.78477
"804","Germany",1993,4.41382
"805","Germany",1994,4.33488
"806","Germany",1995,4.42079
"807","Germany",1996,4.48319
"808","Germany",1997,4.41737688544517
"809","Germany",1998,4.45345
"810","Germany",1999,4.46645826192648
"811","Germany",2000,4.49099895016713
"812","Germany",2001,4.51553963840779
"813","Germany",2002,4.54008032664844
"814","Germany",2003,4.5646210148891
"815","Germany",2004,4.58916170312975
"816","Germany",2005,4.61370239137041
"817","Germany",2006,4.2793
"818","Germany",2007,4.34303
"819","Germany",2008,4.40954
"820","Germany",2009,4.88048
"821","Germany",2010,4.91368
"822","Germany",2011,4.8078
"823","Germany",2012,4.93331
"824","Germany",2013,4.93497
"825","Germany",2014,4.93113
"826","Germany",2015,4.81341
"827","Greece",1986,1.83337
"828","Greece",1987,1.83421
"829","Greece",1988,1.86894
"830","Greece",1989,2.01546
"831","Greece",1990,2.04608
"832","Greece",1991,1.93433
"833","Greece",1992,2.31525977641144
"834","Greece",1993,2.42650728787035
"835","Greece",1994,2.53775479932926
"836","Greece",1995,2.64900231078818
"837","Greece",1996,2.76024982224709
"838","Greece",1997,2.871497333706
"839","Greece",1998,2.89256
"840","Greece",1999,3.02773
"841","Greece",2000,3.23019
"842","Greece",2001,3.36458
"843","Greece",2002,3.42431
"844","Greece",2003,3.42934
"845","Greece",2004,3.66719
"846","Greece",2005,3.96396
"847","Grenada",2003,3.92674
"848","Grenada",2004,4.41646230769254
"849","Grenada",2005,4.90618461538486
"850","Grenada",2006,5.39590692307718
"851","Grenada",2007,5.88562923076938
"852","Grenada",2008,6.3753515384617
"853","Grenada",2009,6.86507384615402
"854","Grenada",2010,7.35479615384634
"855","Grenada",2011,7.84451846153866
"856","Grenada",2012,8.33424076923097
"857","Grenada",2013,8.82396307692318
"858","Grenada",2014,9.3136853846155
"859","Grenada",2015,9.80340769230781
"860","Grenada",2016,10.29313
"861","Guatemala",1993,1.66575
"862","Guatemala",1994,1.43998
"863","Guatemala",1995,1.6048
"864","Guatemala",1996,1.5637
"865","Guatemala",1997,1.88973704659941
"866","Guatemala",1998,1.96002425377827
"867","Guatemala",1999,2.03031146095711
"868","Guatemala",2000,2.10059866813594
"869","Guatemala",2001,2.17088587531481
"870","Guatemala",2002,2.24117308249365
"871","Guatemala",2003,2.31146028967248
"872","Guatemala",2004,2.38174749685132
"873","Guatemala",2005,2.45203470403018
"874","Guatemala",2006,2.98401
"875","Guatemala",2007,3.03874
"876","Guatemala",2008,3.18455
"877","Guatemala",2009,2.73318353274556
"878","Guatemala",2010,2.80306
"879","Guatemala",2011,2.92014
"880","Guatemala",2012,2.95786
"881","Guatemala",2013,2.84226
"882","Guatemala",2014,2.94139
"883","Guatemala",2015,2.95518
"884","Guatemala",2016,2.83281
"885","Guyana",1994,3.72445
"886","Guyana",1995,3.60934
"887","Guyana",1996,7.64603703798809
"888","Guyana",1997,7.34291842836649
"889","Guyana",1998,7.03979981874488
"890","Guyana",1999,8.56106
"891","Guyana",2000,8.48415
"892","Guyana",2001,8.58889
"893","Guyana",2002,8.40805
"894","Guyana",2003,6.96654
"895","Guyana",2004,5.52623
"896","Guyana",2005,8.13973
"897","Guyana",2006,5.08926
"898","Guyana",2007,3.75228
"899","Guyana",2008,4.00861372252859
"900","Guyana",2009,3.30274
"901","Guyana",2010,3.63855
"902","Guyana",2011,3.59204
"903","Guyana",2012,3.18242
"904","Guyana",2013,2.49302067442045
"905","Guyana",2014,0.00585
"906","Guyana",2015,0.00527
"907","Guyana",2016,0.00606
"908","Hungary",1991,5.88025
"909","Hungary",1992,6.08045
"910","Hungary",1993,5.92045
"911","Hungary",1994,5.83574
"912","Hungary",1995,4.8482
"913","Hungary",1996,4.33465
"914","Hungary",1997,5.30024935643566
"915","Hungary",1998,4.40289
"916","Hungary",1999,4.55804
"917","Hungary",2000,4.85891
"918","Hungary",2001,4.92448
"919","Hungary",2002,5.17097
"920","Hungary",2003,5.7896
"921","Hungary",2004,5.33039
"922","Hungary",2005,5.32835
"923","Hungary",2006,5.30903
"924","Hungary",2007,5.14728
"925","Hungary",2008,4.97793
"926","Hungary",2009,4.96436
"927","Hungary",2010,4.76895
"928","Hungary",2011,4.60079
"929","Hungary",2012,4.17353
"930","Hungary",2013,4.20373
"931","Hungary",2014,4.63195
"932","Hungary",2015,4.57936
"933","Iceland",1990,4.32267
"934","Iceland",1991,5.06888448346308
"935","Iceland",1992,5.20010326176725
"936","Iceland",1993,5.2189
"937","Iceland",1994,4.82709
"938","Iceland",1995,4.85251
"939","Iceland",1996,5.28605
"940","Iceland",1997,5.85619715328795
"941","Iceland",1998,6.82398
"942","Iceland",1999,6.48074
"943","Iceland",2000,6.50242
"944","Iceland",2001,6.7871
"945","Iceland",2002,7.38668
"946","Iceland",2003,7.31736
"947","Iceland",2004,7.21466
"948","Iceland",2005,7.40943
"949","Iceland",2006,7.37107
"950","Iceland",2007,7.05265
"951","Iceland",2008,7.20186
"952","Iceland",2009,7.30666
"953","Iceland",2010,7.1741
"954","Iceland",2011,7.01532
"955","Iceland",2012,7.82601
"956","Iceland",2013,7.72499
"957","Iceland",2014,8.08691638445833
"958","Iceland",2015,7.71106
"959","Ireland",1985,5.24209
"960","Ireland",1986,5.29487
"961","Ireland",1987,5.5222
"962","Ireland",1988,5.01016
"963","Ireland",1989,4.70739
"964","Ireland",1990,4.59506
"965","Ireland",1991,4.77695
"966","Ireland",1992,4.99964
"967","Ireland",1993,5.10944
"968","Ireland",1994,5.18251
"969","Ireland",1995,4.8658
"970","Ireland",1996,4.74829
"971","Ireland",1997,4.87066758260142
"972","Ireland",1998,4.29313
"973","Ireland",1999,4.14085
"974","Ireland",2000,4.13662
"975","Ireland",2001,4.09193
"976","Ireland",2002,4.10618
"977","Ireland",2003,4.20553
"978","Ireland",2004,4.48631
"979","Ireland",2005,4.52212
"980","Ireland",2006,4.54547
"981","Ireland",2007,4.71225
"982","Ireland",2008,5.44452
"983","Ireland",2009,6.13522
"984","Ireland",2010,6.04341
"985","Ireland",2011,5.82037
"986","Ireland",2012,5.7511
"987","Ireland",2013,5.31576
"988","Ireland",2014,4.88844
"989","Ireland",2015,3.76971
"990","Israel",1998,6.65233
"991","Israel",1999,6.41909
"992","Israel",2000,6.1182
"993","Israel",2001,6.37935
"994","Israel",2002,6.46929
"995","Israel",2003,6.35459
"996","Israel",2004,5.94582
"997","Israel",2005,5.76243
"998","Israel",2006,5.76303
"999","Israel",2007,5.50995
"1000","Israel",2008,5.54223
"1001","Israel",2009,5.49584
"1002","Israel",2010,5.54446
"1003","Israel",2011,5.56353
"1004","Israel",2012,5.69727
"1005","Israel",2013,5.88778
"1006","Israel",2014,5.81412
"1007","Israel",2015,5.88141
"1008","Italy",1985,4.70533
"1009","Italy",1986,4.6703
"1010","Italy",1987,4.67326892735913
"1011","Italy",1988,4.60797
"1012","Italy",1989,4.63841285811269
"1013","Italy",1990,4.62098482348947
"1014","Italy",1991,4.60355678886626
"1015","Italy",1992,4.58612875424304
"1016","Italy",1993,4.74956
"1017","Italy",1994,4.44798
"1018","Italy",1995,4.33294
"1019","Italy",1996,4.45952
"1020","Italy",1997,4.49898858112695
"1021","Italy",1998,4.46347
"1022","Italy",1999,4.52336
"1023","Italy",2000,4.29886
"1024","Italy",2001,4.66888
"1025","Italy",2002,4.44711
"1026","Italy",2003,4.5548
"1027","Italy",2004,4.39717
"1028","Italy",2005,4.24942
"1029","Italy",2006,4.53777
"1030","Italy",2007,4.11852
"1031","Italy",2008,4.40287
"1032","Italy",2009,4.53631
"1033","Italy",2010,4.35239
"1034","Italy",2011,4.14407
"1035","Italy",2012,4.23756806177868
"1036","Italy",2013,4.16472
"1037","Italy",2014,4.07525
"1038","Italy",2015,4.08036
"1039","Jamaica",1985,5.3919
"1040","Jamaica",1986,4.60398
"1041","Jamaica",1987,4.02400143293572
"1042","Jamaica",1988,3.94086
"1043","Jamaica",1989,5.18398
"1044","Jamaica",1990,4.77916
"1045","Jamaica",1991,4.38307
"1046","Jamaica",1992,3.33666
"1047","Jamaica",1993,3.21403
"1048","Jamaica",1994,4.06419
"1049","Jamaica",1995,3.38908
"1050","Jamaica",1996,3.67773
"1051","Jamaica",1997,4.37954
"1052","Jamaica",1998,4.7539256089763
"1053","Jamaica",1999,4.8202823522527
"1054","Jamaica",2000,4.98347
"1055","Jamaica",2001,5.38103
"1056","Jamaica",2002,5.37523
"1057","Jamaica",2003,4.25685
"1058","Jamaica",2004,3.91255
"1059","Jamaica",2005,4.61642
"1060","Jamaica",2006,5.28477955518763
"1061","Jamaica",2007,5.49022
"1062","Jamaica",2008,6.19132
"1063","Jamaica",2009,6.19848
"1064","Jamaica",2010,6.37061
"1065","Jamaica",2011,6.26715
"1066","Jamaica",2012,6.11454
"1067","Jamaica",2013,6.25393
"1068","Jamaica",2014,6.02072
"1069","Jamaica",2015,5.45581
"1070","Jamaica",2016,5.31866
"1071","Japan",1987,5.59652
"1072","Japan",1988,5.55605
"1073","Japan",1989,5.36715
"1074","Japan",1990,4.3890889881532
"1075","Japan",1991,4.33779559612681
"1076","Japan",1992,4.28650220410042
"1077","Japan",1993,3.42904
"1078","Japan",1994,3.63567
"1079","Japan",1995,3.46573
"1080","Japan",1996,4.08132863599482
"1081","Japan",1997,4.03003524396841
"1082","Japan",1998,3.35603
"1083","Japan",1999,3.4333
"1084","Japan",2000,3.51617
"1085","Japan",2001,3.45707
"1086","Japan",2002,3.46537
"1087","Japan",2003,3.52369
"1088","Japan",2004,3.48307
"1089","Japan",2005,3.36862
"1090","Japan",2006,3.32909
"1091","Japan",2007,3.33094
"1092","Japan",2008,3.31915
"1093","Japan",2009,3.41451453965163
"1094","Japan",2010,3.6395
"1095","Japan",2011,3.64258
"1096","Japan",2012,3.69226
"1097","Japan",2013,3.66538
"1098","Japan",2014,3.59059
"1099","Japan",2015,3.10675418749325
"1100","Japan",2016,3.46746
"1101","Kazakhstan",1995,4.03445
"1102","Kazakhstan",1996,3.92371
"1103","Kazakhstan",1997,4.37343
"1104","Kazakhstan",1998,3.56106673659968
"1105","Kazakhstan",1999,3.89257
"1106","Kazakhstan",2000,3.25662
"1107","Kazakhstan",2001,3.35589486375844
"1108","Kazakhstan",2002,3.0297
"1109","Kazakhstan",2003,3.21911361519761
"1110","Kazakhstan",2004,2.25591
"1111","Kazakhstan",2005,2.26353
"1112","Kazakhstan",2006,2.62678
"1113","Kazakhstan",2007,2.83139
"1114","Kazakhstan",2008,2.58946
"1115","Kazakhstan",2009,3.06072
"1116","Kazakhstan",2010,2.74037924523472
"1117","Kazakhstan",2011,2.67198862095429
"1118","Kazakhstan",2012,2.60359799667387
"1119","Kazakhstan",2013,2.53520737239347
"1120","Kazakhstan",2014,2.46681674811305
"1121","Kazakhstan",2015,2.78858
"1122","Kazakhstan",2016,2.9781
"1123","Kiribati",1999,10.87101
"1124","Kiribati",2000,11.18587
"1125","Kiribati",2001,11.98812
"1126","Kuwait",1985,5.00762
"1127","Kuwait",1986,5.40084
"1128","Kuwait",1987,7.35425847063317
"1129","Kuwait",1988,7.25499563691844
"1130","Kuwait",1989,7.1557328032037
"1131","Kuwait",1990,7.05646996948897
"1132","Kuwait",1991,6.95720713577424
"1133","Kuwait",1992,14.19883
"1134","Kuwait",1993,6.7586814683448
"1135","Kuwait",1994,6.65941863463007
"1136","Kuwait",1995,6.56015580091534
"1137","Kuwait",1996,5.85954
"1138","Kuwait",1997,5.58251
"1139","Kuwait",1998,6.26236729977114
"1140","Kuwait",1999,6.16310446605644
"1141","Kuwait",2000,6.06384163234171
"1142","Kuwait",2001,6.586
"1143","Kuwait",2002,6.5505
"1144","Kuwait",2003,5.76605313119751
"1145","Kuwait",2004,5.53515
"1146","Kuwait",2005,4.73825
"1147","Kuwait",2006,3.76001
"1148","Latvia",1996,5.26216
"1149","Latvia",1997,5.51469
"1150","Latvia",1998,5.80067
"1151","Latvia",1999,5.53982
"1152","Latvia",2000,5.28829
"1153","Latvia",2001,5.45489
"1154","Latvia",2002,5.60876
"1155","Latvia",2003,5.06729
"1156","Latvia",2004,4.85505
"1157","Latvia",2005,5.41008942992874
"1158","Latvia",2006,4.71155
"1159","Latvia",2007,4.65622
"1160","Latvia",2008,5.40538
"1161","Latvia",2009,5.57353
"1162","Latvia",2010,5.08098
"1163","Latvia",2011,4.937
"1164","Latvia",2012,6.59439
"1165","Latvia",2013,6.98544
"1166","Latvia",2014,5.28294
"1167","Latvia",2015,5.33721
"1168","Lithuania",1995,4.76492
"1169","Lithuania",1996,4.84372
"1170","Lithuania",1997,5.44955
"1171","Lithuania",1998,6.11601
"1172","Lithuania",1999,5.33590518726592
"1173","Lithuania",2000,5.2951373588015
"1174","Lithuania",2001,5.84038
"1175","Lithuania",2002,5.79253
"1176","Lithuania",2003,5.10851
"1177","Lithuania",2004,5.16916
"1178","Lithuania",2005,4.87319
"1179","Lithuania",2006,4.82055
"1180","Lithuania",2007,4.59055
"1181","Lithuania",2008,4.83454
"1182","Lithuania",2009,5.57741
"1183","Lithuania",2010,5.29903
"1184","Lithuania",2011,5.12027
"1185","Lithuania",2012,4.76683
"1186","Lithuania",2013,4.61284
"1187","Lithuania",2014,4.48818
"1188","Lithuania",2015,4.21805
"1189","Luxembourg",1986,3.66077
"1190","Luxembourg",1987,3.944
"1191","Luxembourg",1988,3.87763
"1192","Luxembourg",1989,3.74053
"1193","Luxembourg",1990,3.69569707060674
"1194","Luxembourg",1991,3.70404212234087
"1195","Luxembourg",1992,3.712387174075
"1196","Luxembourg",1993,3.72073222580913
"1197","Luxembourg",1994,3.72907727754325
"1198","Luxembourg",1995,3.53449
"1199","Luxembourg",1996,3.33611
"1200","Luxembourg",1997,3.75411243274564
"1201","Luxembourg",1998,3.76245748447977
"1202","Luxembourg",1999,3.77080253621389
"1203","Luxembourg",2000,3.77914758794802
"1204","Luxembourg",2001,3.5558
"1205","Luxembourg",2002,3.79583769141628
"1206","Luxembourg",2003,3.80418274315041
"1207","Luxembourg",2004,3.81252779488453
"1208","Luxembourg",2005,3.82087284661866
"1209","Luxembourg",2006,3.82921789835279
"1210","Luxembourg",2007,3.83756295008692
"1211","Luxembourg",2008,3.84590800182104
"1212","Luxembourg",2009,3.85425305355517
"1213","Luxembourg",2010,3.8625981052893
"1214","Luxembourg",2011,3.87094315702343
"1215","Luxembourg",2012,4.09041
"1216","Luxembourg",2013,3.88763326049169
"1217","Luxembourg",2014,3.99439
"1218","Luxembourg",2015,3.91548
"1219","Maldives",2002,5.79186
"1220","Maldives",2003,5.32407
"1221","Maldives",2004,4.6616
"1222","Maldives",2005,5.01684
"1223","Maldives",2006,4.64524
"1224","Maldives",2007,4.41788
"1225","Maldives",2008,4.47029
"1226","Maldives",2009,5.77493
"1227","Maldives",2010,4.11747
"1228","Maldives",2011,3.5066
"1229","Maldives",2012,3.76038
"1230","Maldives",2013,3.80012
"1231","Maldives",2014,3.47046
"1232","Maldives",2015,4.47869
"1233","Maldives",2016,4.25199
"1234","Malta",1985,3.24834
"1235","Malta",1986,3.10572
"1236","Malta",1987,3.16532
"1237","Malta",1988,3.33824
"1238","Malta",1989,3.58874
"1239","Malta",1990,3.83142
"1240","Malta",1991,3.9203
"1241","Malta",1992,4.3141
"1242","Malta",1993,4.00136275392072
"1243","Malta",1994,4.12750258783851
"1244","Malta",1995,4.25364242175633
"1245","Malta",1996,4.37978225567414
"1246","Malta",1997,4.50592208959196
"1247","Malta",1998,4.27743
"1248","Malta",1999,4.7582017574276
"1249","Malta",2000,4.88434159134542
"1250","Malta",2001,5.01048142526324
"1251","Malta",2002,3.94924
"1252","Malta",2003,5.26276109309887
"1253","Malta",2004,4.46076
"1254","Malta",2005,5.51504076093448
"1255","Malta",2006,5.6411805948523
"1256","Malta",2007,5.98135
"1257","Malta",2008,5.57061
"1258","Malta",2009,5.17037
"1259","Malta",2010,6.45489
"1260","Malta",2011,7.79155
"1261","Malta",2012,6.51956
"1262","Malta",2013,7.87982
"1263","Malta",2014,7.23914
"1264","Malta",2015,5.26747
"1265","Mauritius",1985,3.94651
"1266","Mauritius",1986,3.469
"1267","Mauritius",1987,3.04457
"1268","Mauritius",1988,3.11835
"1269","Mauritius",1989,3.50096
"1270","Mauritius",1990,3.15708
"1271","Mauritius",1991,3.50989
"1272","Mauritius",1992,3.45633788831432
"1273","Mauritius",1993,3.48176487154994
"1274","Mauritius",1994,3.50719185478557
"1275","Mauritius",1995,3.53261883802119
"1276","Mauritius",1996,3.55804582125682
"1277","Mauritius",1997,3.58347280449244
"1278","Mauritius",1998,3.60889978772806
"1279","Mauritius",1999,3.93976
"1280","Mauritius",2000,3.81526
"1281","Mauritius",2001,3.16975
"1282","Mauritius",2002,3.11292
"1283","Mauritius",2003,4.48438
"1284","Mauritius",2004,4.472
"1285","Mauritius",2005,4.20155
"1286","Mauritius",2006,3.81811
"1287","Mauritius",2007,3.1854
"1288","Mauritius",2008,3.06307
"1289","Mauritius",2009,3.04731
"1290","Mauritius",2010,3.55147
"1291","Mauritius",2011,3.33207
"1292","Mauritius",2012,3.4182
"1293","Mauritius",2013,3.61579
"1294","Mauritius",2014,4.91695
"1295","Mauritius",2015,4.88667
"1296","Mauritius",2016,5.0136
"1297","Mexico",1989,2.26588
"1298","Mexico",1990,2.31209
"1299","Mexico",1991,2.53738
"1300","Mexico",1992,3.00129
"1301","Mexico",1993,3.12843495944117
"1302","Mexico",1994,3.64709
"1303","Mexico",1995,3.69256
"1304","Mexico",1996,3.46620420910318
"1305","Mexico",1997,3.5787939589905
"1306","Mexico",1998,3.36529
"1307","Mexico",1999,3.53536
"1308","Mexico",2000,3.99244
"1309","Mexico",2001,4.24104
"1310","Mexico",2002,4.45496
"1311","Mexico",2003,5.07258
"1312","Mexico",2004,4.72671
"1313","Mexico",2005,4.84569
"1314","Mexico",2006,4.69992
"1315","Mexico",2007,4.69051
"1316","Mexico",2008,4.82007
"1317","Mexico",2009,5.18794
"1318","Mexico",2010,5.15922
"1319","Mexico",2011,5.10565
"1320","Mexico",2012,5.1031
"1321","Mexico",2013,4.69605
"1322","Mexico",2014,5.26134
"1323","Mexico",2015,5.23946
"1324","Mongolia",1997,3.94897
"1325","Mongolia",1998,5.49302
"1326","Mongolia",1999,5.14566
"1327","Mongolia",2000,5.55037
"1328","Mongolia",2001,5.16498944202264
"1329","Mongolia",2002,7.21078
"1330","Mongolia",2003,5.11061418918917
"1331","Mongolia",2004,4.32573
"1332","Mongolia",2005,5.0562389363557
"1333","Mongolia",2006,5.02905130993896
"1334","Mongolia",2007,4.69013
"1335","Mongolia",2008,4.97467605710548
"1336","Mongolia",2009,5.14485
"1337","Mongolia",2010,4.6451
"1338","Mongolia",2011,4.60903
"1339","Mongolia",2012,5.19521
"1340","Mongolia",2013,4.94077
"1341","Mongolia",2014,4.71485
"1342","Mongolia",2015,4.17699
"1343","Mongolia",2016,5.18212
"1344","Netherlands",1985,5.54363
"1345","Netherlands",1986,5.63344
"1346","Netherlands",1987,5.97417
"1347","Netherlands",1988,5.54219
"1348","Netherlands",1989,5.11785797525346
"1349","Netherlands",1990,5.29638
"1350","Netherlands",1991,5.22838
"1351","Netherlands",1992,5.12793312700713
"1352","Netherlands",1993,4.8181
"1353","Netherlands",1994,4.72353
"1354","Netherlands",1995,4.63807
"1355","Netherlands",1996,4.54244
"1356","Netherlands",1997,5.14472504659657
"1357","Netherlands",1998,4.59865
"1358","Netherlands",1999,4.55721
"1359","Netherlands",2000,4.6255
"1360","Netherlands",2001,4.75077
"1361","Netherlands",2002,4.87039
"1362","Netherlands",2003,5.10149
"1363","Netherlands",2004,5.11464
"1364","Netherlands",2005,5.15879
"1365","Netherlands",2006,5.09047
"1366","Netherlands",2007,4.93376
"1367","Netherlands",2008,5.09227
"1368","Netherlands",2009,5.49579
"1369","Netherlands",2010,5.5558
"1370","Netherlands",2011,5.52617
"1371","Netherlands",2012,5.47565
"1372","Netherlands",2013,5.59188
"1373","Netherlands",2014,5.52931
"1374","Netherlands",2015,5.39942
"1375","New Zealand",1985,3.50777
"1376","New Zealand",1986,3.43031
"1377","New Zealand",1987,3.92105
"1378","New Zealand",1988,4.39509
"1379","New Zealand",1989,4.79094
"1380","New Zealand",1990,4.88365166501879
"1381","New Zealand",1991,4.96879755190824
"1382","New Zealand",1992,5.05394343879769
"1383","New Zealand",1993,5.13908932568717
"1384","New Zealand",1994,5.9433
"1385","New Zealand",1995,5.74219
"1386","New Zealand",1996,6.38372
"1387","New Zealand",1997,6.15728
"1388","New Zealand",1998,5.56481876013447
"1389","New Zealand",1999,6.63615
"1390","New Zealand",2000,5.73511053391337
"1391","New Zealand",2001,6.56055
"1392","New Zealand",2002,6.40699
"1393","New Zealand",2003,6.43753
"1394","New Zealand",2004,6.51203
"1395","New Zealand",2005,6.279
"1396","New Zealand",2006,5.95283
"1397","New Zealand",2007,5.91594
"1398","New Zealand",2008,5.50635
"1399","New Zealand",2009,6.28117
"1400","New Zealand",2010,7.00241
"1401","New Zealand",2011,6.93655
"1402","New Zealand",2012,7.15268
"1403","New Zealand",2013,6.70208
"1404","New Zealand",2014,6.34647
"1405","New Zealand",2015,6.33634
"1406","New Zealand",2016,6.30374
"1407","Nicaragua",1987,5.35175
"1408","Nicaragua",1988,3.19237170195765
"1409","Nicaragua",1989,3.21017194766281
"1410","Nicaragua",1990,3.22797219336796
"1411","Nicaragua",1991,3.24577243907311
"1412","Nicaragua",1992,2.98497
"1413","Nicaragua",1993,3.28137293048342
"1414","Nicaragua",1994,3.29917317618857
"1415","Nicaragua",1995,3.31697342189373
"1416","Nicaragua",1996,3.33477366759888
"1417","Nicaragua",1997,3.35257391330403
"1418","Nicaragua",1998,2.22585
"1419","Nicaragua",1999,2.92365
"1420","Nicaragua",2000,3.0016
"1421","Nicaragua",2001,3.42377489612465
"1422","Nicaragua",2002,2.39101
"1423","Nicaragua",2003,2.42201
"1424","Nicaragua",2004,3.47717563324011
"1425","Nicaragua",2005,3.49497587894526
"1426","Nicaragua",2006,3.51277612465041
"1427","Nicaragua",2007,3.53057637035557
"1428","Nicaragua",2008,3.54837661606072
"1429","Nicaragua",2009,3.56617686176588
"1430","Nicaragua",2010,4.48423
"1431","Nicaragua",2011,3.60177735317618
"1432","Nicaragua",2012,3.61957759888134
"1433","Nicaragua",2013,3.63737784458649
"1434","Nicaragua",2014,4.08329
"1435","Nicaragua",2015,4.12553
"1436","Nicaragua",2016,4.11264
"1437","Norway",1985,5.25567
"1438","Norway",1986,5.53983
"1439","Norway",1987,5.78807
"1440","Norway",1988,5.86597
"1441","Norway",1989,6.29986
"1442","Norway",1990,6.31038
"1443","Norway",1991,6.37322
"1444","Norway",1992,6.63614
"1445","Norway",1993,7.67664
"1446","Norway",1994,7.83043
"1447","Norway",1995,7.69579
"1448","Norway",1996,7.13815
"1449","Norway",1997,7.30354
"1450","Norway",1998,7.36069
"1451","Norway",1999,6.96642
"1452","Norway",2000,6.46468
"1453","Norway",2001,6.82941
"1454","Norway",2002,7.44132
"1455","Norway",2003,7.4198
"1456","Norway",2004,7.30252
"1457","Norway",2005,6.86868
"1458","Norway",2006,6.38566
"1459","Norway",2007,6.53203
"1460","Norway",2008,6.28108
"1461","Norway",2009,7.09544
"1462","Norway",2010,6.74046
"1463","Norway",2011,6.44743
"1464","Norway",2012,7.36425
"1465","Norway",2013,7.47476
"1466","Norway",2014,7.68074
"1467","Norway",2015,7.55247
"1468","Oman",1986,3.79283
"1469","Oman",1987,3.65626
"1470","Oman",1988,3.38989
"1471","Oman",1989,2.97824
"1472","Oman",1990,2.83892
"1473","Oman",1991,2.98794
"1474","Oman",1992,3.12258
"1475","Oman",1993,3.50822
"1476","Oman",1994,3.44449
"1477","Oman",1995,3.41326
"1478","Oman",1996,3.18452
"1479","Oman",1997,3.3568
"1480","Oman",1998,4.11234
"1481","Oman",1999,4.00595
"1482","Oman",2000,3.20024
"1483","Oman",2001,4.02031
"1484","Oman",2002,4.32507
"1485","Oman",2003,3.89697
"1486","Oman",2004,4.02838
"1487","Oman",2005,3.51722
"1488","Oman",2006,3.85934
"1489","Oman",2007,4.3413304566335
"1490","Oman",2008,4.40812700317181
"1491","Oman",2009,4.18775
"1492","Oman",2010,4.5417200962485
"1493","Oman",2011,4.60851664278684
"1494","Oman",2012,4.67531318932518
"1495","Oman",2013,4.96038
"1496","Oman",2014,4.80890628240186
"1497","Oman",2015,4.87570282894018
"1498","Oman",2016,6.10957
"1499","Panama",1985,3.52146
"1500","Panama",1986,3.34574
"1501","Panama",1987,3.87012
"1502","Panama",1988,3.83861649077371
"1503","Panama",1989,3.84233914373584
"1504","Panama",1990,3.84606179669796
"1505","Panama",1991,3.84978444966008
"1506","Panama",1992,3.85350710262221
"1507","Panama",1993,3.85722975558433
"1508","Panama",1994,3.47054
"1509","Panama",1995,3.94781
"1510","Panama",1996,4.09432
"1511","Panama",1997,3.84711
"1512","Panama",1998,3.87584302039495
"1513","Panama",1999,4.56723
"1514","Panama",2000,4.75969
"1515","Panama",2001,4.10588
"1516","Panama",2002,4.19164
"1517","Panama",2003,4.1687
"1518","Panama",2004,3.57866
"1519","Panama",2005,3.90190159112982
"1520","Panama",2006,3.90562424409194
"1521","Panama",2007,3.90934689705407
"1522","Panama",2008,3.50229
"1523","Panama",2009,3.91679220297831
"1524","Panama",2010,3.92051485594044
"1525","Panama",2011,3.15901
"1526","Paraguay",1985,1.54465
"1527","Paraguay",1986,2.08270174013566
"1528","Paraguay",1987,2.1855265505549
"1529","Paraguay",1988,2.28835136097413
"1530","Paraguay",1989,2.39117617139337
"1531","Paraguay",1990,1.06207
"1532","Paraguay",1991,2.59682579223184
"1533","Paraguay",1992,2.69965060265108
"1534","Paraguay",1993,2.80247541307031
"1535","Paraguay",1994,2.90530022348955
"1536","Paraguay",1995,3.00812503390878
"1537","Paraguay",1996,3.11094984432802
"1538","Paraguay",1997,3.21377465474725
"1539","Paraguay",1998,4.30809
"1540","Paraguay",1999,4.45497
"1541","Paraguay",2000,4.57071
"1542","Paraguay",2001,4.25042
"1543","Paraguay",2002,3.87704
"1544","Paraguay",2003,3.94925
"1545","Paraguay",2004,3.43809
"1546","Paraguay",2005,4.03637313810114
"1547","Paraguay",2006,4.13919794852038
"1548","Paraguay",2007,3.54604
"1549","Paraguay",2008,4.34484756935885
"1550","Paraguay",2009,4.44767237977806
"1551","Paraguay",2010,3.76766
"1552","Paraguay",2011,4.96643
"1553","Paraguay",2012,4.96304
"1554","Paraguay",2013,4.858971621455
"1555","Paraguay",2014,4.96179643187423
"1556","Paraguay",2015,5.06462124229347
"1557","Paraguay",2016,4.52037
"1558","Philippines",1986,1.72621
"1559","Philippines",1987,2.90371082213023
"1560","Philippines",1988,2.90235576396064
"1561","Philippines",1989,2.90100070579105
"1562","Philippines",1990,2.89964564762146
"1563","Philippines",1991,2.89829058945187
"1564","Philippines",1992,2.89693553128227
"1565","Philippines",1993,2.89558047311268
"1566","Philippines",1994,2.89422541494309
"1567","Philippines",1995,3.04226
"1568","Philippines",1996,3.36287
"1569","Philippines",1997,3.51716
"1570","Philippines",1998,3.81449
"1571","Philippines",1999,2.88745012409513
"1572","Philippines",2000,3.26766
"1573","Philippines",2001,3.02662
"1574","Philippines",2002,2.99708
"1575","Philippines",2003,3.0447
"1576","Philippines",2004,2.56797
"1577","Philippines",2005,2.42629
"1578","Philippines",2006,2.53381
"1579","Philippines",2007,2.59534
"1580","Philippines",2008,2.69298
"1581","Philippines",2009,2.65295
"1582","Poland",1991,3.89145
"1583","Poland",1992,4.18793
"1584","Poland",1993,4.18276
"1585","Poland",1994,4.75118422843167
"1586","Poland",1995,4.335
"1587","Poland",1996,6.26718
"1588","Poland",1997,4.81122277905425
"1589","Poland",1998,4.95044
"1590","Poland",1999,4.60029
"1591","Poland",2000,4.99362
"1592","Poland",2001,5.32975
"1593","Poland",2002,5.39797
"1594","Poland",2003,5.33218
"1595","Poland",2004,5.35574
"1596","Poland",2005,5.42609
"1597","Poland",2006,5.20573
"1598","Poland",2007,4.86834
"1599","Poland",2008,5.04044
"1600","Poland",2009,4.9891
"1601","Poland",2010,5.06843
"1602","Poland",2011,4.82012
"1603","Poland",2012,4.81181
"1604","Poland",2013,4.94011
"1605","Poland",2014,4.91107
"1606","Poland",2015,4.81454
"1607","Portugal",1985,3.26217
"1608","Portugal",1986,3.04895
"1609","Portugal",1987,3.15767
"1610","Portugal",1988,3.38719
"1611","Portugal",1989,3.4749
"1612","Portugal",1990,3.56937
"1613","Portugal",1991,4.07093
"1614","Portugal",1992,4.33704
"1615","Portugal",1993,4.84047
"1616","Portugal",1994,4.67084
"1617","Portugal",1995,4.61286
"1618","Portugal",1996,5.06512
"1619","Portugal",1997,4.43328477753855
"1620","Portugal",1998,4.49818131505359
"1621","Portugal",1999,5.04535
"1622","Portugal",2000,5.16177
"1623","Portugal",2001,5.33506
"1624","Portugal",2002,5.25588
"1625","Portugal",2003,5.27827
"1626","Portugal",2004,5.0423
"1627","Portugal",2005,5.07076
"1628","Portugal",2006,4.90802
"1629","Portugal",2007,4.92191
"1630","Portugal",2008,4.70213
"1631","Portugal",2009,5.56214
"1632","Portugal",2010,5.40289
"1633","Portugal",2011,5.12129
"1634","Portugal",2012,4.9464
"1635","Portugal",2013,5.27787
"1636","Portugal",2014,5.12325
"1637","Portugal",2015,4.88294
"1638","Puerto Rico",2013,6.48108
"1639","Puerto Rico",2014,6.07266
"1640","Qatar",1998,3.57767
"1641","Qatar",1999,4.3453
"1642","Qatar",2000,3.72598
"1643","Qatar",2001,3.20019
"1644","Qatar",2002,3.84656
"1645","Qatar",2003,3.37394
"1646","Qatar",2004,3.46259
"1647","Qatar",2005,3.97188
"1648","Qatar",2006,3.79309267365662
"1649","Qatar",2007,3.8061427785059
"1650","Qatar",2008,4.22755
"1651","Qatar",2009,3.41315
"1652","Qatar",2010,4.53966
"1653","Qatar",2011,4.01224
"1654","Qatar",2012,3.50744
"1655","Qatar",2013,4.07384
"1656","Qatar",2014,3.60535
"1657","Romania",1996,3.21978
"1658","Romania",1997,3.35302113786671
"1659","Romania",1998,3.35203956588096
"1660","Romania",1999,3.3510579938952
"1661","Romania",2000,2.85443
"1662","Romania",2001,3.24046
"1663","Romania",2002,3.4959
"1664","Romania",2003,3.42195
"1665","Romania",2004,3.25867
"1666","Romania",2005,3.45668
"1667","Romania",2006,3.34418698999491
"1668","Romania",2007,4.11774
"1669","Romania",2008,3.3422238460234
"1670","Romania",2009,4.03672
"1671","Romania",2010,3.48629
"1672","Romania",2011,3.04409
"1673","Romania",2012,2.94604
"1674","Romania",2013,3.33731598609462
"1675","Romania",2014,3.12851
"1676","Romania",2015,3.10645
"1677","Russian Federation",2000,2.93981
"1678","Russian Federation",2001,3.10602
"1679","Russian Federation",2002,3.83902
"1680","Russian Federation",2003,3.67854
"1681","Russian Federation",2004,3.54787
"1682","Russian Federation",2005,3.77193
"1683","Russian Federation",2006,3.86626
"1684","Russian Federation",2007,3.70919965779466
"1685","Russian Federation",2008,4.10175
"1686","Russian Federation",2009,3.79931631178704
"1687","Russian Federation",2010,3.84437463878324
"1688","Russian Federation",2011,3.88943296577943
"1689","Russian Federation",2012,3.78973
"1690","Russian Federation",2013,3.97954961977183
"1691","Russian Federation",2014,4.02460794676803
"1692","Russian Federation",2015,3.82025
"1693","San Marino",1990,2.17574
"1694","San Marino",1991,2.37778
"1695","San Marino",1992,2.66322
"1696","San Marino",1993,2.58936
"1697","San Marino",1994,2.44976
"1698","San Marino",1995,2.28959
"1699","San Marino",1996,2.28578
"1700","San Marino",1997,2.39119682878521
"1701","San Marino",1998,2.38801828785211
"1702","San Marino",1999,2.38483974691902
"1703","San Marino",2000,2.38166120598592
"1704","San Marino",2001,2.37848266505282
"1705","San Marino",2002,2.37530412411972
"1706","San Marino",2003,2.37212558318662
"1707","San Marino",2004,2.36894704225352
"1708","San Marino",2005,2.36576850132042
"1709","San Marino",2006,2.36258996038733
"1710","San Marino",2007,2.35941141945423
"1711","San Marino",2008,2.35623287852113
"1712","San Marino",2009,2.35305433758803
"1713","San Marino",2010,2.3098
"1714","San Marino",2011,2.38292
"1715","Seychelles",1985,10.23305
"1716","Seychelles",1986,9.7136
"1717","Seychelles",1987,9.09418268839528
"1718","Seychelles",1988,8.29189
"1719","Seychelles",1989,8.22952
"1720","Seychelles",1990,8.45330800809631
"1721","Seychelles",1991,8.23968311466336
"1722","Seychelles",1992,8.02605822123036
"1723","Seychelles",1993,7.81243332779735
"1724","Seychelles",1994,9.02171
"1725","Seychelles",1995,7.70369
"1726","Seychelles",1996,7.77922
"1727","Seychelles",1997,6.95793375406544
"1728","Seychelles",1998,5.99207
"1729","Seychelles",1999,5.261
"1730","Seychelles",2000,6.31705907376653
"1731","Seychelles",2001,6.10343418033352
"1732","Seychelles",2002,5.19333
"1733","Seychelles",2003,5.37493
"1734","Seychelles",2004,5.46255950003462
"1735","Seychelles",2005,5.24893460660161
"1736","Seychelles",2006,4.77012
"1737","Seychelles",2007,4.82168481973571
"1738","Seychelles",2008,4.6080599263027
"1739","Seychelles",2009,4.39443503286969
"1740","Seychelles",2010,4.18081013943674
"1741","Seychelles",2011,3.60644
"1742","Seychelles",2012,2.61393
"1743","Seychelles",2013,3.60813
"1744","Seychelles",2014,4.08368
"1745","Seychelles",2015,3.11268567227188
"1746","Seychelles",2016,4.41832
"1747","Singapore",1988,3.65584
"1748","Singapore",1989,3.91051609946358
"1749","Singapore",1990,3.87161076548016
"1750","Singapore",1991,3.83270543149675
"1751","Singapore",1992,3.79380009751333
"1752","Singapore",1993,3.7548947635299
"1753","Singapore",1994,3.71598942954648
"1754","Singapore",1995,3.67708409556307
"1755","Singapore",1996,3.63817876157965
"1756","Singapore",1997,3.59927342759623
"1757","Singapore",1998,3.56036809361281
"1758","Singapore",1999,3.52146275962939
"1759","Singapore",2000,3.32136
"1760","Singapore",2001,3.55138
"1761","Singapore",2002,3.90063
"1762","Singapore",2003,4.00778
"1763","Singapore",2004,3.67701
"1764","Singapore",2005,3.21966
"1765","Singapore",2006,2.86787
"1766","Singapore",2007,2.96336
"1767","Singapore",2008,2.77936
"1768","Singapore",2009,3.03184
"1769","Singapore",2010,3.10836
"1770","Singapore",2011,3.07419
"1771","Singapore",2012,3.10851
"1772","Singapore",2013,2.89769
"1773","Slovenia",1995,4.92384
"1774","Slovenia",1996,5.49536591589451
"1775","Slovenia",1997,5.49030566642908
"1776","Slovenia",1998,5.48524541696365
"1777","Slovenia",1999,5.48018516749822
"1778","Slovenia",2000,5.47512491803279
"1779","Slovenia",2001,5.75709
"1780","Slovenia",2002,5.65512
"1781","Slovenia",2003,5.69128
"1782","Slovenia",2004,5.63518
"1783","Slovenia",2005,5.58241
"1784","Slovenia",2006,5.57559
"1785","Slovenia",2007,5.10509
"1786","Slovenia",2008,5.10609
"1787","Slovenia",2009,5.56859
"1788","Slovenia",2010,5.56251
"1789","Slovenia",2011,5.56563
"1790","Slovenia",2012,5.64783
"1791","Slovenia",2013,5.43782
"1792","Slovenia",2014,5.29444
"1793","Slovenia",2015,4.91156
"1794","South Africa",1987,5.16433
"1795","South Africa",1988,5.29059
"1796","South Africa",1989,4.85255
"1797","South Africa",1990,5.12579
"1798","South Africa",1991,5.73735
"1799","South Africa",1992,5.27613170135713
"1800","South Africa",1993,5.88602
"1801","South Africa",1994,5.80609
"1802","South Africa",1995,5.33120534450895
"1803","South Africa",1996,5.57575
"1804","South Africa",1997,5.36792110661017
"1805","South Africa",1998,5.38627898766077
"1806","South Africa",1999,5.87523
"1807","South Africa",2000,5.44358
"1808","South Africa",2001,5.15948
"1809","South Africa",2002,5.06622
"1810","South Africa",2003,4.86485
"1811","South Africa",2004,5.06891
"1812","South Africa",2005,5.0632
"1813","South Africa",2006,5.07257
"1814","South Africa",2007,4.97414
"1815","South Africa",2008,4.866
"1816","South Africa",2009,5.24869
"1817","South Africa",2010,5.72174
"1818","South Africa",2011,5.96275
"1819","South Africa",2012,6.37164
"1820","South Africa",2013,6.01354
"1821","South Africa",2014,6.04662
"1822","South Africa",2015,5.95619
"1823","South Africa",2016,5.94059
"1824","Spain",1987,3.1367
"1825","Spain",1988,3.33737
"1826","Spain",1989,3.56145
"1827","Spain",1990,3.64349
"1828","Spain",1991,3.75254
"1829","Spain",1992,3.84761
"1830","Spain",1993,4.25645
"1831","Spain",1994,4.49689
"1832","Spain",1995,4.44671
"1833","Spain",1996,4.46852
"1834","Spain",1997,4.04645761316874
"1835","Spain",1998,4.30296
"1836","Spain",1999,4.27052
"1837","Spain",2000,4.17637
"1838","Spain",2001,4.11988
"1839","Spain",2002,4.13603
"1840","Spain",2003,4.16717
"1841","Spain",2004,4.14829
"1842","Spain",2005,4.13003
"1843","Spain",2006,4.16759
"1844","Spain",2007,4.23332
"1845","Spain",2008,4.50094
"1846","Spain",2009,4.86771
"1847","Spain",2010,4.81912
"1848","Spain",2011,4.86633
"1849","Spain",2012,4.43188
"1850","Spain",2013,4.32834
"1851","Spain",2014,4.2799
"1852","Spain",2015,4.27701
"1853","Sri Lanka",1985,2.57614
"1854","Sri Lanka",1986,2.80542
"1855","Sri Lanka",1987,2.64433
"1856","Sri Lanka",1988,2.82636
"1857","Sri Lanka",1989,2.75516
"1858","Sri Lanka",1990,2.41093
"1859","Sri Lanka",1991,2.91558
"1860","Sri Lanka",1992,2.73181032444832
"1861","Sri Lanka",1993,2.7041737273323
"1862","Sri Lanka",1994,3.10853
"1863","Sri Lanka",1995,2.9576
"1864","Sri Lanka",1996,3.3436
"1865","Sri Lanka",1997,2.59362733886825
"1866","Sri Lanka",1998,3.05142
"1867","Sri Lanka",1999,2.53835414463622
"1868","Sri Lanka",2000,2.5107175475202
"1869","Sri Lanka",2001,2.48308095040419
"1870","Sri Lanka",2002,2.45544435328818
"1871","Sri Lanka",2003,2.42780775617216
"1872","Sri Lanka",2004,2.40017115905615
"1873","Sri Lanka",2005,2.37253456194014
"1874","Sri Lanka",2006,2.34489796482412
"1875","Sri Lanka",2007,2.31726136770811
"1876","Sri Lanka",2008,2.28962477059209
"1877","Sri Lanka",2009,2.0559
"1878","Sri Lanka",2010,1.71774
"1879","Sri Lanka",2011,1.80861
"1880","Sri Lanka",2012,1.49617
"1881","Sri Lanka",2013,1.62107
"1882","Sri Lanka",2014,1.93288
"1883","Sri Lanka",2015,2.22875
"1884","Sri Lanka",2016,3.47508
"1885","Sweden",1990,5.28673
"1886","Sweden",1991,5.52166
"1887","Sweden",1992,5.3337
"1888","Sweden",1993,5.58579
"1889","Sweden",1994,6.02197547096534
"1890","Sweden",1995,6.2239
"1891","Sweden",1996,6.92501
"1892","Sweden",1997,6.22408435211437
"1893","Sweden",1998,7.16734
"1894","Sweden",1999,6.93026
"1895","Sweden",2000,6.81885
"1896","Sweden",2001,6.68601
"1897","Sweden",2002,7.00104
"1898","Sweden",2003,6.85764
"1899","Sweden",2004,6.72268
"1900","Sweden",2005,6.55951
"1901","Sweden",2006,6.41067
"1902","Sweden",2007,6.21507
"1903","Sweden",2008,6.39073
"1904","Sweden",2009,6.85779
"1905","Sweden",2010,6.62199
"1906","Sweden",2011,6.49112
"1907","Sweden",2012,7.65619
"1908","Sweden",2013,7.71774
"1909","Sweden",2014,7.68125
"1910","Sweden",2015,7.55132
"1911","Switzerland",1985,4.29915
"1912","Switzerland",1986,4.33565
"1913","Switzerland",1987,4.29062
"1914","Switzerland",1988,4.357
"1915","Switzerland",1989,4.26674
"1916","Switzerland",1990,4.52294
"1917","Switzerland",1991,4.68063
"1918","Switzerland",1992,4.68998200869667
"1919","Switzerland",1993,5.09206
"1920","Switzerland",1994,5.0553
"1921","Switzerland",1995,5.05943
"1922","Switzerland",1996,5.07192
"1923","Switzerland",1997,4.80751434918632
"1924","Switzerland",1998,4.88702
"1925","Switzerland",1999,4.89023
"1926","Switzerland",2000,4.7814
"1927","Switzerland",2001,4.95981
"1928","Switzerland",2002,5.31429
"1929","Switzerland",2003,5.52376
"1930","Switzerland",2004,5.44573
"1931","Switzerland",2005,5.2041
"1932","Switzerland",2006,4.96158
"1933","Switzerland",2007,4.68738
"1934","Switzerland",2008,4.86799
"1935","Switzerland",2009,5.04118
"1936","Switzerland",2010,4.92605
"1937","Switzerland",2011,4.96986
"1938","Switzerland",2012,5.03337
"1939","Switzerland",2013,5.04048
"1940","Switzerland",2014,5.05123
"1941","Switzerland",2015,5.10465
"1942","Thailand",1986,3.40798
"1943","Thailand",1987,3.11582
"1944","Thailand",1988,2.75342
"1945","Thailand",1989,2.50243
"1946","Thailand",1990,3.36668084313136
"1947","Thailand",1991,3.0886
"1948","Thailand",1992,3.04541
"1949","Thailand",1993,3.50465082121406
"1950","Thailand",1994,3.40523
"1951","Thailand",1995,3.14498
"1952","Thailand",1996,3.49961
"1953","Thailand",1997,4.5772
"1954","Thailand",1998,4.6257
"1955","Thailand",1999,4.83267
"1956","Thailand",2000,5.25346
"1957","Thailand",2001,4.81786
"1958","Thailand",2002,3.86492
"1959","Thailand",2003,3.72561
"1960","Thailand",2004,4.03089
"1961","Thailand",2005,3.93859
"1962","Thailand",2006,4.05038
"1963","Thailand",2007,3.60314
"1964","Thailand",2008,3.5085
"1965","Thailand",2009,3.86194
"1966","Thailand",2010,3.50844
"1967","Thailand",2011,4.80556
"1968","Thailand",2012,4.53671
"1969","Thailand",2013,4.12402
"1970","Trinidad and Tobago",1985,5.76775
"1971","Trinidad and Tobago",1986,4.67597482463842
"1972","Trinidad and Tobago",1987,4.55455503288042
"1973","Trinidad and Tobago",1988,4.43313524112241
"1974","Trinidad and Tobago",1989,4.19987
"1975","Trinidad and Tobago",1990,3.65413
"1976","Trinidad and Tobago",1991,4.06887586584841
"1977","Trinidad and Tobago",1992,3.94745607409041
"1978","Trinidad and Tobago",1993,3.82603628233241
"1979","Trinidad and Tobago",1994,3.43181
"1980","Trinidad and Tobago",1995,3.55855
"1981","Trinidad and Tobago",1996,3.24877
"1982","Trinidad and Tobago",1997,3.32521
"1983","Trinidad and Tobago",1998,2.43892
"1984","Trinidad and Tobago",1999,2.75612
"1985","Trinidad and Tobago",2000,2.75565
"1986","Trinidad and Tobago",2001,3.06529
"1987","Trinidad and Tobago",2002,3.54301
"1988","Trinidad and Tobago",2003,3.1366
"1989","Turkey",1985,1.73811
"1990","Turkey",1986,1.50957
"1991","Turkey",1987,1.62653766986372
"1992","Turkey",1988,1.71595899605592
"1993","Turkey",1989,1.80538032224811
"1994","Turkey",1990,1.89480164844028
"1995","Turkey",1991,1.98422297463247
"1996","Turkey",1992,2.07364430082464
"1997","Turkey",1993,3.36547
"1998","Turkey",1994,3.42483
"1999","Turkey",1995,2.25111
"2000","Turkey",1996,2.43132960559339
"2001","Turkey",1997,2.52075093178559
"2002","Turkey",1998,0
"2003","Turkey",1999,2.88664
"2004","Turkey",2000,2.52908
"2005","Turkey",2001,2.65434
"2006","Turkey",2002,2.74894
"2007","Turkey",2003,2.87663
"2008","Turkey",2004,3.0202
"2009","Turkey",2005,3.23612154132306
"2010","Turkey",2006,2.75063
"2011","Turkey",2007,3.41496419370742
"2012","Turkey",2008,3.50438551989961
"2013","Turkey",2009,3.59380684609181
"2014","Turkey",2010,3.68322817228398
"2015","Turkey",2011,3.77264949847617
"2016","Turkey",2012,4.419
"2017","Turkey",2013,4.3641
"2018","Turkey",2014,4.37116
"2019","Turkey",2015,4.29187
"2020","Turkmenistan",2012,3.04925
"2021","Ukraine",1997,5.45601
"2022","Ukraine",1998,4.44884
"2023","Ukraine",1999,3.61808
"2024","Ukraine",2000,4.16623
"2025","Ukraine",2001,4.68049
"2026","Ukraine",2002,5.43333
"2027","Ukraine",2003,5.60241
"2028","Ukraine",2004,5.30832
"2029","Ukraine",2005,6.05848
"2030","Ukraine",2006,6.20873
"2031","Ukraine",2007,6.1512
"2032","Ukraine",2008,6.42993
"2033","Ukraine",2009,7.31088
"2034","Ukraine",2010,6.05653988355172
"2035","Ukraine",2011,6.16237
"2036","Ukraine",2012,6.69233
"2037","Ukraine",2013,6.67166
"2038","Ukraine",2014,5.87494
"2039","Ukraine",2015,6.57181441048039
"2040","Ukraine",2016,5.01437
"2041","United Arab Emirates",1997,1.10944
"2042","United Kingdom",1985,4.59409
"2043","United Kingdom",1986,4.38084
"2044","United Kingdom",1987,4.37181
"2045","United Kingdom",1988,4.26831
"2046","United Kingdom",1989,4.12511
"2047","United Kingdom",1990,4.05552
"2048","United Kingdom",1991,4.12248
"2049","United Kingdom",1992,4.33449
"2050","United Kingdom",1993,4.39895112320922
"2051","United Kingdom",1994,4.85083
"2052","United Kingdom",1995,4.83926
"2053","United Kingdom",1996,4.40784
"2054","United Kingdom",1997,4.59272471633241
"2055","United Kingdom",1998,4.22992
"2056","United Kingdom",1999,4.02541
"2057","United Kingdom",2000,4.07179
"2058","United Kingdom",2001,4.14389
"2059","United Kingdom",2002,4.69248
"2060","United Kingdom",2003,4.84832
"2061","United Kingdom",2004,4.77278
"2062","United Kingdom",2005,4.97698
"2063","United Kingdom",2006,5.02086
"2064","United Kingdom",2007,4.9534
"2065","United Kingdom",2008,4.93553
"2066","United Kingdom",2009,5.13067
"2067","United Kingdom",2010,5.77046
"2068","United Kingdom",2011,5.67333
"2069","United Kingdom",2012,5.31937569054442
"2070","United Kingdom",2013,5.61871
"2071","United Kingdom",2014,5.69342
"2072","United Kingdom",2015,5.63148
"2073","United Kingdom",2016,5.54179
"2074","United States",2010,5.42001
"2075","United States",2011,5.2239
"2076","United States",2012,5.19486
"2077","United States",2013,4.94379
"2078","United States",2014,4.98948
"2079","Uruguay",1985,2.56679
"2080","Uruguay",1986,3.10283
"2081","Uruguay",1987,2.39416217319879
"2082","Uruguay",1988,2.41802508409607
"2083","Uruguay",1989,2.44188799499336
"2084","Uruguay",1990,2.46575090589064
"2085","Uruguay",1991,2.47908
"2086","Uruguay",1992,2.41153
"2087","Uruguay",1993,2.53733963858249
"2088","Uruguay",1994,2.27172
"2089","Uruguay",1995,2.5214
"2090","Uruguay",1996,2.86987
"2091","Uruguay",1997,2.63279128217164
"2092","Uruguay",1998,2.24337
"2093","Uruguay",1999,2.68051710396621
"2094","Uruguay",2000,2.42255
"2095","Uruguay",2001,2.80096
"2096","Uruguay",2002,2.3222
"2097","Uruguay",2003,2.06821
"2098","Uruguay",2004,2.49954
"2099","Uruguay",2005,2.71475
"2100","Uruguay",2006,2.88026
"2101","Uruguay",2007,2.8714203911445
"2102","Uruguay",2008,2.89528330204178
"2103","Uruguay",2009,2.91914621293907
"2104","Uruguay",2010,2.94300912383635
"2105","Uruguay",2011,4.35527
"2106","Uzbekistan",2013,7.28354
"2107","Uzbekistan",2014,7.31866
"2108","Uzbekistan",2015,7.07882
"2109","Uzbekistan",2016,6.91097
