"","Country","Year","gdp","gdp_per_capita"
"1","Albania",1987,"2156624900",796
"2","Albania",1988,"2126000000",769
"3","Albania",1989,"2335124988",833
"4","Albania",1992,"709452584",251
"5","Albania",1993,"1228071038",437
"6","Albania",1994,"1985673798",697
"7","Albania",1995,"2424499009",835
"8","Albania",1996,"3314898292",1127
"9","Albania",1997,"2359903108",793
"10","Albania",1998,"2707123772",899
"11","Albania",1999,"3414760915",1127
"12","Albania",2000,"3632043908",1299
"13","Albania",2001,"4060758804",1451
"14","Albania",2002,"4435078648",1573
"15","Albania",2003,"5746945913",2021
"16","Albania",2004,"7314865176",2544
"17","Albania",2005,"8158548717",2931
"18","Albania",2006,"8992642349",3235
"19","Albania",2007,"10701011897",3863
"20","Albania",2008,"12881352688",4672
"21","Albania",2009,"12044212904",4387
"22","Albania",2010,"11926953259",4359
"23","Antigua and Barbuda",1985,"240923926",3850
"24","Antigua and Barbuda",1986,"290440148",4740
"25","Antigua and Barbuda",1987,"337174852",5595
"26","Antigua and Barbuda",1988,"398637741",6693
"27","Antigua and Barbuda",1989,"438794778",7407
"28","Antigua and Barbuda",1990,"459469074",7744
"29","Antigua and Barbuda",1991,"481706333",7976
"30","Antigua and Barbuda",1992,"499281148",8087
"31","Antigua and Barbuda",1993,"535172778",8453
"32","Antigua and Barbuda",1994,"589429593",9062
"33","Antigua and Barbuda",1995,"577280741",8636
"34","Antigua and Barbuda",1998,"727860593",10078
"35","Antigua and Barbuda",1999,"766198926",10378
"36","Antigua and Barbuda",2000,"830158778",11021
"37","Antigua and Barbuda",2001,"800740259",10468
"38","Antigua and Barbuda",2002,"814615333",10499
"39","Antigua and Barbuda",2003,"855643111",10878
"40","Antigua and Barbuda",2004,"919577148",11535
"41","Antigua and Barbuda",2005,"1022191296",12649
"42","Antigua and Barbuda",2006,"1157005444",14114
"43","Antigua and Barbuda",2007,"1311401333",15775
"44","Antigua and Barbuda",2008,"1368431037",16238
"45","Antigua and Barbuda",2009,"1224253000",14335
"46","Antigua and Barbuda",2012,"1211411704",13657
"47","Antigua and Barbuda",2013,"1192925407",13287
"48","Antigua and Barbuda",2014,"1280133333",14093
"49","Antigua and Barbuda",2015,"1364863037",14853
"50","Argentina",1985,"88416668900",3264
"51","Argentina",1986,"110934442763",4072
"52","Argentina",1987,"111106191358",4026
"53","Argentina",1988,"126206817196",4458
"54","Argentina",1989,"76636898036",2670
"55","Argentina",1990,"141352368715",4859
"56","Argentina",1991,"189719984268",6404
"57","Argentina",1992,"228788617202",7615
"58","Argentina",1993,"236741715015",7768
"59","Argentina",1994,"257440000000",8328
"60","Argentina",1995,"258031750000",8232
"61","Argentina",1996,"272149750000",8563
"62","Argentina",1997,"292859000000",9057
"63","Argentina",1998,"298948250000",9126
"64","Argentina",1999,"283523000000",8546
"65","Argentina",2000,"284203750000",8462
"66","Argentina",2001,"268696750000",7900
"67","Argentina",2002,"97724004252",2840
"68","Argentina",2003,"127586973492",3668
"69","Argentina",2004,"164657930453",4683
"70","Argentina",2005,"198737095012",5590
"71","Argentina",2006,"232557260817",6475
"72","Argentina",2007,"287530508431",7918
"73","Argentina",2008,"361558037110",9843
"74","Argentina",2009,"332976484578",8961
"75","Argentina",2010,"423627422092",11273
"76","Argentina",2011,"530163281575",13946
"77","Argentina",2012,"545982375701",14203
"78","Argentina",2013,"552025140252",14206
"79","Argentina",2014,"526319673732",13400
"80","Argentina",2015,"594749285413",14981
"81","Armenia",1990,"2256838858",756
"82","Armenia",1991,"2068526522",640
"83","Armenia",1992,"1272577456",385
"84","Armenia",1993,"1201313201",357
"85","Armenia",1994,"1315158670",387
"86","Armenia",1995,"1468317350",426
"87","Armenia",1996,"1596968913",458
"88","Armenia",1997,"1639492424",465
"89","Armenia",1998,"1893726437",532
"90","Armenia",1999,"1845482181",515
"91","Armenia",2000,"1911563665",530
"92","Armenia",2001,"2118467913",587
"93","Armenia",2002,"2376335048",788
"94","Armenia",2003,"2807061009",928
"95","Armenia",2006,"6384451606",2310
"96","Armenia",2007,"9206301700",3366
"97","Armenia",2008,"11662040714",3829
"98","Armenia",2009,"8647936748",3215
"99","Armenia",2010,"9260284938",3460
"100","Armenia",2011,"10142111334",3798
"101","Armenia",2012,"10619320049",3773
"102","Armenia",2013,"11121465767",3957
"103","Armenia",2014,"11609512940",4142
"104","Armenia",2015,"10553337673",3775
"105","Armenia",2016,"10546135160",3788
"106","Aruba",1995,"1320670391",17949
"107","Aruba",1999,"1722798883",21027
"108","Aruba",2000,"1873452514",22333
"109","Aruba",2001,"1920262570",22317
"110","Aruba",2002,"1941094972",21987
"111","Aruba",2003,"2021301676",22345
"112","Aruba",2004,"2228279330",24133
"113","Aruba",2005,"2331005587",24870
"114","Aruba",2006,"2421474860",25622
"115","Aruba",2007,"2623726257",27672
"116","Aruba",2008,"2791960894",29447
"117","Aruba",2009,"2498932961",26361
"118","Aruba",2010,"2467703911",25974
"119","Aruba",2011,"2584463687",27066
"120","Australia",1985,"180190994861",12374
"121","Australia",1986,"181977476217",12288
"122","Australia",1987,"189041159344",12564
"123","Australia",1988,"235699941793",15393
"124","Australia",1989,"299317645143",19223
"125","Australia",1990,"310838014621",19665
"126","Australia",1991,"325358292128",20320
"127","Australia",1992,"324878105053",20050
"128","Australia",1993,"311528948848",19030
"129","Australia",1994,"322201314424",19469
"130","Australia",1995,"367216364716",21902
"131","Australia",1996,"400302731411",23526
"132","Australia",1997,"434568007513",25234
"133","Australia",1998,"398899138574",22897
"134","Australia",1999,"388395162301",22016
"135","Australia",2000,"415034227218",23219
"136","Australia",2001,"378215090694",20860
"137","Australia",2002,"394486709920",21474
"138","Australia",2003,"466294700058",25059
"139","Australia",2004,"611904253806",32454
"140","Australia",2006,"745521862833",39014
"141","Australia",2007,"851962785585",43171
"142","Australia",2008,"1052584601611",52315
"143","Australia",2009,"926448240318",45128
"144","Australia",2010,"1144260547873",54887
"145","Australia",2011,"1394280784778",66770
"146","Australia",2012,"1543411012580",72669
"147","Australia",2013,"1573696522007",72856
"148","Australia",2014,"1464955475994",66809
"149","Australia",2015,"1349034029453",60656
"150","Austria",1985,"69386774475",9759
"151","Austria",1986,"99036165210",13911
"152","Austria",1987,"124168442860",17415
"153","Austria",1988,"133339397080",18663
"154","Austria",1989,"133105805928",18544
"155","Austria",1990,"166463386663",23020
"156","Austria",1991,"173794177725",23808
"157","Austria",1992,"195078126346",26450
"158","Austria",1993,"190379720927",25611
"159","Austria",1994,"203535242742",27274
"160","Austria",1995,"241038283063",32237
"161","Austria",1996,"237250948791",31660
"162","Austria",1997,"212790348405",28325
"163","Austria",1998,"218259904402",28972
"164","Austria",1999,"217185787343",28722
"165","Austria",2000,"196799778883",25922
"166","Austria",2001,"197337879195",25848
"167","Austria",2002,"213377771504",27772
"168","Austria",2003,"261695778781",33889
"169","Austria",2004,"300904221505",38711
"170","Austria",2005,"315974418605",40367
"171","Austria",2006,"335998557270",42698
"172","Austria",2007,"388691445387",49218
"173","Austria",2008,"430294287388",54294
"174","Austria",2009,"400172297861",50356
"175","Austria",2010,"391892746545",49181
"176","Austria",2011,"431120310089",53923
"177","Austria",2012,"409425234155",50979
"178","Austria",2013,"430068712972",53229
"179","Austria",2014,"441885415806",54278
"180","Austria",2015,"382065930308",46484
"181","Austria",2016,"390799991147",46976
"182","Azerbaijan",1990,"8858006036",1439
"183","Azerbaijan",1991,"8792365811",1398
"184","Azerbaijan",1992,"4991350458",784
"185","Azerbaijan",1993,"3973027397",617
"186","Azerbaijan",1994,"3313739674",508
"187","Azerbaijan",1995,"3052467522",462
"188","Azerbaijan",1996,"3176749593",476
"189","Azerbaijan",1997,"3962710163",590
"190","Azerbaijan",1998,"4446396218",631
"191","Azerbaijan",1999,"4581222442",645
"192","Azerbaijan",2000,"5272617196",711
"193","Azerbaijan",2001,"5707720391",759
"194","Azerbaijan",2002,"6235795104",820
"195","Azerbaijan",2003,"7276013032",948
"196","Azerbaijan",2004,"8680472169",1122
"197","Azerbaijan",2007,"33050343783",4172
"198","Bahrain",1985,"3651861702",9980
"199","Bahrain",1987,"3392021011",9321
"200","Bahrain",1988,"3702393617",9501
"201","Bahrain",1997,"6349202394",11985
"202","Bahrain",1998,"6183776596",11325
"203","Bahrain",1999,"6621010372",11703
"204","Bahrain",2000,"9062906915",15345
"205","Bahrain",2001,"8976207713",14383
"206","Bahrain",2002,"9632155053",14572
"207","Bahrain",2003,"11074822074",15756
"208","Bahrain",2004,"13150166755",17497
"209","Bahrain",2005,"15968726862",19485
"210","Bahrain",2006,"18505053191",20826
"211","Bahrain",2007,"21730000000",22524
"212","Bahrain",2008,"25710877660",25106
"213","Bahrain",2009,"22938218085",20988
"214","Bahrain",2010,"25713271277",22572
"215","Bahrain",2011,"28776595745",26078
"216","Bahrain",2012,"30749308511",25587
"217","Bahrain",2013,"32539547872",26793
"218","Bahrain",2014,"33387712766",27503
"219","Barbados",1985,"1417575550",6137
"220","Barbados",1986,"1556321742",6720
"221","Barbados",1987,"1713771321",7333
"222","Barbados",1988,"1822815594",7763
"223","Barbados",1989,"2015731029",8541
"224","Barbados",1990,"2023318252",8537
"225","Barbados",1991,"2007109829",8469
"226","Barbados",1992,"1950900000",8129
"227","Barbados",1993,"2046189032",8540
"228","Barbados",1994,"2151295182",8953
"229","Barbados",1995,"2261969870",9378
"230","Barbados",2000,"3121500000",12430
"231","Barbados",2001,"3116650000",12348
"232","Barbados",2002,"3169600000",12511
"233","Barbados",2003,"3274850000",12887
"234","Barbados",2004,"3514350000",13786
"235","Barbados",2005,"3897300000",15230
"236","Barbados",2006,"4246600000",16531
"237","Barbados",2007,"4523750000",17528
"238","Barbados",2008,"4607300000",17760
"239","Barbados",2009,"4434050000",17007
"240","Barbados",2010,"4461650000",17034
"241","Barbados",2011,"4660900000",17708
"242","Barbados",2012,"4656350000",17620
"243","Barbados",2013,"4612500000",17395
"244","Belarus",1990,"21650000000",2301
"245","Belarus",1991,"18000000000",1899
"246","Belarus",1992,"17037037037",1780
"247","Belarus",1993,"16280991736",1689
"248","Belarus",1994,"14932024169",1547
"249","Belarus",1995,"13972676841",1444
"250","Belarus",1996,"14756846154",1524
"251","Belarus",1997,"14128408566",1458
"252","Belarus",1998,"15222012660",1570
"253","Belarus",1999,"12138486532",1269
"254","Belarus",2000,"12736856828",1335
"255","Belarus",2001,"12354820144",1299
"256","Belarus",2002,"14594249023",1541
"257","Belarus",2003,"17827791321",1892
"258","Belarus",2007,"45277399814",4898
"259","Belarus",2008,"60763483146",6601
"260","Belarus",2009,"49209523810",5366
"261","Belarus",2010,"57222490769",6371
"262","Belarus",2011,"61757788945",6902
"263","Belarus",2013,"75527984234",8477
"264","Belarus",2014,"78813839984",8849
"265","Belgium",1985,"86730038793",9356
"266","Belgium",1986,"120661220336",12992
"267","Belgium",1987,"150194077688",16165
"268","Belgium",1988,"163167853538",17509
"269","Belgium",1989,"165100094595",17659
"270","Belgium",1990,"206430841502",22032
"271","Belgium",1991,"211637816539",22523
"272","Belgium",1992,"236038384442",25036
"273","Belgium",1993,"225924679921",23875
"274","Belgium",1994,"246194938751",25922
"275","Belgium",1995,"289567323481",30394
"276","Belgium",1996,"281358175896",29438
"277","Belgium",1997,"254813599459",26609
"278","Belgium",1998,"260601911536",27087
"279","Belgium",1999,"260202429150",26969
"280","Belgium",2000,"237904919845",24592
"281","Belgium",2001,"237841968680",24494
"282","Belgium",2002,"258860436665",26526
"283","Belgium",2003,"319002821670",32538
"284","Belgium",2004,"370885026074",37661
"285","Belgium",2005,"387365750529",39124
"286","Belgium",2006,"409813197842",41135
"287","Belgium",2007,"471821105940",47040
"288","Belgium",2008,"518625897173",51345
"289","Belgium",2009,"484552792442",47630
"290","Belgium",2010,"483548031197",47355
"291","Belgium",2011,"527008453887",50893
"292","Belgium",2012,"497884216569",47678
"293","Belgium",2013,"520925468953",49489
"294","Belgium",2014,"530770977634",50173
"295","Belgium",2015,"455039563133",42830
"296","Belize",1986,"227850000",1552
"297","Belize",1987,"276550000",1920
"298","Belize",1989,"363150000",2372
"299","Belize",1990,"413050000",2614
"300","Belize",1991,"444720750",2742
"301","Belize",1993,"559858250",3278
"302","Belize",1994,"580863700",3399
"303","Belize",1995,"620140400",3436
"304","Belize",1996,"641383800",3545
"305","Belize",1997,"654314350",3487
"306","Belize",1998,"688992450",3531
"307","Belize",1999,"732732350",3615
"308","Belize",2000,"832072450",3960
"309","Belize",2001,"871860600",4013
"310","Belize",2002,"932551850",4161
"311","Belize",2003,"990374050",4289
"312","Belize",2004,"1057845500",4449
"313","Belize",2005,"1114222550",4547
"314","Belize",2006,"1217467600",4815
"315","Belize",2007,"1290573400",4951
"316","Belize",2008,"1368625150",5098
"317","Belize",2009,"1336957250",4841
"318","Belize",2010,"1397113450",4923
"319","Belize",2011,"1487005600",5098
"320","Belize",2012,"1573670250",5264
"321","Belize",2013,"1612573850",5272
"322","Belize",2014,"1703951050",5448
"323","Belize",2015,"1778567600",5561
"324","Bosnia and Herzegovina",2011,"18644723861",5076
"325","Bosnia and Herzegovina",2014,"18558343508",5079
"326","Brazil",1985,"222942790435",1898
"327","Brazil",1986,"268137224730",2257
"328","Brazil",1987,"294084112393",2394
"329","Brazil",1988,"330397381998",2628
"330","Brazil",1989,"425595310000",3310
"331","Brazil",1990,"461951782000",3516
"332","Brazil",1991,"602860000000",4490
"333","Brazil",1992,"400599250000",2924
"334","Brazil",1993,"437798577640",3136
"335","Brazil",1994,"558111997497",3925
"336","Brazil",1995,"769305386183",5313
"337","Brazil",1996,"850426432992",5771
"338","Brazil",1997,"883199625325",5891
"339","Brazil",1998,"863723411633",5663
"340","Brazil",1999,"599388579986",3864
"341","Brazil",2000,"655420645477",4156
"342","Brazil",2001,"559372276082",3492
"343","Brazil",2002,"507962487700",3121
"344","Brazil",2003,"558319920832",3376
"345","Brazil",2004,"669316654017",3984
"346","Brazil",2005,"891630175813",5230
"347","Brazil",2006,"1107640297890",6403
"348","Brazil",2007,"1397084345950",7970
"349","Brazil",2008,"1695824571927",9555
"350","Brazil",2009,"1667019780934",9283
"351","Brazil",2010,"2208871646203",12161
"352","Brazil",2011,"2616201578192",14245
"353","Brazil",2012,"2465188674415",13283
"354","Brazil",2013,"2472806919902",13191
"355","Brazil",2014,"2455993625159",12975
"356","Brazil",2015,"1802214373741",9431
"357","Bulgaria",1985,"17155421053",2044
"358","Bulgaria",1986,"20249294118",2413
"359","Bulgaria",1987,"28101000000",3355
"360","Bulgaria",1988,"22555941176",2688
"361","Bulgaria",1989,"21988444444",2617
"362","Bulgaria",1990,"20632090909",2451
"363","Bulgaria",1991,"10943548387",1298
"364","Bulgaria",1992,"10350515464",1287
"365","Bulgaria",1993,"10829710145",1354
"366","Bulgaria",1994,"9697416974",1213
"367","Bulgaria",1995,"13063422619",1636
"368","Bulgaria",1996,"10109612142",1270
"369","Bulgaria",1997,"11195612105",1411
"370","Bulgaria",1998,"14630992956",1852
"371","Bulgaria",1999,"13495075366",1715
"372","Bulgaria",2000,"13153016531",1680
"373","Bulgaria",2001,"14075616789",1854
"374","Bulgaria",2002,"16276456428",2157
"375","Bulgaria",2003,"20982685981",2800
"376","Bulgaria",2004,"25957970922",3485
"377","Bulgaria",2005,"29636617750",4003
"378","Bulgaria",2006,"34130122491",4638
"379","Bulgaria",2007,"44411476557",6073
"380","Bulgaria",2008,"54409138498",7487
"381","Bulgaria",2009,"51884481410",7186
"382","Bulgaria",2010,"50610058210",7066
"383","Bulgaria",2011,"57418414504",8137
"384","Bulgaria",2012,"53903022339",7745
"385","Bulgaria",2013,"55758754072",8057
"386","Bulgaria",2014,"56731990232",8241
"387","Cabo Verde",2011,"1864824081",4124
"388","Canada",1985,"364756499451",15522
"389","Canada",1986,"377437927312",16062
"390","Canada",1987,"431316742081",18124
"391","Canada",1988,"507354351182",21069
"392","Canada",1989,"565055743243",23188
"393","Canada",1990,"593929550908",24041
"394","Canada",1991,"610328183643",24038
"395","Canada",1992,"592387689253",22393
"396","Canada",1993,"577170761956",21421
"397","Canada",1994,"578139279438",21219
"398","Canada",1995,"604031623433",21871
"399","Canada",1996,"628546387972",22686
"400","Canada",1997,"652825364726",23245
"401","Canada",1998,"631813279407",22268
"402","Canada",1999,"676082654641",23572
"403","Canada",2000,"742293448253",25589
"404","Canada",2001,"736379777893",25165
"405","Canada",2002,"757950678647",25570
"406","Canada",2003,"892380986368",29787
"407","Canada",2004,"1023196003075",33787
"408","Canada",2005,"1169357979865",38218
"409","Canada",2006,"1315415197461",42566
"410","Canada",2007,"1464977190206",46890
"411","Canada",2008,"1549131208997",49041
"412","Canada",2009,"1371153004986",42933
"413","Canada",2010,"1613464422811",49974
"414","Canada",2011,"1788647906048",54841
"415","Canada",2012,"1824288757448",55347
"416","Canada",2013,"1842628005830",55310
"417","Chile",1985,"17702885394",1658
"418","Chile",1986,"18891048819",1728
"419","Chile",1987,"22255407685",1985
"420","Chile",1988,"26040229793",2303
"421","Chile",1989,"29885685143",2599
"422","Chile",1990,"33113887818",2828
"423","Chile",1991,"37834793730",3187
"424","Chile",1992,"45964327559",3791
"425","Chile",1993,"49297773130",4006
"426","Chile",1994,"57008425296",4551
"427","Chile",1995,"73447063319",5695
"428","Chile",1996,"78039572222",5946
"429","Chile",1997,"84952360922",6368
"430","Chile",1998,"81577430181",6023
"431","Chile",1999,"75173794497",5470
"432","Chile",2000,"77860932152",5584
"433","Chile",2001,"70979923960",5020
"434","Chile",2002,"69736811435",4866
"435","Chile",2003,"75643459840",5208
"436","Chile",2004,"99210392858",6744
"437","Chile",2005,"122964812046",8256
"438","Chile",2006,"154788024806",10270
"439","Chile",2007,"173605968179",11387
"440","Chile",2008,"179638496279",11653
"441","Chile",2009,"172389498445",11062
"442","Chile",2010,"218537551220",13874
"443","Chile",2011,"252251992029",15854
"444","Chile",2012,"267122320057",16617
"445","Chile",2013,"278384332694",17140
"446","Chile",2014,"260584090571",15883
"447","Chile",2015,"243999477738",14729
"448","Colombia",1985,"34894411352",1393
"449","Colombia",1986,"34942489684",1366
"450","Colombia",1987,"36373307085",1299
"451","Colombia",1988,"39212550050",1369
"452","Colombia",1989,"39540080200",1350
"453","Colombia",1990,"40274204595",1346
"454","Colombia",1991,"41239551378",1348
"455","Colombia",1992,"49279585355",1664
"456","Colombia",1993,"55802538219",1845
"457","Colombia",1994,"81703500846",2646
"458","Colombia",1995,"92507279383",2796
"459","Colombia",1996,"97160109278",2883
"460","Colombia",1997,"106659508271",3106
"461","Colombia",1998,"98443739941",2814
"462","Colombia",1999,"86186158685",2419
"463","Colombia",2000,"99886577331",2755
"464","Colombia",2001,"98203546156",2662
"465","Colombia",2002,"97933391976",2613
"466","Colombia",2003,"94684584163",2489
"467","Colombia",2004,"117074863822",3033
"468","Colombia",2005,"146566264837",3742
"469","Colombia",2006,"162590146096",4095
"470","Colombia",2007,"207416494642",5150
"471","Colombia",2008,"243982437871",5971
"472","Colombia",2009,"233821670544",5643
"473","Colombia",2010,"287018184638",6836
"474","Colombia",2011,"335415156702",7885
"475","Colombia",2012,"369659700376",8586
"476","Colombia",2013,"380191881860",8731
"477","Colombia",2014,"378195716714",8591
"478","Colombia",2015,"291519591533",6552
"479","Costa Rica",1985,"4796628461",2145
"480","Costa Rica",1986,"5477895475",2389
"481","Costa Rica",1987,"5841132962",2433
"482","Costa Rica",1988,"6063759371",2460
"483","Costa Rica",1989,"6866402028",2686
"484","Costa Rica",1990,"7403457319",2817
"485","Costa Rica",1991,"7168999428",2651
"486","Costa Rica",1992,"8528593084",3070
"487","Costa Rica",1993,"9537297507",3342
"488","Costa Rica",1994,"10432619390",3562
"489","Costa Rica",1995,"11513472694",3672
"490","Costa Rica",1996,"11618286553",3639
"491","Costa Rica",1997,"12552071367",3827
"492","Costa Rica",1998,"13617405420",4046
"493","Costa Rica",1999,"14195623425",4115
"494","Costa Rica",2000,"14949514585",4233
"495","Costa Rica",2001,"15913363335",4412
"496","Costa Rica",2002,"16504795453",4485
"497","Costa Rica",2003,"17195867540",4583
"498","Costa Rica",2004,"18529767934",4850
"499","Costa Rica",2005,"19952156475",5133
"500","Costa Rica",2006,"22600431878",5716
"501","Costa Rica",2007,"26743874206",6661
"502","Costa Rica",2008,"30612932876",7517
"503","Costa Rica",2009,"30562361123",7403
"504","Costa Rica",2010,"37268635287",8906
"505","Costa Rica",2011,"42262697840",9978
"506","Costa Rica",2012,"46473128286",10832
"507","Costa Rica",2013,"49745088112",11443
"508","Costa Rica",2014,"50577769838",11485
"509","Croatia",1995,"22387561845",4978
"510","Croatia",1996,"23678012697",5610
"511","Croatia",1997,"23822087053",5546
"512","Croatia",1998,"25432144406",6015
"513","Croatia",1999,"23386945597",5459
"514","Croatia",2000,"21774273832",5288
"515","Croatia",2001,"23289671102",5571
"516","Croatia",2002,"26878499206",6373
"517","Croatia",2003,"34658113497",8202
"518","Croatia",2004,"41574530816",9829
"519","Croatia",2005,"45416358502",10722
"520","Croatia",2006,"50453577898",11914
"521","Croatia",2007,"60093222709",14204
"522","Croatia",2008,"70481451449",16680
"523","Croatia",2009,"62703143057",14872
"524","Croatia",2010,"59829574391",14232
"525","Croatia",2011,"62375044443",14890
"526","Croatia",2012,"56565475275",13952
"527","Croatia",2013,"58085856019",14362
"528","Croatia",2014,"57629518806",14299
"529","Croatia",2015,"49425513611",12351
"530","Croatia",2016,"51338524831",12905
"531","Cuba",1992,"22085858243",2227
"532","Cuba",1993,"22367254865",2236
"533","Cuba",1994,"28448326757",2820
"534","Cuba",1995,"30429803651",2993
"535","Cuba",1996,"25017300000",2443
"536","Cuba",1997,"25366200000",2472
"537","Cuba",1998,"25736331247",2497
"538","Cuba",1999,"28364615242",2741
"539","Cuba",2000,"30565400000",2940
"540","Cuba",2001,"31682400000",3037
"541","Cuba",2002,"33590500000",3205
"542","Cuba",2003,"35901200000",3409
"543","Cuba",2004,"38203000000",3611
"544","Cuba",2005,"42643836075",4017
"545","Cuba",2006,"52742800000",4951
"546","Cuba",2007,"58603900000",5488
"547","Cuba",2008,"60806300000",5686
"548","Cuba",2009,"62080000000",5797
"549","Cuba",2010,"64328000000",5997
"550","Cuba",2011,"68990000000",6419
"551","Cuba",2012,"73141000000",6791
"552","Cuba",2013,"77148000000",7148
"553","Cuba",2014,"80656100000",7459
"554","Cuba",2015,"87132800000",8044
"555","Cyprus",1999,"10614455232",12389
"556","Cyprus",2000,"10183317625",11635
"557","Cyprus",2004,"17422375000",25227
"558","Cyprus",2005,"18703146375",26671
"559","Cyprus",2006,"20403713461",28600
"560","Cyprus",2007,"24077470572",33048
"561","Cyprus",2008,"27839460964",37267
"562","Cyprus",2009,"25942622951",33816
"563","Cyprus",2010,"25562251656",32477
"564","Cyprus",2011,"27427161523",34249
"565","Cyprus",2012,"25041372222",30752
"566","Cyprus",2013,"24084572491",29624
"567","Cyprus",2014,"23359294149",29024
"568","Cyprus",2015,"19676167240",24718
"569","Cyprus",2016,"20153871681",25098
"570","Czech Republic",1990,"40477403220",4168
"571","Czech Republic",1991,"29675502270",3070
"572","Czech Republic",1992,"34590052812",3573
"573","Czech Republic",1993,"40614350197",4186
"574","Czech Republic",1994,"47554674591",4891
"575","Czech Republic",1995,"59775697061",6134
"576","Czech Republic",1996,"66985765439",6861
"577","Czech Republic",1997,"61792161168",6314
"578","Czech Republic",1998,"66490372105",6779
"579","Czech Republic",1999,"64867483193",6606
"580","Czech Republic",2000,"61649492817",6278
"581","Czech Republic",2001,"67523642262",6863
"582","Czech Republic",2002,"81910771994",8399
"583","Czech Republic",2003,"99627140274",10220
"584","Czech Republic",2004,"119162172468",12226
"585","Czech Republic",2005,"136280689891",13961
"586","Czech Republic",2006,"155463807113",15896
"587","Czech Republic",2007,"189227050760",19273
"588","Czech Republic",2008,"235718586901",23811
"589","Czech Republic",2009,"206179982164",20748
"590","Czech Republic",2010,"207477857919",20862
"591","Czech Republic",2011,"227948349666",23010
"592","Czech Republic",2012,"207376427021",20898
"593","Czech Republic",2013,"209402444996",21073
"594","Czech Republic",2014,"207818330724",20859
"595","Czech Republic",2015,"186829940546",18703
"596","Czech Republic",2016,"195305084919",19505
"597","Denmark",1994,"156162311732",32034
"598","Denmark",1995,"185006961302",37841
"599","Denmark",1996,"187632400366",38158
"600","Denmark",1997,"173537588008",35148
"601","Denmark",1998,"176992000955",35710
"602","Denmark",1999,"177965224621",35763
"603","Denmark",2000,"164158800460",32841
"604","Denmark",2001,"164791416350",32837
"605","Denmark",2002,"178635160297",35435
"606","Denmark",2003,"218095997085",43129
"607","Denmark",2004,"251373036671",49552
"608","Denmark",2005,"264467308109",51960
"609","Denmark",2006,"282884912894",55354
"610","Denmark",2007,"319423370134",62229
"611","Denmark",2008,"353361056080",68447
"612","Denmark",2009,"321241396034",61863
"613","Denmark",2010,"321995350347",61711
"614","Denmark",2011,"344003209696",65598
"615","Denmark",2012,"327148899962",62071
"616","Denmark",2013,"343584385594",64831
"617","Denmark",2014,"352993633221",66114
"618","Denmark",2015,"301298464861",55972
"619","Dominica",1985,"98585185",1485
"620","Ecuador",1985,"17149094590",2238
"621","Ecuador",1986,"15314143988",1943
"622","Ecuador",1987,"13945431882",1669
"623","Ecuador",1988,"13051886552",1519
"624","Ecuador",1989,"13890828708",1619
"625","Ecuador",1990,"15239278100",1732
"626","Ecuador",1991,"16988535268",1869
"627","Ecuador",1992,"18094238119",1955
"628","Ecuador",1993,"18938717359",1996
"629","Ecuador",1994,"22708673337",2335
"630","Ecuador",1995,"24432884442",2453
"631","Ecuador",1996,"25226393197",2474
"632","Ecuador",1997,"28162053027",2701
"633","Ecuador",1998,"27981896948",2626
"634","Ecuador",1999,"19645272636",1805
"635","Ecuador",2000,"18327764882",1650
"636","Ecuador",2001,"24468324000",2160
"637","Ecuador",2002,"28548945000",2472
"638","Ecuador",2003,"32432858000",2755
"639","Ecuador",2004,"36591661000",3051
"640","Ecuador",2005,"41507085000",3397
"641","Ecuador",2006,"46802044000",3759
"642","Ecuador",2007,"51007777000",4024
"643","Ecuador",2008,"61762635000",4787
"644","Ecuador",2009,"62519686000",4762
"645","Ecuador",2010,"69555367000",5206
"646","Ecuador",2011,"79276664000",5836
"647","Ecuador",2012,"87924544000",6364
"648","Ecuador",2013,"95129659000",6769
"649","Ecuador",2014,"101726331000",7116
"650","Ecuador",2015,"99290381000",6832
"651","El Salvador",1990,"4817542204",1068
"652","El Salvador",1991,"5252342400",1148
"653","El Salvador",1992,"5813399300",1266
"654","El Salvador",1993,"6680269200",1423
"655","El Salvador",1995,"8921947100",1845
"656","El Salvador",1996,"9586327800",1959
"657","El Salvador",1997,"10221705900",2065
"658","El Salvador",1998,"10936669900",2185
"659","El Salvador",1999,"11284197000",2229
"660","El Salvador",2000,"11784927700",2303
"661","El Salvador",2001,"12282533600",2373
"662","El Salvador",2002,"12664190300",2421
"663","El Salvador",2003,"13243892200",2507
"664","El Salvador",2004,"13724810900",2573
"665","El Salvador",2005,"14698001400",2733
"666","El Salvador",2006,"15999886400",2947
"667","El Salvador",2007,"17011750900",3111
"668","El Salvador",2008,"17986886200",3271
"669","El Salvador",2009,"17601616000",3184
"670","El Salvador",2010,"18447922400",3318
"671","El Salvador",2011,"20283783700",3631
"672","El Salvador",2012,"21386153000",3806
"673","El Salvador",2013,"21977401900",3885
"674","El Salvador",2014,"22585841200",3965
"675","Estonia",1995,"4373665146",3224
"676","Estonia",1996,"4746109767",3536
"677","Estonia",1997,"5066240419",3806
"678","Estonia",1998,"5617109245",4250
"679","Estonia",1999,"5726897998",4361
"680","Estonia",2000,"5685774809",4262
"681","Estonia",2001,"6245069734",4711
"682","Estonia",2002,"7322069511",5561
"683","Estonia",2003,"9833870709",7523
"684","Estonia",2004,"12059201242",9293
"685","Estonia",2005,"14006088297",10870
"686","Estonia",2006,"16963625016",13264
"687","Estonia",2007,"22237061730",17504
"688","Estonia",2008,"24194039256",19141
"689","Estonia",2009,"19652492637",15609
"690","Estonia",2010,"19490936349",15540
"691","Estonia",2011,"23170239901",18545
"692","Estonia",2012,"23043864510",18411
"693","Estonia",2013,"25137153149",20221
"694","Estonia",2014,"26224622451",21117
"695","Estonia",2015,"22566956982",18149
"696","Fiji",2001,"1660102346",2307
"697","Fiji",2002,"1842691481",2548
"698","Fiji",2003,"2315935753",3192
"699","Fiji",2004,"2727507213",3744
"700","Fiji",2005,"3006725015",4104
"701","Fiji",2006,"3102741451",4206
"702","Fiji",2007,"3405050612",4570
"703","Fiji",2008,"3523185920",4675
"704","Fiji",2009,"2870624636",3765
"705","Fiji",2011,"3774530616",4862
"706","Fiji",2012,"3972012571",5073
"707","Finland",1987,"91642093873",19861
"708","Finland",1988,"109103056148",23546
"709","Finland",1989,"119064708328",25582
"710","Finland",1990,"141517648888",30271
"711","Finland",1991,"127866490222",27214
"712","Finland",1992,"112625431378",23857
"713","Finland",1993,"89255751015",18826
"714","Finland",1994,"103321570859",21699
"715","Finland",1995,"134199346405",28068
"716","Finland",1996,"132099404608",27508
"717","Finland",1997,"126833123354",26296
"718","Finland",1998,"133936359591",27646
"719","Finland",1999,"135225868315",27800
"720","Finland",2000,"125539893127",25716
"721","Finland",2001,"129250111857",26383
"722","Finland",2002,"139552983249",28390
"723","Finland",2003,"171071106095",34701
"724","Finland",2004,"196768065557",39793
"725","Finland",2005,"204436015421",41202
"726","Finland",2006,"216552502823",43487
"727","Finland",2007,"255384615385",51089
"728","Finland",2008,"283742493042",56521
"729","Finland",2009,"251499027508",49878
"730","Finland",2010,"247799815768",48939
"731","Finland",2011,"273674236773",53809
"732","Finland",2012,"256706466091",50232
"733","Finland",2013,"269980111643",52572
"734","Finland",2014,"272609288690",52832
"735","Finland",2015,"232464833066",44862
"736","France",1985,"553138414367",10765
"737","France",1986,"771470783218",14940
"738","France",1987,"934173305686",17999
"739","France",1988,"1018847043277",19534
"740","France",1989,"1025211803414",19558
"741","France",1990,"1269179616914",23968
"742","France",1991,"1269276828276",23821
"743","France",1992,"1401465923172",26136
"744","France",1993,"1322815612694",24521
"745","France",1994,"1393982750473",25697
"746","France",1995,"1601094756210",29363
"747","France",1996,"1605675086550",29305
"748","France",1997,"1452884917959",26394
"749","France",1998,"1503108739159",27190
"750","France",1999,"1492647560196",27118
"751","France",2000,"1362248940483",24648
"752","France",2001,"1376465324385",24796
"753","France",2002,"1494286655374",26714
"754","France",2003,"1840480812641",32656
"755","France",2004,"2115742488205",37240
"756","France",2005,"2196126103718",38420
"757","France",2006,"2318593651988",40097
"758","France",2007,"2657213249384",45682
"759","France",2008,"2918382891460",49901
"760","France",2009,"2690222283968",45775
"761","France",2010,"2642609548930",44747
"762","France",2011,"2861408170265",48217
"763","France",2012,"2683825225093",45002
"764","France",2013,"2811077725704",46922
"765","France",2014,"2852165760630",47318
"766","Georgia",1990,"7753501868",1555
"767","Georgia",1991,"6357615894",1267
"768","Georgia",1992,"3690328964",740
"769","Georgia",1994,"2513870587",556
"770","Georgia",1995,"2693731866",611
"771","Georgia",1996,"3094915506",718
"772","Georgia",1997,"3510540809",828
"773","Georgia",1998,"3613500117",858
"774","Georgia",1999,"2800024314",669
"775","Georgia",2000,"3057453483",734
"776","Georgia",2001,"3219487747",777
"777","Georgia",2004,"5125363001",1253
"778","Georgia",2005,"6410852596",1552
"779","Georgia",2006,"7745406201",1859
"780","Georgia",2007,"10172869680",2448
"781","Georgia",2009,"10766809099",2589
"782","Georgia",2010,"11638536834",2775
"783","Georgia",2011,"14434619982",3435
"784","Georgia",2012,"15846474596",3772
"785","Georgia",2013,"16140047012",3850
"786","Georgia",2014,"16509305828",4757
"787","Georgia",2015,"13993546732",4046
"788","Germany",1990,"1764967948917",23546
"789","Germany",1991,"1861873895109",24662
"790","Germany",1992,"2123130870382",27888
"791","Germany",1993,"2068555542411",26937
"792","Germany",1994,"2205966011812",28588
"793","Germany",1995,"2591620035485",33420
"794","Germany",1996,"2503665193657",32147
"795","Germany",1997,"2218689375141",28420
"796","Germany",1998,"2243225519618",28733
"797","Germany",1999,"2199957383337",28154
"798","Germany",2000,"1949953934034",24922
"799","Germany",2001,"1950648769575",24874
"800","Germany",2002,"2079136081310",26441
"801","Germany",2003,"2505733634312",31816
"802","Germany",2004,"2819245095605",35772
"803","Germany",2005,"2861410272354",36289
"804","Germany",2006,"3002446368084",38088
"805","Germany",2007,"3439953462907",43667
"806","Germany",2008,"3752365607148",47702
"807","Germany",2009,"3418005001389",43570
"808","Germany",2010,"3417094562649",43614
"809","Germany",2011,"3757698281118",47947
"810","Germany",2012,"3543983909148",45142
"811","Germany",2013,"3752513503278",48563
"812","Germany",2014,"3890606893347",50167
"813","Germany",2015,"3375611100742",43201
"814","Greece",1985,"47820850975",5156
"815","Greece",1986,"56379593720",6040
"816","Greece",1987,"65652751132",6994
"817","Greece",1988,"76261278405",8070
"818","Greece",1989,"79169043642",8310
"819","Greece",1990,"97891090929",10179
"820","Greece",1991,"105143232380",10816
"821","Greece",1992,"116224673043",11818
"822","Greece",1993,"108809058859",10957
"823","Greece",1994,"116601802107",11638
"824","Greece",1995,"136878366230",13550
"825","Greece",1996,"145861612826",14330
"826","Greece",1997,"143157600025",13968
"827","Greece",1998,"144428172835",14008
"828","Greece",1999,"142540728958",13756
"829","Greece",2000,"130133845771",12509
"830","Greece",2001,"136191353468",13043
"831","Greece",2002,"153830947017",14676
"832","Greece",2003,"201924270316",19202
"833","Greece",2004,"240521260988",22804
"834","Greece",2005,"247783001865",23414
"835","Greece",2006,"273317737047",25739
"836","Greece",2007,"318497936901",29896
"837","Greece",2008,"354460802549",33168
"838","Greece",2009,"330000252153",30785
"839","Greece",2010,"299361576558",27886
"840","Greece",2011,"287797822093",26825
"841","Greece",2012,"245670666639",23309
"842","Greece",2013,"239862011450",22994
"843","Greece",2014,"237029579261",22834
"844","Greece",2015,"195541761243",18927
"845","Grenada",1985,"167728444",1965
"846","Grenada",1988,"236357519",2707
"847","Grenada",1989,"267327630",3268
"848","Grenada",1990,"278098778",3391
"849","Grenada",1991,"300757889",3650
"850","Grenada",1992,"310160444",3713
"851","Grenada",1993,"309812185",3632
"852","Grenada",1994,"325111815",3735
"853","Grenada",1995,"342172519",3869
"854","Grenada",1996,"366911444",4087
"855","Grenada",2001,"520444185",5693
"856","Grenada",2002,"540336926",5879
"857","Grenada",2003,"591018407",6385
"858","Grenada",2004,"599118593",6428
"859","Grenada",2005,"695370296",7422
"860","Grenada",2006,"698700667",7423
"861","Grenada",2007,"758683593",8035
"862","Grenada",2008,"825977889",8733
"863","Grenada",2009,"771278111",8140
"864","Grenada",2010,"771015889",8118
"865","Grenada",2011,"778648667",8188
"866","Grenada",2012,"799882148",8382
"867","Grenada",2013,"842620111",8789
"868","Grenada",2014,"911481481",9456
"869","Grenada",2015,"997007926",10290
"870","Guatemala",1986,"7231963516",1044
"871","Guatemala",1987,"7084399840",997
"872","Guatemala",1988,"7841602824",1074
"873","Guatemala",1989,"8410724361",1122
"874","Guatemala",1990,"7650125217",996
"875","Guatemala",1991,"9406097735",1194
"876","Guatemala",1992,"10440842165",1294
"877","Guatemala",1993,"11399942453",1381
"878","Guatemala",1994,"12983235568",1538
"879","Guatemala",1995,"14655404433",1696
"880","Guatemala",1996,"15674835615",1775
"881","Guatemala",1997,"17790026222",1967
"882","Guatemala",1998,"19395491993",2091
"883","Guatemala",1999,"18318412251",1926
"884","Guatemala",2000,"19288827159",1977
"885","Guatemala",2001,"18702802395",1867
"886","Guatemala",2002,"20776669467",2022
"887","Guatemala",2003,"21917706491",2079
"888","Guatemala",2004,"23965275996",2215
"889","Guatemala",2005,"27211377225",2450
"890","Guatemala",2006,"30231249362",2653
"891","Guatemala",2007,"34113107086",2914
"892","Guatemala",2008,"39136893345",3252
"893","Guatemala",2009,"37733994976",3053
"894","Guatemala",2010,"41338595381",3260
"895","Guatemala",2011,"47654841113",3661
"896","Guatemala",2012,"50388454861",3779
"897","Guatemala",2013,"53851058955",3947
"898","Guatemala",2014,"58722323918",4210
"899","Guatemala",2015,"63767597194",4472
"900","Guyana",1988,"413799990",632
"901","Guyana",1989,"379779390",581
"902","Guyana",1990,"396582263",607
"903","Guyana",1991,"336708419",514
"904","Guyana",1992,"368281379",561
"905","Guyana",1993,"442273433",671
"906","Guyana",1994,"540874934",819
"907","Guyana",1995,"621626786",939
"908","Guyana",1996,"705406001",1070
"909","Guyana",1997,"749138010",1139
"910","Guyana",1998,"717530683",1092
"911","Guyana",1999,"694754988",1057
"912","Guyana",2001,"696281472",1054
"913","Guyana",2002,"722460886",1090
"914","Guyana",2003,"741929343",1116
"915","Guyana",2004,"785918770",1180
"916","Guyana",2005,"824880550",1235
"917","Guyana",2006,"1458449453",2182
"918","Guyana",2007,"1740334782",2602
"919","Guyana",2008,"1922598121",2873
"920","Guyana",2009,"2061323854",3076
"921","Guyana",2010,"2273225042",3384
"922","Guyana",2011,"2576024116",3815
"923","Guyana",2012,"2861562266",4212
"924","Guyana",2013,"2990006534",4372
"925","Hungary",1991,"34748508332",3561
"926","Hungary",1992,"38724945368",3970
"927","Hungary",1993,"40119073326",4116
"928","Hungary",1994,"43160392124",4431
"929","Hungary",1995,"46418916500",4767
"930","Hungary",1996,"46659796773",4792
"931","Hungary",1997,"47290180589",4856
"932","Hungary",1998,"48770466839",5010
"933","Hungary",1999,"49170434391",5147
"934","Hungary",2000,"47310623887",4966
"935","Hungary",2001,"53821315066",5546
"936","Hungary",2002,"67716887203",6995
"937","Hungary",2003,"85324771841",8840
"938","Hungary",2004,"104066609518",10806
"939","Hungary",2005,"113035361317",11764
"940","Hungary",2006,"115295199392",12021
"941","Hungary",2007,"139850794387",14609
"942","Hungary",2008,"157998423132",16540
"943","Hungary",2009,"130593960612",13697
"944","Hungary",2010,"130922638689",13761
"945","Hungary",2011,"140782064609",14827
"946","Hungary",2012,"127856647108",13525
"947","Hungary",2013,"135215704419",14333
"948","Hungary",2014,"140118140455",14886
"949","Hungary",2015,"122879042002",13087
"950","Hungary",2016,"125816640421",13448
"951","Iceland",1985,"2939845038",13357
"952","Iceland",1986,"3930518366",17681
"953","Iceland",1987,"5438537482",24107
"954","Iceland",1988,"6016168896",26249
"955","Iceland",1989,"5588533007",24089
"956","Iceland",1990,"6372905073",27316
"957","Iceland",1991,"6807365898",28857
"958","Iceland",1992,"6976080331",29311
"959","Iceland",1993,"6126456175",25474
"960","Iceland",1994,"6294803497",25937
"961","Iceland",1995,"7018100153",28680
"962","Iceland",1996,"7330965239",29740
"963","Iceland",1997,"7548912105",30326
"964","Iceland",1998,"8453704212",33513
"965","Iceland",1999,"8917286036",34858
"966","Iceland",2000,"8927140438",34372
"967","Iceland",2001,"8136345144",30850
"968","Iceland",2002,"9207689916",34556
"969","Iceland",2003,"11316441660",42174
"970","Iceland",2004,"13722824251",50528
"971","Iceland",2005,"16691490114",60712
"972","Iceland",2006,"17048647568",60243
"973","Iceland",2007,"21319946740",73590
"974","Iceland",2008,"17658408759",59489
"975","Iceland",2009,"12944114736",43700
"976","Iceland",2010,"13310567803",45179
"977","Iceland",2011,"14732689535",49861
"978","Iceland",2012,"14292008745",48083
"979","Iceland",2013,"15548321544",51749
"980","Iceland",2014,"17304033021",56833
"981","Iceland",2015,"16942247374",54909
"982","Iceland",2016,"20304098101",64708
"983","Ireland",1985,"21295486383",6638
"984","Ireland",1986,"28748960471",8937
"985","Ireland",1987,"33961142322",10515
"986","Ireland",1988,"37818134253",11696
"987","Ireland",1989,"39285385088",12188
"988","Ireland",1990,"49364681256",15312
"989","Ireland",1991,"49847128533",15328
"990","Ireland",1992,"55985506499",17051
"991","Ireland",1993,"52480253169",15872
"992","Ireland",1994,"57166037102",17188
"993","Ireland",1995,"69222626263",20689
"994","Ireland",1996,"75880632560",22478
"995","Ireland",1997,"82826146132",24259
"996","Ireland",1998,"90082034316",26115
"997","Ireland",1999,"98691849563",28344
"998","Ireland",2000,"99853528653",28340
"999","Ireland",2001,"109133512304",30536
"1000","Ireland",2002,"127945379258",35154
"1001","Ireland",2003,"164285112867",44473
"1002","Ireland",2004,"193870350137",51662
"1003","Ireland",2005,"211650764830",55213
"1004","Ireland",2006,"232085535065",58941
"1005","Ireland",2007,"269917519847",67032
"1006","Ireland",2008,"275020023436",67173
"1007","Ireland",2009,"236311336482",57390
"1008","Ireland",2010,"221951354762",52042
"1009","Ireland",2011,"239018536582",56655
"1010","Ireland",2012,"225571853194",53443
"1011","Ireland",2013,"239389340720",56628
"1012","Ireland",2014,"258099014042",59634
"1013","Israel",1985,"27493591484",7325
"1014","Israel",1986,"34083532195",8938
"1015","Israel",1987,"40946424370",10558
"1016","Israel",1988,"50078767903",12687
"1017","Israel",1989,"49881433991",12405
"1018","Israel",1990,"58986997917",14193
"1019","Israel",1991,"67530220219",15267
"1020","Israel",1992,"75575902932",16469
"1021","Israel",1993,"75954641355",16102
"1022","Israel",1994,"86307135997",17814
"1023","Israel",1995,"100343219507",20159
"1024","Israel",1996,"109957321960",21545
"1025","Israel",1997,"114724862034",21921
"1026","Israel",1998,"115979230547",21637
"1027","Israel",1999,"117189920212",21319
"1028","Israel",2000,"132339311284",23451
"1029","Israel",2001,"130706147871",22623
"1030","Israel",2002,"121069378150",20536
"1031","Israel",2003,"126864966909",21133
"1032","Israel",2004,"135445033199",22168
"1033","Israel",2005,"142462925574",22901
"1034","Israel",2006,"153966916311",24306
"1035","Israel",2007,"178706717753",27712
"1036","Israel",2008,"215840354627",32874
"1037","Israel",2009,"207419370241",30812
"1038","Israel",2010,"233609522091",34104
"1039","Israel",2011,"261628548084",37528
"1040","Israel",2012,"257296579579",36263
"1041","Israel",2013,"292489185194",40477
"1042","Israel",2014,"308416982140",41869
"1043","Israel",2015,"299093839690",39793
"1044","Italy",1985,"450725816043",8329
"1045","Italy",1986,"638273986102",11762
"1046","Italy",1987,"803055418883",14756
"1047","Italy",1988,"888667913419",16282
"1048","Italy",1989,"925598068021",16922
"1049","Italy",1990,"1177326294441",21472
"1050","Italy",1991,"1242109397534",22805
"1051","Italy",1992,"1315806985860",24297
"1052","Italy",1993,"1061445225791",19605
"1053","Italy",1994,"1095590833694",20235
"1054","Italy",1995,"1170787352906",21625
"1055","Italy",1996,"1308929351236",24172
"1056","Italy",1997,"1239050932242",22869
"1057","Italy",1998,"1266309245009",23342
"1058","Italy",1999,"1248563179203",23002
"1059","Italy",2000,"1141759996315",21027
"1060","Italy",2001,"1162317852349",21392
"1061","Italy",2002,"1266510634293",23227
"1062","Italy",2003,"1569649661400",28572
"1063","Italy",2004,"1798314750435",32704
"1064","Italy",2005,"1852661982341",33536
"1065","Italy",2006,"1942633797516",34578
"1066","Italy",2007,"2203053380783",38935
"1067","Italy",2008,"2390729163615",41935
"1068","Italy",2009,"2185160183384",38101
"1069","Italy",2010,"2125058244243",36869
"1070","Italy",2011,"2276292404601",40210
"1071","Italy",2012,"2072823157060",36497
"1072","Italy",2013,"2130491320659",37050
"1073","Italy",2014,"2151732868243",37035
"1074","Italy",2015,"1832868490534",31537
"1075","Jamaica",1985,"2100223150",1032
"1076","Jamaica",1986,"2754566176",1342
"1077","Jamaica",1987,"3286987552",1587
"1078","Jamaica",1988,"3828310735",1831
"1079","Jamaica",1989,"4404970059",2087
"1080","Jamaica",1990,"4592224067",2155
"1081","Jamaica",1991,"4071219198",1889
"1082","Jamaica",2000,"8985352832",3795
"1083","Jamaica",2001,"9178016493",3838
"1084","Jamaica",2002,"9694169757",4013
"1085","Jamaica",2003,"9399447609",3852
"1086","Jamaica",2004,"10150978155",4119
"1087","Jamaica",2005,"11204416000",4505
"1088","Jamaica",2006,"11905525197",4738
"1089","Jamaica",2009,"12038829246",4686
"1090","Jamaica",2010,"13191645686",5100
"1091","Jamaica",2011,"14439910353",5552
"1092","Japan",1985,"1398892744821",12401
"1093","Japan",1986,"2078953333674",18288
"1094","Japan",1987,"2532808573157",22137
"1095","Japan",1988,"3071683013179",26687
"1096","Japan",1989,"3054914166263",26389
"1097","Japan",1990,"3132817652848",26949
"1098","Japan",1991,"3584420077101",30688
"1099","Japan",1992,"3908809463464",33320
"1100","Japan",1993,"4454143876947",37832
"1101","Japan",1994,"4907039384470",41563
"1102","Japan",1995,"5449116304981",46043
"1103","Japan",1996,"4833712542207",40693
"1104","Japan",1997,"4414732843544",37080
"1105","Japan",1998,"4032509760873",33791
"1106","Japan",1999,"4562078822335",38164
"1107","Japan",2000,"4887519660745",40813
"1108","Japan",2001,"4303544259843",35843
"1109","Japan",2002,"4115116279070",34239
"1110","Japan",2003,"4445658071222",36926
"1111","Japan",2004,"4815148854362",39960
"1112","Japan",2005,"4755410630912",39412
"1113","Japan",2006,"4530377224970",37534
"1114","Japan",2007,"4515264514431",37408
"1115","Japan",2008,"5037908465114",41773
"1116","Japan",2009,"5231382674594",43415
"1117","Japan",2010,"5700098114744",47059
"1118","Japan",2011,"6157459594824",50919
"1119","Japan",2012,"6203213121334",51379
"1120","Japan",2013,"5155717056271",42781
"1121","Japan",2014,"4850413536038",40328
"1122","Japan",2015,"4394977752878",36510
"1123","Kazakhstan",1990,"26932728899",1823
"1124","Kazakhstan",1991,"24881135586",1664
"1125","Kazakhstan",1992,"24906939560",1644
"1126","Kazakhstan",1993,"23409027476",1527
"1127","Kazakhstan",1994,"21250839258",1395
"1128","Kazakhstan",1995,"20374307047",1359
"1129","Kazakhstan",1996,"21035357833",1452
"1130","Kazakhstan",1997,"22165932063",1540
"1131","Kazakhstan",1998,"22135245413",1599
"1132","Kazakhstan",1999,"16870817135",1225
"1133","Kazakhstan",2000,"18291990619",1328
"1134","Kazakhstan",2001,"22152694162",1608
"1135","Kazakhstan",2002,"24636593223",1788
"1136","Kazakhstan",2003,"30833699703",2232
"1137","Kazakhstan",2004,"43151647003",3110
"1138","Kazakhstan",2005,"57123671734",4096
"1139","Kazakhstan",2006,"81003884545",5770
"1140","Kazakhstan",2007,"104849886826",7423
"1141","Kazakhstan",2008,"133441612247",9387
"1142","Kazakhstan",2009,"115308661143",8024
"1143","Kazakhstan",2010,"148047348241",10062
"1144","Kazakhstan",2011,"192626507972",12969
"1145","Kazakhstan",2012,"207998568866",13845
"1146","Kazakhstan",2013,"236634552078",15552
"1147","Kazakhstan",2014,"221415572820",14351
"1148","Kazakhstan",2015,"184388432149",11784
"1149","Kiribati",1991,"47515189",768
"1150","Kiribati",1992,"47737955",759
"1151","Kiribati",1993,"46919625",735
"1152","Kiribati",1994,"54832578",845
"1153","Kiribati",1995,"56338028",855
"1154","Kiribati",1996,"66515377",991
"1155","Kiribati",1997,"67537480",988
"1156","Kiribati",1998,"65334841",939
"1157","Kiribati",1999,"69032258",973
"1158","Kiribati",2000,"67254174",928
"1159","Kiribati",2001,"63101272",854
"1160","Kuwait",1985,"21442619681",14607
"1161","Kuwait",1986,"17903681693",11661
"1162","Kuwait",1987,"22365734482",13924
"1163","Kuwait",1993,"23941391391",18798
"1164","Kuwait",1994,"24848483838",17161
"1165","Kuwait",1995,"27191689008",17995
"1166","Kuwait",1996,"31493987642",20076
"1167","Kuwait",1997,"30354434553",18766
"1168","Kuwait",1998,"25941929462",14209
"1169","Kuwait",1999,"30121879435",15864
"1170","Kuwait",2000,"37711864407",19112
"1171","Kuwait",2001,"34890772742",17116
"1172","Kuwait",2002,"38137545245",17668
"1173","Kuwait",2003,"47875838926",24544
"1174","Kuwait",2004,"59440108585",29778
"1175","Kuwait",2005,"80797945205",39166
"1176","Kuwait",2006,"101550654721",46890
"1177","Kuwait",2007,"114641097818",37283
"1178","Kuwait",2008,"147395833333",43746
"1179","Kuwait",2009,"105899930507",33453
"1180","Kuwait",2010,"115419050942",35171
"1181","Kuwait",2011,"154027536232",46203
"1182","Kuwait",2012,"174070025009",49781
"1183","Kuwait",2013,"174161142454",48729
"1184","Kuwait",2014,"162631412509",43774
"1185","Kyrgyzstan",1990,"2674000000",715
"1186","Kyrgyzstan",1991,"2570833333",677
"1187","Kyrgyzstan",1992,"2316562500",603
"1188","Kyrgyzstan",1993,"2028295455",528
"1189","Kyrgyzstan",1994,"1681006993",437
"1190","Kyrgyzstan",1995,"1661018519",425
"1191","Kyrgyzstan",1996,"1827570586",459
"1192","Kyrgyzstan",1997,"1767864036",435
"1193","Kyrgyzstan",1998,"1645963750",398
"1194","Kyrgyzstan",1999,"1249062025",291
"1195","Kyrgyzstan",2000,"1369693171",313
"1196","Kyrgyzstan",2001,"1525112242",345
"1197","Kyrgyzstan",2002,"1605640633",359
"1198","Kyrgyzstan",2003,"1919012781",424
"1199","Kyrgyzstan",2004,"2211535312",484
"1200","Kyrgyzstan",2005,"2460248026",533
"1201","Kyrgyzstan",2006,"2834168889",610
"1202","Kyrgyzstan",2007,"3802566171",814
"1203","Kyrgyzstan",2008,"5139957785",1096
"1204","Kyrgyzstan",2009,"4690062255",977
"1205","Kyrgyzstan",2010,"4794357795",991
"1206","Kyrgyzstan",2011,"6197766119",1273
"1207","Kyrgyzstan",2012,"6605139933",1339
"1208","Kyrgyzstan",2013,"7335027592",1463
"1209","Kyrgyzstan",2014,"7468096567",1465
"1210","Kyrgyzstan",2015,"6678178340",1285
"1211","Latvia",1995,"5788368511",2438
"1212","Latvia",1996,"5970044666",2526
"1213","Latvia",1997,"6525676264",2771
"1214","Latvia",1998,"7174985107",3061
"1215","Latvia",1999,"7533187605",3228
"1216","Latvia",2000,"7937758980",3494
"1217","Latvia",2001,"8350252966",3724
"1218","Latvia",2002,"9546441564",4311
"1219","Latvia",2003,"11748433157",5364
"1220","Latvia",2004,"14373269156",6644
"1221","Latvia",2005,"16922504045",7916
"1222","Latvia",2006,"21447021570",10139
"1223","Latvia",2007,"30901399261",14758
"1224","Latvia",2008,"35596016664",17217
"1225","Latvia",2009,"26169854045",12890
"1226","Latvia",2010,"23757368290",11951
"1227","Latvia",2011,"28223552825",14447
"1228","Latvia",2012,"28119996053",14558
"1229","Latvia",2013,"30254677297",15820
"1230","Latvia",2014,"31335013752",16544
"1231","Latvia",2015,"26972863394",14382
"1232","Lithuania",1995,"7870782261",2324
"1233","Lithuania",1996,"8385109020",2484
"1234","Lithuania",1997,"10120274493",3008
"1235","Lithuania",1998,"11240360898",3354
"1236","Lithuania",1999,"10972878636",3292
"1237","Lithuania",2000,"11539211480",3481
"1238","Lithuania",2001,"12252498921",3719
"1239","Lithuania",2002,"14278357284",4360
"1240","Lithuania",2003,"18802576988",5778
"1241","Lithuania",2004,"22649930576",7028
"1242","Lithuania",2005,"26125575942",8229
"1243","Lithuania",2006,"30216060233",9667
"1244","Lithuania",2007,"39738180077",12869
"1245","Lithuania",2008,"47850551149",15669
"1246","Lithuania",2009,"37440673478",12412
"1247","Lithuania",2010,"37120517694",12584
"1248","Lithuania",2011,"43476873413",15097
"1249","Lithuania",2012,"42848195256",15099
"1250","Lithuania",2013,"46417340375",16538
"1251","Lithuania",2014,"48516371721",17442
"1252","Lithuania",2015,"41508609233",15073
"1253","Lithuania",2016,"42773029835",15742
"1254","Luxembourg",1985,"4738559685",13743
"1255","Luxembourg",1986,"6921264132",20004
"1256","Luxembourg",1987,"8614215559",24654
"1257","Luxembourg",1988,"9750161053",27676
"1258","Luxembourg",1989,"10391504709",29239
"1259","Luxembourg",1990,"13229247948",36871
"1260","Luxembourg",1991,"14321878795",39465
"1261","Luxembourg",1992,"16065740778",43740
"1262","Luxembourg",1993,"16486900187",44320
"1263","Luxembourg",1994,"18325791415",48610
"1264","Luxembourg",1995,"21588170498",56499
"1265","Luxembourg",1996,"21776609772",56169
"1266","Luxembourg",1997,"19731912494",50260
"1267","Luxembourg",1998,"20209122027",50788
"1268","Luxembourg",1999,"22235929043",55054
"1269","Luxembourg",2000,"21263514833",51841
"1270","Luxembourg",2001,"21272418792",51391
"1271","Luxembourg",2002,"23616328816",56484
"1272","Luxembourg",2003,"29557325056",69768
"1273","Luxembourg",2004,"34685281848",80639
"1274","Luxembourg",2005,"37347394603",85397
"1275","Luxembourg",2006,"42414308117",95351
"1276","Luxembourg",2007,"50888134410",112581
"1277","Luxembourg",2008,"55849686539",121315
"1278","Luxembourg",2009,"51370543206",109483
"1279","Luxembourg",2010,"53212476812",111328
"1280","Luxembourg",2011,"60004630234",122729
"1281","Luxembourg",2012,"56677961787",113120
"1282","Luxembourg",2013,"61739352212",120423
"1283","Luxembourg",2014,"66327344189",126352
"1284","Luxembourg",2015,"57784495265",107456
"1285","Macau",1994,"6265844252",18081
"1286","Maldives",2000,"624337145",2524
"1287","Maldives",2001,"870179739",3406
"1288","Maldives",2002,"897031250",3401
"1289","Maldives",2003,"1052121055",3867
"1290","Maldives",2004,"1226829563",4373
"1291","Maldives",2005,"1163362438",4026
"1292","Maldives",2007,"1868383461",6115
"1293","Maldives",2008,"2271646188",7236
"1294","Maldives",2010,"2588176055",7806
"1295","Maldives",2011,"2774351760",8135
"1296","Malta",1985,"1117835286",3639
"1297","Malta",1986,"1435079200",4544
"1298","Malta",1987,"1751247763",5517
"1299","Malta",1988,"2019474244",6295
"1300","Malta",1989,"2118574772",6539
"1301","Malta",1990,"2547163582",7780
"1302","Malta",1991,"2750041434",8313
"1303","Malta",1992,"3021910217",9040
"1304","Malta",1993,"2709178327",8022
"1305","Malta",1994,"2998570147",8775
"1306","Malta",1995,"3439931907",9974
"1307","Malta",1996,"3570271558",10254
"1308","Malta",1997,"3705372039",10575
"1309","Malta",1998,"3923637971",11103
"1310","Malta",1999,"4127313818",11607
"1311","Malta",2000,"4306192436",11873
"1312","Malta",2001,"4331870648",11691
"1313","Malta",2002,"4689832690",12524
"1314","Malta",2003,"5456583589",14444
"1315","Malta",2004,"6062780269",15916
"1316","Malta",2005,"6394851387",16648
"1317","Malta",2006,"6757119558",17504
"1318","Malta",2007,"7880509171",20333
"1319","Malta",2008,"8977149553",23007
"1320","Malta",2009,"8528202278",21695
"1321","Malta",2010,"8741059603",22132
"1322","Malta",2011,"9507645260",23984
"1323","Malta",2012,"9209559296",23074
"1324","Malta",2013,"10145114180",25191
"1325","Malta",2014,"11234045376",27634
"1326","Malta",2015,"10574026838",25750
"1327","Mauritius",1985,"1080642033",1223
"1328","Mauritius",1986,"1469046115",1636
"1329","Mauritius",1987,"1888754655",2073
"1330","Mauritius",1988,"2143484488",2317
"1331","Mauritius",1989,"2191096860",2349
"1332","Mauritius",1990,"2653480001",2820
"1333","Mauritius",1991,"2856890681",3045
"1334","Mauritius",1992,"3224267548",3400
"1335","Mauritius",1993,"3263368410",3405
"1336","Mauritius",1994,"3558137040",3658
"1337","Mauritius",1995,"4040345933",4115
"1338","Mauritius",1996,"4421943910",4444
"1339","Mauritius",1997,"4187367602",4139
"1340","Mauritius",1998,"4169664285",4063
"1341","Mauritius",1999,"4291172816",4117
"1342","Mauritius",2000,"4582555125",4339
"1343","Mauritius",2001,"4536538211",4244
"1344","Mauritius",2002,"4767303154",4415
"1345","Mauritius",2003,"5609831328",5136
"1346","Mauritius",2004,"6385695187",5789
"1347","Mauritius",2005,"6283803256",5641
"1348","Mauritius",2006,"7028803366",6246
"1349","Mauritius",2007,"8150138757",7179
"1350","Mauritius",2008,"9990370016",8716
"1351","Mauritius",2009,"9128843109",7873
"1352","Mauritius",2010,"10003670690",8587
"1353","Mauritius",2011,"11518393367",9817
"1354","Mauritius",2012,"11668685524",9884
"1355","Mauritius",2013,"12129642296",10572
"1356","Mauritius",2014,"12803445934",11120
"1357","Mauritius",2015,"11692287066",10125
"1358","Mauritius",2016,"12232463656",10570
"1359","Mexico",1985,"184472557415",2730
"1360","Mexico",1986,"129440993789",1873
"1361","Mexico",1987,"140263387027",2064
"1362","Mexico",1988,"183144164357",2630
"1363","Mexico",1989,"222977046516",3125
"1364","Mexico",1990,"262709948091",3595
"1365","Mexico",1991,"314454015372",4204
"1366","Mexico",1992,"363609163462",4830
"1367","Mexico",1993,"500736065605",6518
"1368","Mexico",1994,"527813238126",6735
"1369","Mexico",1995,"360073909244",4505
"1370","Mexico",1996,"410975595310",4904
"1371","Mexico",1997,"500413483109",5864
"1372","Mexico",1998,"526502129378",6064
"1373","Mexico",1999,"600232874043",6800
"1374","Mexico",2000,"707906744575",7892
"1375","Mexico",2001,"756706300590",8311
"1376","Mexico",2002,"772106378935",8357
"1377","Mexico",2003,"729336319677",7779
"1378","Mexico",2004,"782240601985",8217
"1379","Mexico",2005,"877476221382",9071
"1380","Mexico",2006,"975387131716",9906
"1381","Mexico",2007,"1052696282279",10496
"1382","Mexico",2008,"1109989038339",10864
"1383","Mexico",2009,"900045362045",8651
"1384","Mexico",2010,"1057801282051",9991
"1385","Mexico",2011,"1180489563964",10965
"1386","Mexico",2012,"1201090018604",10982
"1387","Mexico",2013,"1274443078609",11478
"1388","Mexico",2014,"1314385330073",11663
"1389","Mexico",2015,"1169622672463",10228
"1390","Mongolia",2016,"11183458131",4145
"1391","Montenegro",2000,"984297589",1701
"1392","Montenegro",2001,"1159869246",2004
"1393","Montenegro",2002,"1284685051",2220
"1394","Montenegro",2003,"1707710053",2946
"1395","Montenegro",2004,"2073234418",3565
"1396","Montenegro",2005,"2257174481",3870
"1397","Montenegro",2006,"2721904403",4654
"1398","Montenegro",2007,"3680710375",6268
"1399","Montenegro",2008,"4545674528",7705
"1400","Montenegro",2009,"4159330370",7023
"1401","Netherlands",1985,"142009922306",10428
"1402","Netherlands",1986,"198298498021",14479
"1403","Netherlands",1987,"241918791123",17560
"1404","Netherlands",1988,"258567751143",18661
"1405","Netherlands",1989,"255039560740",18310
"1406","Netherlands",1990,"314267667675",22425
"1407","Netherlands",1991,"323320449906",22906
"1408","Netherlands",1992,"358330385840",25205
"1409","Netherlands",1993,"349037818106",24385
"1410","Netherlands",1994,"374291430318",25997
"1411","Netherlands",1995,"446528959649",30850
"1412","Netherlands",1996,"445704575163",30625
"1413","Netherlands",1997,"412199006099",28156
"1414","Netherlands",1998,"432476116419",29351
"1415","Netherlands",1999,"441975282335",29799
"1416","Netherlands",2000,"412807259996",27644
"1417","Netherlands",2001,"426573601790",28366
"1418","Netherlands",2002,"465368906456",30757
"1419","Netherlands",2003,"571863431151",37614
"1420","Netherlands",2004,"650532654582",42614
"1421","Netherlands",2005,"678533764457",44289
"1422","Netherlands",2006,"726649102998",47281
"1423","Netherlands",2007,"839419655078",54418
"1424","Netherlands",2008,"936228211513",60375
"1425","Netherlands",2009,"857932759100",54988
"1426","Netherlands",2010,"836389937229",53302
"1427","Netherlands",2011,"893757287202",56667
"1428","Netherlands",2012,"828946812397",52334
"1429","Netherlands",2013,"866680000367",54510
"1430","Netherlands",2014,"879635084125",55325
"1431","Netherlands",2015,"757999453314",47206
"1432","New Zealand",1985,"24950895141",8246
"1433","New Zealand",1986,"30604668357",10114
"1434","New Zealand",1987,"40338594862",13238
"1435","New Zealand",1988,"45493075684",14890
"1436","New Zealand",1989,"44170562822",14417
"1437","New Zealand",1990,"45519034244",14734
"1438","New Zealand",1991,"42756020707",13345
"1439","New Zealand",1992,"41636005955",12868
"1440","New Zealand",1993,"46712018141",14271
"1441","New Zealand",1994,"55154160816",16615
"1442","New Zealand",1995,"63918039320",18945
"1443","New Zealand",1996,"70140835299",20434
"1444","New Zealand",1997,"66074513018",19041
"1445","New Zealand",1998,"56227696195",16052
"1446","New Zealand",1999,"58762260626",16556
"1447","New Zealand",2000,"52622842840",14725
"1448","New Zealand",2001,"53872425917",14968
"1449","New Zealand",2002,"66627729311",18208
"1450","New Zealand",2003,"88250885550",23663
"1451","New Zealand",2004,"103904537815",27325
"1452","New Zealand",2005,"114718721397",29803
"1453","New Zealand",2006,"111608845081",28628
"1454","New Zealand",2007,"137316087308",34892
"1455","New Zealand",2008,"133279679483",33585
"1456","New Zealand",2009,"121338622025",30259
"1457","New Zealand",2010,"146583831538",36145
"1458","New Zealand",2011,"168461998741",41184
"1459","New Zealand",2012,"176192886551",42756
"1460","New Zealand",2013,"190785204764",46198
"1461","Nicaragua",2010,"8758622329",1715
"1462","Nicaragua",2011,"9774316692",1888
"1463","Nicaragua",2012,"10532001130",2006
"1464","Nicaragua",2013,"10982972256",2062
"1465","Nicaragua",2014,"11880438824",2199
"1466","Nicaragua",2015,"12611087031",2303
"1467","Norway",1986,"78693253276",20117
"1468","Norway",1987,"94230055659",23980
"1469","Norway",1988,"101900260856",25820
"1470","Norway",1989,"102633789558",25945
"1471","Norway",1990,"119791683308",30240
"1472","Norway",1991,"121872464483",30678
"1473","Norway",1992,"130838040068",32793
"1474","Norway",1993,"120579072751",30066
"1475","Norway",1994,"127131461120",31520
"1476","Norway",1995,"152027402450",37483
"1477","Norway",1996,"163517783497",40098
"1478","Norway",1997,"161354369893",39335
"1479","Norway",1998,"154165219812",37334
"1480","Norway",1999,"162286003693",39013
"1481","Norway",2000,"171315639983",41099
"1482","Norway",2001,"174003247439",41281
"1483","Norway",2002,"195418347153",46049
"1484","Norway",2003,"228752436372",53533
"1485","Norway",2004,"264357494659",61450
"1486","Norway",2005,"308722079938",71215
"1487","Norway",2006,"345424664369",79007
"1488","Norway",2007,"401082621083",90797
"1489","Norway",2008,"462554432624",103431
"1490","Norway",2009,"386622457580",85394
"1491","Norway",2010,"429130952709",93638
"1492","Norway",2011,"498831558926",107430
"1493","Norway",2012,"510229136227",108408
"1494","Norway",2013,"523502127660",109804
"1495","Norway",2014,"499338534779",103443
"1496","Norway",2015,"386663139403",79187
"1497","Oman",2009,"48388296489",18557
"1498","Oman",2010,"58642392718",21337
"1499","Oman",2014,"81076723017",22328
"1500","Panama",1985,"6541517100",3443
"1501","Panama",1986,"6797834200",3504
"1502","Panama",1987,"6827665300",3447
"1503","Panama",1988,"5902783400",2859
"1504","Panama",1989,"5918469800",2802
"1505","Panama",1996,"9870494000",3992
"1506","Panama",1997,"10677286100",4227
"1507","Panama",1998,"11575486400",4488
"1508","Panama",1999,"12130252200",4606
"1509","Panama",2000,"12304115000",4577
"1510","Panama",2001,"12502013400",4558
"1511","Panama",2002,"12994310400",4641
"1512","Panama",2003,"13693981200",4790
"1513","Panama",2004,"15013381700",5144
"1514","Panama",2005,"16374393900",5499
"1515","Panama",2006,"18141666300",5972
"1516","Panama",2007,"21295984200",6876
"1517","Panama",2008,"25155888600",7972
"1518","Panama",2009,"27116635600",8436
"1519","Panama",2010,"29440287600",8991
"1520","Panama",2011,"34686224300",10403
"1521","Panama",2012,"40429734400",11908
"1522","Panama",2013,"45599994000",13189
"1523","Panama",2014,"49921464400",14181
"1524","Panama",2015,"54315722500",15158
"1525","Paraguay",1985,"2966234106",964
"1526","Paraguay",1986,"3439716562",1086
"1527","Paraguay",1987,"3778316380",1158
"1528","Paraguay",1989,"4599970618",1330
"1529","Paraguay",1990,"5695201563",1600
"1530","Paraguay",1991,"6984367763",1907
"1531","Paraguay",1994,"7870982171",1981
"1532","Paraguay",1995,"9062131308",2223
"1533","Paraguay",1996,"9788391733",2341
"1534","Paraguay",1997,"9965225497",2326
"1535","Paraguay",1998,"9024567484",2057
"1536","Paraguay",1999,"8392549702",1868
"1537","Paraguay",2000,"8195993231",1782
"1538","Paraguay",2001,"7662595076",1630
"1539","Paraguay",2002,"6325151760",1315
"1540","Paraguay",2003,"6588103836",1339
"1541","Paraguay",2004,"8033877360",1598
"1542","Paraguay",2005,"8734653809",1704
"1543","Paraguay",2006,"10646157920",2038
"1544","Paraguay",2007,"13794910634",2599
"1545","Paraguay",2008,"18504130753",3438
"1546","Paraguay",2009,"15929902138",2920
"1547","Paraguay",2010,"20030528043",3619
"1548","Paraguay",2011,"25099681461",4474
"1549","Paraguay",2012,"24595319574",4319
"1550","Paraguay",2013,"28965906502",5006
"1551","Paraguay",2014,"30881166852",5254
"1552","Philippines",1992,"52976344929",958
"1553","Philippines",1993,"54368083953",957
"1554","Philippines",1997,"82344260571",1312
"1555","Philippines",1998,"72207028767",1124
"1556","Philippines",1999,"82995145792",1262
"1557","Philippines",2000,"81026300311",1205
"1558","Philippines",2001,"76262072468",1109
"1559","Philippines",2002,"81357605642",1158
"1560","Philippines",2003,"83908206648",1169
"1561","Philippines",2006,"122210716310",1599
"1562","Philippines",2007,"149359918060",1915
"1563","Philippines",2008,"174195136253",2188
"1564","Philippines",2009,"168334601260",2073
"1565","Philippines",2010,"199590775189",2412
"1566","Philippines",2011,"224143083707",2662
"1567","Poland",1990,"65977749037",1876
"1568","Poland",1991,"85500935935",2416
"1569","Poland",1992,"94337050693",2650
"1570","Poland",1993,"96045645026",2683
"1571","Poland",1994,"110803391517",3081
"1572","Poland",1995,"142137319588",3937
"1573","Poland",1996,"159942880457",4413
"1574","Poland",1999,"169717677901",4640
"1575","Poland",2000,"171885598583",4744
"1576","Poland",2001,"190521263343",5249
"1577","Poland",2002,"198680637255",5466
"1578","Poland",2003,"217513049292",5983
"1579","Poland",2004,"255102252843",7014
"1580","Poland",2005,"306125173853",8417
"1581","Poland",2006,"344748646558",9485
"1582","Poland",2007,"429063549984",11816
"1583","Poland",2008,"533815789474",14721
"1584","Poland",2009,"439796160379",12141
"1585","Poland",2010,"479321460551",13304
"1586","Poland",2011,"528832185770",14686
"1587","Poland",2012,"500360816828",13894
"1588","Poland",2013,"524234322597",14552
"1589","Poland",2014,"545179584720",15119
"1590","Poland",2015,"477355617456",13228
"1591","Portugal",1985,"27118476174",2912
"1592","Portugal",1986,"38749715722",4145
"1593","Portugal",1987,"48187667853",5138
"1594","Portugal",1988,"56352797354",5995
"1595","Portugal",1989,"60600056659",6436
"1596","Portugal",1990,"78721607509",8356
"1597","Portugal",1991,"89242382961",9483
"1598","Portugal",1992,"107602689041",11445
"1599","Portugal",1993,"95019103603",10098
"1600","Portugal",1994,"99698453261",10566
"1601","Portugal",1995,"118133634072",12469
"1602","Portugal",1996,"122629812841",12887
"1603","Portugal",1997,"117046198971",12237
"1604","Portugal",1998,"123981736420",12892
"1605","Portugal",1999,"127465545493",13180
"1606","Portugal",2000,"118358489958",12152
"1607","Portugal",2001,"121545880984",12391
"1608","Portugal",2002,"134228697534",13614
"1609","Portugal",2003,"164964195260",16671
"1610","Portugal",2007,"240169336162",24003
"1611","Portugal",2008,"262007590450",26121
"1612","Portugal",2009,"243745748819",24254
"1613","Portugal",2010,"238303443425",23673
"1614","Portugal",2011,"244895101712",24337
"1615","Portugal",2012,"216368178659",21573
"1616","Portugal",2013,"226073492966",22641
"1617","Portugal",2014,"229629822122",23091
"1618","Puerto Rico",1985,"20289200000",6582
"1619","Puerto Rico",1986,"22009300000",7002
"1620","Puerto Rico",1987,"24025800000",7533
"1621","Puerto Rico",1988,"26385800000",8155
"1622","Puerto Rico",1989,"28161200000",8576
"1623","Puerto Rico",1990,"30603919000",9552
"1624","Puerto Rico",1991,"32287031000",9974
"1625","Puerto Rico",1992,"34630430000",10533
"1626","Puerto Rico",1993,"36922456000",11146
"1627","Puerto Rico",1994,"39690630000",11871
"1628","Puerto Rico",1995,"42647331000",12636
"1629","Puerto Rico",1996,"45340835000",13328
"1630","Puerto Rico",1997,"48187039000",14037
"1631","Puerto Rico",1998,"54086400000",15610
"1632","Puerto Rico",1999,"57841000000",16560
"1633","Puerto Rico",2000,"61701800000",17569
"1634","Puerto Rico",2001,"69208400000",19649
"1635","Puerto Rico",2002,"71623500000",20325
"1636","Puerto Rico",2003,"74827400000",21264
"1637","Puerto Rico",2004,"80322313000",22874
"1638","Puerto Rico",2005,"83914521300",23944
"1639","Puerto Rico",2006,"87276164400",24943
"1640","Puerto Rico",2007,"89524131600",25625
"1641","Puerto Rico",2008,"93639316000",26840
"1642","Puerto Rico",2009,"96385638000",27661
"1643","Puerto Rico",2010,"98381268000",28267
"1644","Puerto Rico",2011,"100351670000",28876
"1645","Puerto Rico",2012,"101564800000",29247
"1646","Puerto Rico",2013,"102450000000",29510
"1647","Puerto Rico",2014,"102445800000",29515
"1648","Puerto Rico",2015,"103143500000",29728
"1649","Qatar",1995,"8137911978",17559
"1650","Qatar",2001,"17538461538",32510
"1651","Qatar",2004,"31734065934",45517
"1652","Qatar",2005,"44530494505",55899
"1653","Qatar",2006,"60882142857",64762
"1654","Qatar",2007,"79712087912",71460
"1655","Qatar",2008,"115270054945",87961
"1656","Qatar",2009,"97798351648",64911
"1657","Qatar",2010,"125122306346",74055
"1658","Qatar",2011,"167775274725",90490
"1659","Qatar",2012,"186833516484",93270
"1660","Qatar",2013,"198727747253",93066
"1661","Qatar",2014,"206224725275",91587
"1662","Qatar",2015,"164641483516",69937
"1663","Qatar",2016,"152451923077",62484
"1664","Romania",1989,"42105263158",1973
"1665","Romania",1990,"38995454545",1822
"1666","Romania",1991,"28998684211",1351
"1667","Romania",1992,"25121666667",1183
"1668","Romania",1993,"26362894737",1237
"1669","Romania",1994,"30074440483",1406
"1670","Romania",1995,"37662075750",1756
"1671","Romania",1996,"37182938696",1738
"1672","Romania",1997,"35838588170",1677
"1673","Romania",1998,"41976002704",1967
"1674","Romania",1999,"36183003978",1698
"1675","Romania",2000,"37438527800",1758
"1676","Romania",2001,"40716836998",1914
"1677","Romania",2002,"46174557556",2231
"1678","Romania",2003,"59867801205",2898
"1679","Romania",2004,"76216441462",3698
"1680","Romania",2005,"99697566668",4847
"1681","Romania",2006,"123533036668",6018
"1682","Romania",2007,"175933642292",8593
"1683","Romania",2008,"213605065703",10454
"1684","Romania",2009,"172611845342",8465
"1685","Romania",2010,"166658327827",8190
"1686","Romania",2011,"184367381749",9086
"1687","Romania",2012,"171664638717",9015
"1688","Romania",2013,"191549024911",10080
"1689","Romania",2014,"199493490983",10526
"1690","Romania",2015,"177911101680",9431
"1691","Romania",2016,"187805922349",10020
"1692","Russian Federation",1989,"506500173960",3740
"1693","Russian Federation",1990,"516814274022",3789
"1694","Russian Federation",1991,"517962962963",3773
"1695","Russian Federation",1992,"460290556901",3333
"1696","Russian Federation",1993,"435083713851",3160
"1697","Russian Federation",1994,"395077301248",2853
"1698","Russian Federation",1995,"395531066563",2844
"1699","Russian Federation",1996,"391719993757",2813
"1700","Russian Federation",1997,"404926534140",2907
"1701","Russian Federation",1998,"270953116950",1948
"1702","Russian Federation",1999,"195905767669",1412
"1703","Russian Federation",2000,"259708496267",1879
"1704","Russian Federation",2001,"306602673980",2229
"1705","Russian Federation",2002,"345110438692",2527
"1706","Russian Federation",2003,"430347770732",3141
"1707","Russian Federation",2004,"591016690743",4312
"1708","Russian Federation",2005,"764017107992",5611
"1709","Russian Federation",2006,"989930542279",7313
"1710","Russian Federation",2007,"1299705247686",9643
"1711","Russian Federation",2008,"1660844408500",12359
"1712","Russian Federation",2009,"1222643696992",9118
"1713","Russian Federation",2010,"1524916112079",11307
"1714","Russian Federation",2011,"2051661732060",15226
"1715","Russian Federation",2012,"2210256976945",16413
"1716","Russian Federation",2013,"2297128039058",17052
"1717","Russian Federation",2014,"2063662665172",15319
"1718","Russian Federation",2015,"1368400705491",9987
"1719","Saint Vincent and Grenadines",1985,"145641704",1622
"1720","Saint Vincent and Grenadines",1986,"160846667",1771
"1721","Saint Vincent and Grenadines",1987,"175580630",1908
"1722","Saint Vincent and Grenadines",1990,"240365259",2553
"1723","Saint Vincent and Grenadines",1995,"316008481",3293
"1724","Saint Vincent and Grenadines",1996,"331489704",3450
"1725","Saint Vincent and Grenadines",1997,"347770000",3613
"1726","Saint Vincent and Grenadines",1998,"373619852",3874
"1727","Saint Vincent and Grenadines",1999,"390719148",4041
"1728","Saint Vincent and Grenadines",2000,"396270000",4087
"1729","Saint Vincent and Grenadines",2001,"430040370",4418
"1730","Saint Vincent and Grenadines",2002,"461883444",4723
"1731","Saint Vincent and Grenadines",2003,"481806296",4902
"1732","Saint Vincent and Grenadines",2004,"521975111",5286
"1733","Saint Vincent and Grenadines",2005,"550728667",5556
"1734","Saint Vincent and Grenadines",2006,"610930037",6142
"1735","Saint Vincent and Grenadines",2007,"651833333",6539
"1736","Saint Vincent and Grenadines",2008,"695428852",6966
"1737","Saint Vincent and Grenadines",2009,"674922481",6754
"1738","Saint Vincent and Grenadines",2010,"681225963",6809
"1739","Saint Vincent and Grenadines",2011,"676129407",6759
"1740","Saint Vincent and Grenadines",2012,"692933741",6918
"1741","Saint Vincent and Grenadines",2013,"721207148",7183
"1742","Saint Vincent and Grenadines",2014,"725185185",7203
"1743","Saint Vincent and Grenadines",2015,"756666667",7496
"1744","San Marino",1999,"1215640315",48255
"1745","San Marino",2000,"1101897918",43435
"1746","San Marino",2005,"1958711603",69301
"1747","Seychelles",1985,"168887539",2947
"1748","Seychelles",1986,"207850624",3621
"1749","Seychelles",1987,"249267040",4276
"1750","Seychelles",2001,"622262057",8257
"1751","Seychelles",2002,"697518248",9070
"1752","Seychelles",2003,"705704816",9001
"1753","Seychelles",2004,"839319927",10526
"1754","Seychelles",2005,"919103255",11361
"1755","Seychelles",2006,"1016418229",12442
"1756","Seychelles",2007,"1033561654",12554
"1757","Seychelles",2008,"967199594",11667
"1758","Seychelles",2009,"847397850",10157
"1759","Seychelles",2010,"969936525",11563
"1760","Seychelles",2011,"1065826670",13204
"1761","Seychelles",2012,"1059498884",13044
"1762","Seychelles",2013,"1328091524",16090
"1763","Seychelles",2014,"1342997306",16018
"1764","Seychelles",2015,"1375604279",16005
"1765","Singapore",1985,"19138296376",8142
"1766","Singapore",1986,"18569292305",7805
"1767","Singapore",1987,"20897630201",8679
"1768","Singapore",1988,"25337226971",10586
"1769","Singapore",1989,"30423573842",12514
"1770","Singapore",1990,"36152027893",14393
"1771","Singapore",1991,"45474442836",17768
"1772","Singapore",1992,"52156414979",20029
"1773","Singapore",1993,"60644572348",22835
"1774","Singapore",1994,"73777792327",27202
"1775","Singapore",1995,"87890009877",31783
"1776","Singapore",1996,"96403758865",34148
"1777","Singapore",1997,"100163995151",34779
"1778","Singapore",1998,"85707636233",29150
"1779","Singapore",1999,"86283126844",28789
"1780","Singapore",2000,"95833932715",31446
"1781","Singapore",2001,"89286208629",28774
"1782","Singapore",2002,"91941192896",29048
"1783","Singapore",2003,"97001377569",30067
"1784","Singapore",2004,"114188557567",34799
"1785","Singapore",2005,"127417688056",38122
"1786","Singapore",2006,"147797218201",43318
"1787","Singapore",2007,"179981288567",53098
"1788","Singapore",2008,"192225881688",55735
"1789","Singapore",2009,"192408387762",54413
"1790","Singapore",2010,"236421782178",66099
"1791","Singapore",2011,"275966926379",76638
"1792","Singapore",2012,"290673681684",80040
"1793","Singapore",2013,"304454327499",83151
"1794","Singapore",2014,"311539499645",84442
"1795","Singapore",2015,"304097759674",81766
"1796","Slovenia",1995,"21273055398",11291
"1797","Slovenia",1996,"21480023017",11346
"1798","Slovenia",1997,"20749140606",11014
"1799","Slovenia",1998,"22125435372",11767
"1800","Slovenia",1999,"22689994990",12041
"1801","Slovenia",2000,"20342201356",10783
"1802","Slovenia",2001,"20875387068",10979
"1803","Slovenia",2002,"23563576758",12362
"1804","Slovenia",2003,"29697448108",15568
"1805","Slovenia",2004,"34470227454",18067
"1806","Slovenia",2005,"36346974008",19012
"1807","Slovenia",2006,"39587732029",20634
"1808","Slovenia",2007,"48114688201",24964
"1809","Slovenia",2008,"55589849128",28599
"1810","Slovenia",2009,"50244793832",25872
"1811","Slovenia",2010,"48013606745",24689
"1812","Slovenia",2011,"51290792018",26377
"1813","Slovenia",2012,"46352802766",23820
"1814","Slovenia",2013,"48116256926",24697
"1815","Slovenia",2014,"49904928335",25569
"1816","Slovenia",2015,"43072415017",22036
"1817","South Africa",1996,"147607982695",3908
"1818","South Africa",1997,"152586154514",3960
"1819","South Africa",1998,"137774361015",3512
"1820","South Africa",1999,"136631966609",3424
"1821","South Africa",2000,"136361854808",3361
"1822","South Africa",2001,"121600818310",2953
"1823","South Africa",2002,"115748110113",2769
"1824","South Africa",2003,"175256916996",4132
"1825","South Africa",2004,"228937347866",5323
"1826","South Africa",2005,"257671413751",5914
"1827","South Africa",2006,"271811088781",6166
"1828","South Africa",2007,"299033511000",6708
"1829","South Africa",2008,"287099991517",6573
"1830","South Africa",2009,"297216730669",6517
"1831","South Africa",2010,"375298134440",8128
"1832","South Africa",2011,"416878162441",8906
"1833","South Africa",2012,"396332702639",8347
"1834","South Africa",2013,"366829390479",7612
"1835","South Africa",2014,"350904575292",7174
"1836","South Africa",2015,"317741039198",6403
"1837","Spain",1985,"180302412231",5009
"1838","Spain",1986,"250638463467",6919
"1839","Spain",1987,"317882187037",8727
"1840","Spain",1988,"375138723325",10250
"1841","Spain",1989,"413630538018",11258
"1842","Spain",1990,"535101248776",14517
"1843","Spain",1991,"575598537070",15574
"1844","Spain",1992,"629202392004",17005
"1845","Spain",1993,"523649481762",14106
"1846","Spain",1994,"529121577320",14223
"1847","Spain",1995,"612939685081",16444
"1848","Spain",1996,"640998292395",17166
"1849","Spain",1997,"588692045455",15738
"1850","Spain",1998,"617041986858",16473
"1851","Spain",1999,"633194118900",16756
"1852","Spain",2000,"595402616547",15538
"1853","Spain",2001,"625975838926",16169
"1854","Spain",2002,"705145868624",17924
"1855","Spain",2003,"906853273138",22701
"1856","Spain",2004,"1069555500372",26372
"1857","Spain",2005,"1157276458152",28092
"1858","Spain",2006,"1264551499185",30246
"1859","Spain",2007,"1479341637011",34769
"1860","Spain",2008,"1635015380108",37848
"1861","Spain",2009,"1499099749931",34470
"1862","Spain",2010,"1431616749640",32839
"1863","Spain",2011,"1488067258325",34097
"1864","Spain",2012,"1336018949806",30146
"1865","Spain",2013,"1361854206549",30792
"1866","Spain",2014,"1376910811041",31171
"1867","Spain",2015,"1197789902774",27108
"1868","Sri Lanka",1985,"5978460972",431
"1869","Sri Lanka",1986,"6405210564",454
"1870","Sri Lanka",1996,"13897738375",834
"1871","Sri Lanka",1997,"15091913884",900
"1872","Sri Lanka",1998,"15794972847",935
"1873","Sri Lanka",1999,"15656327860",920
"1874","Sri Lanka",2000,"16330814180",953
"1875","Sri Lanka",2001,"15749753805",912
"1876","Sri Lanka",2002,"16536535647",951
"1877","Sri Lanka",2003,"18881765437",1077
"1878","Sri Lanka",2006,"28267410543",1580
"1879","Suriname",1985,"873250000",2706
"1880","Suriname",1986,"891000000",2731
"1881","Suriname",1987,"979850000",2951
"1882","Suriname",1988,"1160900000",3418
"1883","Suriname",1989,"542520000",1560
"1884","Suriname",1990,"388300000",1114
"1885","Suriname",1991,"448300000",1235
"1886","Suriname",1992,"404600000",1093
"1887","Suriname",1995,"693970588",1782
"1888","Suriname",1996,"860630923",2174
"1889","Suriname",1997,"929607500",2314
"1890","Suriname",1998,"945000000",2318
"1891","Suriname",1999,"885444186",2142
"1892","Suriname",2000,"892164394",2129
"1893","Suriname",2001,"763465550",1798
"1894","Suriname",2002,"1078402128",2507
"1895","Suriname",2003,"1271196078",2916
"1896","Suriname",2004,"1484092538",3360
"1897","Suriname",2005,"1793754805",4009
"1898","Suriname",2006,"2626380435",5794
"1899","Suriname",2007,"2936612022",6397
"1900","Suriname",2008,"3532969035",7601
"1901","Suriname",2009,"3875409836",8238
"1902","Suriname",2010,"4368398048",9176
"1903","Suriname",2011,"4422276622",9184
"1904","Suriname",2012,"4980000000",10227
"1905","Suriname",2013,"5145757576",10451
"1906","Suriname",2014,"5240606061",10530
"1907","Sweden",1987,"180429286796",22813
"1908","Sweden",1988,"204068257818",25731
"1909","Sweden",1989,"214875344910",26978
"1910","Sweden",1990,"258154283909",32246
"1911","Sweden",1991,"270362531377",33623
"1912","Sweden",1992,"280312318915",34721
"1913","Sweden",1993,"209950792713",25880
"1914","Sweden",1994,"226079963712",27658
"1915","Sweden",1995,"264051981551",32072
"1916","Sweden",1996,"288103936773",34819
"1917","Sweden",1997,"264477727279",31821
"1918","Sweden",1998,"266800462899",31966
"1919","Sweden",1999,"270847937645",32328
"1920","Sweden",2000,"259802012617",30896
"1921","Sweden",2001,"239917320967",28429
"1922","Sweden",2002,"263926220333",31175
"1923","Sweden",2003,"331108912605",38997
"1924","Sweden",2004,"381705425302",44831
"1925","Sweden",2005,"389042298377",45563
"1926","Sweden",2006,"420032121656",48977
"1927","Sweden",2007,"487816328342",56531
"1928","Sweden",2008,"513965650650",59155
"1929","Sweden",2009,"429657033108",49070
"1930","Sweden",2010,"488377689565",55352
"1931","Sweden",2011,"563109663291",63380
"1932","Sweden",2012,"543880647757",60776
"1933","Sweden",2013,"578742001488",64133
"1934","Sweden",2014,"573817719109",62956
"1935","Sweden",2015,"497918109302",54629
"1936","Sweden",2016,"514459972806",55594
"1937","Switzerland",1995,"342617007104",51774
"1938","Switzerland",1996,"330091688350",49621
"1939","Switzerland",1997,"286519135327",42923
"1940","Switzerland",1998,"295045152021",43872
"1941","Switzerland",1999,"289912492345",42859
"1942","Switzerland",2000,"272055499941",39952
"1943","Switzerland",2001,"278631271391",40582
"1944","Switzerland",2002,"301416810214",43419
"1945","Switzerland",2003,"352914820747",50639
"1946","Switzerland",2004,"394163688621",56123
"1947","Switzerland",2005,"408689353999",57790
"1948","Switzerland",2006,"430921192375",60536
"1949","Switzerland",2007,"479913034322",66807
"1950","Switzerland",2008,"554363487120",76202
"1951","Switzerland",2009,"541506500414",73529
"1952","Switzerland",2010,"583782977866",78474
"1953","Switzerland",2011,"699579638638",93053
"1954","Switzerland",2012,"668043614123",87951
"1955","Switzerland",2013,"688504173431",89634
"1956","Switzerland",2014,"709182559935",90809
"1957","Switzerland",2015,"679289166858",86068
"1958","Thailand",1985,"38900692712",840
"1959","Thailand",1986,"43096746122",911
"1960","Thailand",1987,"50535438696",1045
"1961","Thailand",1990,"85343063966",1666
"1962","Thailand",1991,"98234695722",1891
"1963","Thailand",1992,"111452869378",2120
"1964","Thailand",1994,"146683499006",2784
"1965","Thailand",1995,"169278552851",3114
"1966","Thailand",1996,"183035154107",3324
"1967","Thailand",1997,"150180268649",2689
"1968","Thailand",1998,"113675706127",2005
"1969","Thailand",1999,"126668932160",2203
"1970","Thailand",2000,"126392308498",2169
"1971","Thailand",2002,"134300851255",2305
"1972","Thailand",2003,"152280653544",2531
"1973","Thailand",2004,"172895476153",2849
"1974","Thailand",2005,"189318499954",3094
"1975","Thailand",2006,"221758486880",3598
"1976","Thailand",2007,"262942650544",4461
"1977","Thailand",2008,"291383081232",4921
"1978","Thailand",2009,"281710095725",4736
"1979","Thailand",2010,"341105009515",5707
"1980","Thailand",2011,"370818747397",6153
"1981","Thailand",2012,"397558094270",6584
"1982","Thailand",2013,"420333333333",6917
"1983","Thailand",2014,"407339361696",6662
"1984","Thailand",2015,"401399422443",6552
"1985","Thailand",2016,"411755164833",6713
"1986","Trinidad and Tobago",1985,"7375918367",7317
"1987","Trinidad and Tobago",1986,"4794444444",4516
"1988","Trinidad and Tobago",1987,"4797777778",4449
"1989","Trinidad and Tobago",1988,"4496852073",4104
"1990","Trinidad and Tobago",1989,"4323058824",4040
"1991","Trinidad and Tobago",1990,"5068000000",4656
"1992","Trinidad and Tobago",1991,"5307905882",4817
"1993","Trinidad and Tobago",1992,"5439552941",4803
"1994","Trinidad and Tobago",1993,"4669488516",4066
"1995","Trinidad and Tobago",1994,"4947205860",4254
"1996","Trinidad and Tobago",1995,"5329214163",4637
"1997","Trinidad and Tobago",1996,"5759537726",4982
"1998","Trinidad and Tobago",1997,"5737751332",4937
"1999","Trinidad and Tobago",1998,"6043694330",5175
"2000","Trinidad and Tobago",1999,"6808982521",5803
"2001","Trinidad and Tobago",2000,"8154338233",6920
"2002","Trinidad and Tobago",2001,"8824873259",7458
"2003","Trinidad and Tobago",2002,"9008273721",7578
"2004","Trinidad and Tobago",2003,"11305459802",9465
"2005","Trinidad and Tobago",2004,"13280275123",11066
"2006","Trinidad and Tobago",2005,"15982282462",13258
"2007","Trinidad and Tobago",2006,"18369070085",15190
"2008","Trinidad and Tobago",2007,"21642304046",17827
"2009","Trinidad and Tobago",2008,"27870257894",22857
"2010","Trinidad and Tobago",2009,"19175196446",15652
"2011","Trinidad and Tobago",2010,"22157948396",18000
"2012","Trinidad and Tobago",2011,"25433011405",20557
"2013","Turkey",2009,"644639902581",9773
"2014","Turkey",2010,"771901768698",11525
"2015","Turkey",2011,"832523681194",12237
"2016","Turkey",2012,"873982246102",12671
"2017","Turkey",2013,"950579413279",13603
"2018","Turkey",2014,"934185915467",13170
"2019","Turkey",2015,"859796872794",11961
"2020","Turkmenistan",1987,"2331358820",815
"2021","Turkmenistan",1988,"3010982414",1029
"2022","Turkmenistan",1989,"3006988217",1003
"2023","Turkmenistan",1990,"3189539641",1036
"2024","Turkmenistan",1991,"3208098919",1014
"2025","Turkmenistan",1992,"3200539816",984
"2026","Turkmenistan",1993,"3179225949",954
"2027","Turkmenistan",1994,"2561118608",748
"2028","Turkmenistan",1995,"2482228440",650
"2029","Turkmenistan",1996,"2379281768",608
"2030","Turkmenistan",1997,"2450084970",612
"2031","Turkmenistan",1998,"2605688065",636
"2032","Turkmenistan",1999,"2450686660",619
"2033","Turkmenistan",2000,"2904662605",721
"2034","Turkmenistan",2001,"3534803922",863
"2035","Turkmenistan",2002,"4461978499",1077
"2036","Turkmenistan",2003,"5977560877",1431
"2037","Turkmenistan",2004,"6838351088",1624
"2038","Turkmenistan",2005,"8104355717",1906
"2039","Turkmenistan",2006,"10277598152",2397
"2040","Turkmenistan",2007,"12664165103",2916
"2041","Turkmenistan",2008,"19271523179",4368
"2042","Turkmenistan",2009,"20214385965",4508
"2043","Turkmenistan",2010,"22583157895",4962
"2044","Turkmenistan",2011,"29233333333",6319
"2045","Turkmenistan",2012,"35164210526",7498
"2046","Turkmenistan",2013,"39197543860",8255
"2047","Turkmenistan",2014,"43524210526",9046
"2048","Turkmenistan",2015,"35799628571",7326
"2049","Ukraine",1987,"64087694038",1353
"2050","Ukraine",1988,"74703517903",1571
"2051","Ukraine",1989,"82709161099",1732
"2052","Ukraine",1990,"81456918679",1698
"2053","Ukraine",1991,"77464561150",1607
"2054","Ukraine",1992,"73942235330",1525
"2055","Ukraine",1993,"65648559903",1349
"2056","Ukraine",1994,"52549555149",1081
"2057","Ukraine",1995,"48213868178",996
"2058","Ukraine",1996,"44558077827",925
"2059","Ukraine",1997,"50150399792",1046
"2060","Ukraine",1998,"41883241472",879
"2061","Ukraine",1999,"31580639045",666
"2062","Ukraine",2000,"31261527363",663
"2063","Ukraine",2001,"38009344577",812
"2064","Ukraine",2002,"42392896031",920
"2065","Ukraine",2003,"50132953288",1097
"2066","Ukraine",2004,"64883060726",1432
"2067","Ukraine",2005,"86142018069",1917
"2068","Ukraine",2006,"107753069307",2418
"2069","Ukraine",2007,"142719009901",3229
"2070","Ukraine",2008,"179992405832",4104
"2071","Ukraine",2009,"117227769792",2691
"2072","Ukraine",2010,"136013155905",3141
"2073","Ukraine",2011,"163159671670",3788
"2074","Ukraine",2012,"175781379051",4096
"2075","Ukraine",2014,"133503411376",3299
"2076","Ukraine",2015,"91030959455",2256
"2077","United Arab Emirates",2005,"180617018380",42196
"2078","United Arab Emirates",2006,"222116541865",45110
"2079","United Arab Emirates",2007,"257916133424",45285
"2080","United Arab Emirates",2008,"315474615739",48457
"2081","United Arab Emirates",2009,"253547358747",34960
"2082","United Arab Emirates",2010,"289787338325",36964
"2083","United Kingdom",1985,"489285164271",9231
"2084","United Kingdom",1986,"601452653181",11323
"2085","United Kingdom",1987,"745162608269",13996
"2086","United Kingdom",1988,"910122732124",17072
"2087","United Kingdom",1989,"926884816754",17349
"2088","United Kingdom",1990,"1093169389205",20411
"2089","United Kingdom",1991,"1142797178131",21201
"2090","United Kingdom",1992,"1179659529660",21815
"2091","United Kingdom",1993,"1061388722256",19553
"2092","United Kingdom",1994,"1140489745944",20927
"2093","United Kingdom",1995,"1335218557677",24389
"2094","United Kingdom",1996,"1408781591264",25609
"2095","United Kingdom",1997,"1552483628029",28091
"2096","United Kingdom",1998,"1638511096390",29508
"2097","United Kingdom",1999,"1665623685488",29832
"2098","United Kingdom",2000,"1647951278560",29358
"2099","United Kingdom",2001,"1621510004318",29179
"2100","United Kingdom",2002,"1768408273381",31630
"2101","United Kingdom",2003,"2038395102041",36289
"2102","United Kingdom",2004,"2398555474185",42486
"2103","United Kingdom",2005,"2520701818182",44372
"2104","United Kingdom",2006,"2692612695492",47163
"2105","United Kingdom",2007,"3074359743898",53576
"2106","United Kingdom",2008,"2890564338235",50111
"2107","United Kingdom",2009,"2382825985356",41074
"2108","United Kingdom",2010,"2441173394730",41798
"2109","United Kingdom",2011,"2619700404733",44491
"2110","United Kingdom",2012,"2662085168499",44585
"2111","United Kingdom",2013,"2739818680930",45594
"2112","United Kingdom",2014,"3022827781881",49906
"2113","United Kingdom",2015,"2885570309161",47240
"2114","United States",1985,"4346734000000",19693
"2115","United States",1986,"4590155000000",20588
"2116","United States",1987,"4870217000000",21631
"2117","United States",1988,"5252629000000",23103
"2118","United States",1989,"5657693000000",24654
"2119","United States",1990,"5979589000000",26004
"2120","United States",1991,"6174043000000",26503
"2121","United States",1992,"6539299000000",27760
"2122","United States",1993,"6878718000000",28891
"2123","United States",1994,"7308755000000",30375
"2124","United States",1995,"7664060000000",31518
"2125","United States",1996,"8100201000000",32928
"2126","United States",1997,"8608515000000",34644
"2127","United States",1998,"9089168000000",36164
"2128","United States",1999,"9660624000000",38072
"2129","United States",2000,"10284779000000",39218
"2130","United States",2001,"10621824000000",40018
"2131","United States",2002,"10977514000000",40845
"2132","United States",2003,"11510670000000",42468
"2133","United States",2004,"12274928000000",44867
"2134","United States",2005,"13093726000000",47423
"2135","United States",2006,"13855888000000",49666
"2136","United States",2007,"14477635000000",51585
"2137","United States",2008,"14718582000000",52128
"2138","United States",2009,"14418739000000",50563
"2139","United States",2010,"14964372000000",51989
"2140","United States",2011,"15517926000000",53452
"2141","United States",2012,"16155255000000",55170
"2142","United States",2013,"16691517000000",56520
"2143","United States",2014,"17427609000000",58531
"2144","United States",2015,"18120714000000",60387
"2145","Uruguay",1985,"4732017873",1729
"2146","Uruguay",1986,"5880112788",2132
"2147","Uruguay",1987,"7367494080",2651
"2148","Uruguay",1988,"8213515459",2934
"2149","Uruguay",1989,"8438951476",2992
"2150","Uruguay",1990,"9298839655",3281
"2151","Uruguay",1993,"15002106518",5180
"2152","Uruguay",1994,"17474647792",5984
"2153","Uruguay",1995,"19297663097",6555
"2154","Uruguay",1996,"20515543039",6914
"2155","Uruguay",1997,"23969823010",8012
"2156","Uruguay",1998,"25385928198",8420
"2157","Uruguay",1999,"23983945191",7903
"2158","Uruguay",2000,"22823255802",7483
"2159","Uruguay",2001,"20898788417",6827
"2160","Uruguay",2002,"13606494599",4439
"2161","Uruguay",2003,"12045631093",3929
"2162","Uruguay",2004,"13686329890",4463
"2163","Uruguay",2005,"17362857684",5655
"2164","Uruguay",2006,"19579457966",6362
"2165","Uruguay",2007,"23410572634",7581
"2166","Uruguay",2008,"30366213119",9793
"2167","Uruguay",2009,"31660911277",10166
"2168","Uruguay",2010,"40284481652",12882
"2169","Uruguay",2012,"51264390116",16264
"2170","Uruguay",2013,"57531233351",18179
"2171","Uruguay",2014,"57236013086",18012
"2172","Uruguay",2015,"53274304222",16696
"2173","Uzbekistan",1990,"13360607918",778
"2174","Uzbekistan",1991,"13677622222",788
"2175","Uzbekistan",1992,"12941297376",709
"2176","Uzbekistan",1993,"13099013836",708
"2177","Uzbekistan",1994,"12899156991",674
"2178","Uzbekistan",1995,"13350468917",681
"2179","Uzbekistan",1996,"13948892216",703
"2180","Uzbekistan",1997,"14744603774",724
"2181","Uzbekistan",1998,"14988971211",719
"2182","Uzbekistan",1999,"17078465982",801
"2183","Uzbekistan",2000,"13760374488",632
"2184","Uzbekistan",2001,"11401351420",513
"2185","Uzbekistan",2002,"9687951055",428
"2186","Uzbekistan",2003,"10128112401",441
"2187","Uzbekistan",2004,"12030023548",516
"2188","Uzbekistan",2005,"14307509839",606
"2189","Uzbekistan",2009,"33689223673",1332
"2190","Uzbekistan",2010,"39332770929",1533
"2191","Uzbekistan",2011,"45915191189",1767
"2192","Uzbekistan",2012,"51821573338",1964
"2193","Uzbekistan",2013,"57690453461",2150
"2194","Uzbekistan",2014,"63067077179",2309
