"","Country","Year","%FHead"
"1","Afghanistan",2015,1.66781760726775
"2","Albania",2009,15.5988492137215
"3","Albania",2010,14.9115944288917
"4","Albania",2011,14.2243396440627
"5","Angola",2007,24.7813052559669
"6","Angola",2008,23.2083302292672
"7","Angola",2009,24.3454015917687
"8","Angola",2010,25.4824729542706
"9","Angola",2011,21.7414608162114
"10","Angola",2012,27.7566156792741
"11","Angola",2013,28.893687041776
"12","Angola",2014,30.0307584042775
"13","Angola",2015,31.1678297667795
"14","Angola",2016,34.472938240641
"15","Argentina",2001,27.6723161711068
"16","Argentina",2002,28.3848849762064
"17","Argentina",2003,29.0974537813056
"18","Argentina",2004,29.8100225864048
"19","Argentina",2005,30.522591391504
"20","Argentina",2006,31.2351601966031
"21","Argentina",2007,31.9477290017023
"22","Argentina",2008,32.6602978068015
"23","Argentina",2009,33.3728666119007
"24","Argentina",2010,34.0854354169999
"25","Armenia",2000,28.8589852314562
"26","Armenia",2001,31.5424387141992
"27","Armenia",2002,31.6795707028539
"28","Armenia",2003,31.9319479241844
"29","Armenia",2004,32.1843251455149
"30","Armenia",2005,35.9230125682782
"31","Armenia",2006,32.6890795881758
"32","Armenia",2007,32.9414568095063
"33","Armenia",2008,33.1938340308368
"34","Armenia",2009,33.4462112521673
"35","Armenia",2010,37.102416254245
"36","Armenia",2011,29.2614135087086
"37","Australia",2006,39.6286277147934
"38","Australia",2007,40.1507810098525
"39","Australia",2008,40.6729343049109
"40","Australia",2009,41.1950875999695
"41","Australia",2010,41.7172408950279
"42","Australia",2011,42.2393941900864
"43","Austria",1991,32.6872463085088
"44","Austria",1992,32.2485645067128
"45","Austria",1993,32.6982665990971
"46","Austria",1994,33.1479686914815
"47","Austria",1995,33.5976707838659
"48","Austria",1996,34.0473728762503
"49","Austria",1997,34.4970749686346
"50","Austria",1998,34.946777061019
"51","Austria",1999,35.3964791534033
"52","Austria",2000,35.8461812457878
"53","Austria",2001,34.5191155498117
"54","Austria",2002,36.7455854305565
"55","Austria",2003,37.1952875229408
"56","Austria",2004,37.6449896153252
"57","Austria",2005,38.0946917077096
"58","Austria",2006,38.544393800094
"59","Austria",2007,38.9940958924784
"60","Austria",2008,39.4437979848627
"61","Austria",2009,39.8935000772472
"62","Austria",2010,40.3432021696315
"63","Austria",2011,41.6812881561961
"64","Azerbaijan",2006,24.6110551881387
"65","Azerbaijan",2007,25.357578315801
"66","Azerbaijan",2008,26.1041014434622
"67","Azerbaijan",2009,26.8506245711233
"68","Bangladesh",1991,13.8868121098041
"69","Bangladesh",1992,10.4547468963216
"70","Bangladesh",1993,10.5590062416234
"71","Bangladesh",1994,8.72663201208007
"72","Bangladesh",1995,10.7675249322269
"73","Bangladesh",1996,10.8717842775287
"74","Bangladesh",1997,9.16719172428927
"75","Bangladesh",1998,11.0803029681322
"76","Bangladesh",1999,11.184562313434
"77","Bangladesh",2000,8.64919605245813
"78","Bangladesh",2001,13.8067074384238
"79","Bangladesh",2002,11.4973403493393
"80","Bangladesh",2003,11.6015996946411
"81","Bangladesh",2004,10.0873423787357
"82","Bangladesh",2005,11.8101183852446
"83","Bangladesh",2006,11.9143777305464
"84","Bangladesh",2007,12.76110811446
"85","Bangladesh",2008,12.1228964211499
"86","Bangladesh",2009,12.2271557664517
"87","Bangladesh",2010,12.3314151117534
"88","Bangladesh",2011,14.0067321579578
"89","Bangladesh",2012,12.539933802357
"90","Bangladesh",2013,12.6441931476588
"91","Bangladesh",2014,12.4886005011462
"92","Belarus",1999,42.0042613716857
"93","Belarus",2000,43.0025560988829
"94","Belarus",2001,44.0008508260796
"95","Belarus",2002,44.9991455532763
"96","Belarus",2003,45.997440280473
"97","Belarus",2004,46.9957350076697
"98","Belarus",2005,47.9940297348662
"99","Belarus",2006,48.9923244620629
"100","Belarus",2007,49.9906191892596
"101","Belarus",2008,50.9889139164563
"102","Belarus",2009,51.987208643653
"103","Belgium",2011,32.1983347280299
"104","Benin",1996,17.562471005172
"105","Benin",1997,19.3506056295909
"106","Benin",1998,19.6559504387376
"107","Benin",1999,19.9612952478844
"108","Benin",2000,20.2666400570312
"109","Benin",2001,20.8459318606736
"110","Benin",2002,22.7203144581867
"111","Benin",2003,21.1826744844716
"112","Benin",2004,21.4880192936184
"113","Benin",2005,21.7933641027652
"114","Benin",2006,22.4789376246261
"115","Benin",2007,22.4040537210587
"116","Benin",2008,22.7093985302056
"117","Benin",2009,23.0147433393524
"118","Benin",2010,23.3200881484992
"119","Benin",2011,23.625432957646
"120","Benin",2012,22.9164070919935
"121","Bermuda",2000,46.9102910768252
"122","Bermuda",2001,47.368390966654
"123","Bermuda",2002,47.826490856483
"124","Bermuda",2003,48.2845907463119
"125","Bermuda",2004,48.7426906361408
"126","Bermuda",2005,49.2007905259696
"127","Bermuda",2006,49.6588904157985
"128","Bermuda",2007,50.1169903056275
"129","Bermuda",2008,50.5750901954564
"130","Bermuda",2009,51.0331900852852
"131","Bermuda",2010,51.4912899751142
"132","Bhutan",2005,28.1655631764659
"133","Bolivia",1992,24.3153882867242
"134","Bolivia",1993,20.5395101646432
"135","Bolivia",1994,18.9993105977396
"136","Bolivia",1995,21.5370308726044
"137","Bolivia",1996,22.0357912265852
"138","Bolivia",1997,22.5345515805658
"139","Bolivia",1998,19.472244612135
"140","Bolivia",1999,23.532072288527
"141","Bolivia",2000,24.0308326425077
"142","Bolivia",2001,30.8421013410569
"143","Bolivia",2002,25.0283533504689
"144","Bolivia",2003,20.1950002043615
"145","Bolivia",2004,26.0258740584303
"146","Bolivia",2005,26.5246344124109
"147","Bolivia",2006,27.0233947663916
"148","Bolivia",2007,27.5221551203722
"149","Bolivia",2008,22.9246357940965
"150","Bolivia",2009,28.5196758283334
"151","Bolivia",2010,29.0184361823142
"152","Bolivia",2011,29.5171965362948
"153","Bolivia",2012,35.4572304932852
"154","Botswana",1991,46.8464880521361
"155","Botswana",1992,46.578152339128
"156","Botswana",1993,46.6123308411728
"157","Botswana",1994,46.6465093432177
"158","Botswana",1995,46.6806878452625
"159","Botswana",1996,46.7148663473074
"160","Botswana",1997,46.7490448493522
"161","Botswana",1998,46.7832233513971
"162","Botswana",1999,46.8174018534419
"163","Botswana",2000,46.8515803554867
"164","Botswana",2001,46.2807304274257
"165","Botswana",2002,46.9199373595764
"166","Botswana",2003,46.9541158616213
"167","Botswana",2004,46.9882943636661
"168","Botswana",2005,47.0224728657109
"169","Botswana",2006,47.0566513677558
"170","Botswana",2007,47.0908298698006
"171","Botswana",2008,47.1250083718455
"172","Botswana",2009,47.1591868738903
"173","Botswana",2010,47.1933653759351
"174","Botswana",2011,47.5300580930329
"175","Brazil",1991,19.6509898730578
"176","Brazil",1992,18.0703699569972
"177","Brazil",1993,19.1352822814893
"178","Brazil",1994,20.2001946059813
"179","Brazil",1995,21.2651069304734
"180","Brazil",1996,19.9935826971216
"181","Brazil",1997,23.394931579458
"182","Brazil",1998,24.4598439039501
"183","Brazil",1999,25.5247562284426
"184","Brazil",2000,24.8341684768656
"185","Brazil",2001,27.6545808774267
"186","Brazil",2002,28.7194932019192
"187","Brazil",2003,29.7844055264113
"188","Brazil",2004,30.8493178509034
"189","Brazil",2005,31.9142301753955
"190","Brazil",2006,32.979142499888
"191","Brazil",2007,34.0440548243801
"192","Brazil",2008,35.1089671488721
"193","Brazil",2009,36.1738794733647
"194","Brazil",2010,38.6851961912167
"195","Brunei Darussalam",2011,14.5551533625452
"196","Bulgaria",2001,24.9122228203897
"197","Bulgaria",2002,25.5240528851623
"198","Bulgaria",2003,26.1358829499345
"199","Bulgaria",2004,26.7477130147067
"200","Bulgaria",2005,27.359543079479
"201","Bulgaria",2006,27.9713731442512
"202","Bulgaria",2007,28.5832032090234
"203","Bulgaria",2008,29.1950332737956
"204","Bulgaria",2009,29.8068633385678
"205","Bulgaria",2010,30.4186934033401
"206","Bulgaria",2011,31.0305234681122
"207","Burkina Faso",1993,6.49467131605247
"208","Burkina Faso",1994,7.44547189717815
"209","Burkina Faso",1995,7.65264758279795
"210","Burkina Faso",1996,9.85956107467375
"211","Burkina Faso",1997,8.06699895403762
"212","Burkina Faso",1998,8.27417463965742
"213","Burkina Faso",1999,6.76243452826522
"214","Burkina Faso",2000,8.68852601089702
"215","Burkina Faso",2001,8.89570169651682
"216","Burkina Faso",2002,9.10287738213668
"217","Burkina Faso",2003,9.32025425380549
"218","Burkina Faso",2004,9.51722875337629
"219","Burkina Faso",2005,9.72440443899609
"220","Burkina Faso",2006,11.0098499348343
"221","Burkina Faso",2007,10.1387558102357
"222","Burkina Faso",2008,10.3459314958556
"223","Burkina Faso",2009,10.5531071814754
"224","Burkina Faso",2010,9.92683479707151
"225","Burkina Faso",2011,10.967458552715
"226","Burkina Faso",2012,11.1746342383348
"227","Burkina Faso",2013,11.3818099239546
"228","Burkina Faso",2014,11.7967655695923
"229","Burundi",2010,26.851384485582
"230","Burundi",2011,25.999062365151
"231","Burundi",2012,24.5121594417518
"232","Burundi",2013,26.8327413361627
"233","Burundi",2014,27.2495808216686
"234","Burundi",2015,27.6664203071745
"235","Burundi",2016,28.7178405956485
"236","Cambodia",1998,25.645579807679
"237","Cambodia",1999,24.9863195260897
"238","Cambodia",2000,25.4088641821339
"239","Cambodia",2001,25.189884118675
"240","Cambodia",2002,25.2916664149676
"241","Cambodia",2003,25.3934487112602
"242","Cambodia",2004,25.4952310075529
"243","Cambodia",2005,23.5176542367432
"244","Cambodia",2006,25.6987956001382
"245","Cambodia",2007,25.8005778964308
"246","Cambodia",2008,25.6104979470214
"247","Cambodia",2009,26.0041424890161
"248","Cambodia",2010,27.0554374841842
"249","Cambodia",2011,26.2077070816014
"250","Cambodia",2012,26.3094893778941
"251","Cambodia",2013,26.4112716741867
"252","Cambodia",2014,26.852957646775
"253","Cameroon",1987,18.3743614663459
"254","Cameroon",1988,18.1655800073345
"255","Cameroon",1989,18.4871267513821
"256","Cameroon",1990,18.8086734954297
"257","Cameroon",1991,17.8621912968611
"258","Cameroon",1992,19.4517669835249
"259","Cameroon",1993,19.7733137275725
"260","Cameroon",1994,20.0948604716201
"261","Cameroon",1995,20.4164072156677
"262","Cameroon",1996,20.7379539597154
"263","Cameroon",1997,21.0595007037629
"264","Cameroon",1998,22.3372923294193
"265","Cameroon",1999,21.7025941918581
"266","Cameroon",2000,22.0241409359057
"267","Cameroon",2001,22.3456876799534
"268","Cameroon",2002,22.667234424001
"269","Cameroon",2003,22.9887811680485
"270","Cameroon",2004,23.9981260358483
"271","Cameroon",2005,22.8630299314354
"272","Cameroon",2006,23.9534214001914
"273","Cameroon",2007,24.274968144239
"274","Cameroon",2008,24.5965148882866
"275","Cameroon",2009,24.9180616323341
"276","Cameroon",2010,25.2396083763817
"277","Cameroon",2011,25.4236575793353
"278","Canada",2001,36.0640319640923
"279","Canada",2002,36.5489884381772
"280","Canada",2003,36.8185886693476
"281","Canada",2004,37.0881889005179
"282","Canada",2005,37.3577891316884
"283","Canada",2006,38.0581018486879
"284","Canada",2007,37.8969895940292
"285","Canada",2008,38.1665898251995
"286","Canada",2009,38.4361900563699
"287","Canada",2010,38.7057902875403
"288","Canada",2011,38.760034275796
"289","Cayman Islands",2010,39.5029371893357
"290","Central African Republic",1994,21.0429430564493
"291","Chad",1997,21.9894332692525
"292","Chad",1998,21.0349527071772
"293","Chad",1999,21.0578063337488
"294","Chad",2000,21.0806599603205
"295","Chad",2001,21.1035135868921
"296","Chad",2002,21.1263672134637
"297","Chad",2003,21.1492208400354
"298","Chad",2004,19.5728003397302
"299","Chad",2005,21.1949280931786
"300","Chad",2006,21.2177817197503
"301","Chad",2007,21.2406353463219
"302","Chad",2008,21.2634889728935
"303","Chad",2009,21.2863425994652
"304","Chad",2010,21.3091962260368
"305","Chad",2011,21.3320498526084
"306","Chad",2012,21.3549034791801
"307","Chad",2013,21.3777571057517
"308","Chad",2014,21.4006107323233
"309","Chad",2015,22.0454042971248
"310","Chile",1992,25.3671983630148
"311","Chile",1993,25.9832503474447
"312","Chile",1994,26.5993023318742
"313","Chile",1995,27.215354316304
"314","Chile",1996,27.8314063007338
"315","Chile",1997,28.4474582851635
"316","Chile",1998,29.0635102695933
"317","Chile",1999,29.6795622540228
"318","Chile",2000,30.2956142384526
"319","Chile",2001,30.9116662228823
"320","Chile",2002,31.527718207312
"321","China",1990,14.4566618535162
"322","China",1991,14.4912716947763
"323","China",1992,14.5258815360364
"324","China",1993,14.5604913772965
"325","China",1994,14.5951012185566
"326","China",1995,14.6297110598167
"327","China",1996,14.6643209010768
"328","China",1997,14.6989307423369
"329","China",1998,14.733540583597
"330","China",1999,14.7681504248571
"331","China",2000,14.8027602661172
"332","Colombia",1985,22.6355601763654
"333","Colombia",1986,21.1354075332092
"334","Colombia",1987,21.6381021492798
"335","Colombia",1988,22.1407967653503
"336","Colombia",1989,22.6434913814209
"337","Colombia",1990,22.7900568998037
"338","Colombia",1991,23.6488806135619
"339","Colombia",1992,24.1515752296325
"340","Colombia",1993,24.4484657090157
"341","Colombia",1994,25.1569644617736
"342","Colombia",1995,23.6207762051396
"343","Colombia",1996,26.1623536939147
"344","Colombia",1997,26.6650483099852
"345","Colombia",1998,27.1677429260558
"346","Colombia",1999,27.6704375421264
"347","Colombia",2000,27.9901447214466
"348","Colombia",2001,28.6758267742674
"349","Colombia",2002,29.178521390338
"350","Colombia",2003,29.6812160064085
"351","Colombia",2004,30.1839106224791
"352","Colombia",2005,29.9895200199694
"353","Colombia",2006,31.1892998546201
"354","Colombia",2007,31.6919944706907
"355","Colombia",2008,32.1946890867613
"356","Colombia",2009,32.6973837028318
"357","Colombia",2010,33.9678426916306
"358","Colombia",2011,33.7027729349729
"359","Colombia",2012,34.2054675510434
"360","Colombia",2013,34.708162167114
"361","Colombia",2014,35.2108567831846
"362","Colombia",2015,36.4238285297093
"363","Comoros",1996,32.2953736654804
"364","Comoros",1997,32.7333921594696
"365","Comoros",1998,33.1714106534588
"366","Comoros",1999,33.6094291474479
"367","Comoros",2000,34.0474476414371
"368","Comoros",2001,34.4854661354263
"369","Comoros",2002,34.9234846294155
"370","Comoros",2003,35.3615031234046
"371","Comoros",2004,35.7995216173938
"372","Comoros",2005,36.2375401113831
"373","Comoros",2006,36.6755586053722
"374","Comoros",2007,37.1135770993614
"375","Comoros",2008,37.5515955933505
"376","Comoros",2009,37.9896140873396
"377","Comoros",2010,38.4276325813289
"378","Comoros",2011,38.8656510753181
"379","Comoros",2012,39.3036695693072
"380","Congo, Dem. Rep.",2007,20.7997598364117
"381","Congo, Dem. Rep.",2008,21.4912021479081
"382","Congo, Dem. Rep.",2009,22.1826444594042
"383","Congo, Dem. Rep.",2010,22.8740867709002
"384","Congo, Dem. Rep.",2011,23.5655290823963
"385","Congo, Dem. Rep.",2012,24.2569713938926
"386","Congo, Dem. Rep.",2013,24.9484137053885
"387","Congo, Rep.",2005,23.2683212291105
"388","Congo, Rep.",2006,23.0867626169246
"389","Congo, Rep.",2007,23.0266909898742
"390","Congo, Rep.",2008,22.9666193628237
"391","Congo, Rep.",2009,22.5420867803667
"392","Congo, Rep.",2010,22.8464761087229
"393","Congo, Rep.",2011,23.0293784519435
"394","Costa Rica",2000,22.7046500489369
"395","Costa Rica",2001,23.3727071426986
"396","Costa Rica",2002,24.0407642364596
"397","Costa Rica",2003,24.7088213302209
"398","Costa Rica",2004,25.3768784239819
"399","Costa Rica",2005,26.0449355177432
"400","Costa Rica",2006,26.7129926115042
"401","Costa Rica",2007,27.3810497052655
"402","Costa Rica",2008,28.0491067990265
"403","Costa Rica",2009,28.7171638927878
"404","Costa Rica",2010,29.3852209865488
"405","Costa Rica",2011,30.0532780803098
"406","Croatia",2001,30.3009996771305
"407","Croatia",2002,31.4048055103258
"408","Croatia",2003,32.5086113435209
"409","Croatia",2004,33.612417176716
"410","Croatia",2005,34.7162230099111
"411","Croatia",2006,35.8200288431062
"412","Croatia",2007,36.9238346763013
"413","Croatia",2008,38.0276405094969
"414","Croatia",2009,39.131446342692
"415","Croatia",2010,40.2352521758871
"416","Croatia",2011,41.3390580090821
"417","Cuba",2002,40.7205540628343
"418","Cyprus",2011,23.7671562646335
"419","Czech Republic",2001,28.9198154211787
"420","Dominican Republic",1996,26.8513845790088
"421","Dominican Republic",1997,29.2907723493161
"422","Dominican Republic",1998,29.9543703693207
"423","Dominican Republic",1999,32.8942720596491
"424","Dominican Republic",2000,31.2815664093298
"425","Dominican Republic",2001,31.9451644293345
"426","Dominican Republic",2002,32.8400679695184
"427","Dominican Republic",2003,33.2723604693438
"428","Dominican Republic",2004,33.9359584893482
"429","Dominican Republic",2005,34.5995565093529
"430","Dominican Republic",2006,35.2631545293575
"431","Dominican Republic",2007,35.3109145783883
"432","Dominican Republic",2008,36.5903505693668
"433","Dominican Republic",2009,37.2539485893712
"434","Dominican Republic",2010,37.7411604342157
"435","Dominican Republic",2011,38.5811446293806
"436","Dominican Republic",2012,39.2447426493852
"437","Dominican Republic",2013,39.9687453753269
"438","Ecuador",1990,19.6552633893237
"439","Ecuador",1991,20.3538567588776
"440","Ecuador",1992,20.805526752406
"441","Ecuador",1993,21.2571967459344
"442","Ecuador",1994,21.7088667394628
"443","Ecuador",1995,22.1605367329911
"444","Ecuador",1996,22.6122067265195
"445","Ecuador",1997,23.0638767200479
"446","Ecuador",1998,23.5155467135763
"447","Ecuador",1999,23.9672167071046
"448","Ecuador",2000,24.418886700633
"449","Ecuador",2001,25.4192753075533
"450","Ecuador",2002,25.3222266876899
"451","Ecuador",2003,25.7738966812182
"452","Ecuador",2004,26.2255666747466
"453","Ecuador",2005,26.677236668275
"454","Ecuador",2006,27.1289066618034
"455","Ecuador",2007,27.5805766553317
"456","Ecuador",2008,28.0322466488601
"457","Ecuador",2009,28.4839166423885
"458","Ecuador",2010,28.6337913985517
"459","Egypt, Arab Rep.",1986,12.6368534603199
"460","Egypt, Arab Rep.",1987,12.4421456826354
"461","Egypt, Arab Rep.",1988,12.4710385967164
"462","Egypt, Arab Rep.",1989,12.4999315107975
"463","Egypt, Arab Rep.",1990,12.5288244248785
"464","Egypt, Arab Rep.",1991,12.5577173389596
"465","Egypt, Arab Rep.",1992,11.6935280746857
"466","Egypt, Arab Rep.",1993,12.6155031671217
"467","Egypt, Arab Rep.",1994,12.6443960812027
"468","Egypt, Arab Rep.",1995,12.6414433979429
"469","Egypt, Arab Rep.",1996,13.9588778437464
"470","Egypt, Arab Rep.",1997,12.7310748234459
"471","Egypt, Arab Rep.",1998,12.759967737527
"472","Egypt, Arab Rep.",1999,12.788860651608
"473","Egypt, Arab Rep.",2000,12.0035087193385
"474","Egypt, Arab Rep.",2001,12.8466464797701
"475","Egypt, Arab Rep.",2002,12.8755393938512
"476","Egypt, Arab Rep.",2003,12.8332782048968
"477","Egypt, Arab Rep.",2004,12.9333252220133
"478","Egypt, Arab Rep.",2005,12.3378683014368
"479","Egypt, Arab Rep.",2006,13.8400469191385
"480","Egypt, Arab Rep.",2007,13.0200039642565
"481","Egypt, Arab Rep.",2008,13.4457823162528
"482","Egypt, Arab Rep.",2009,13.0777897924186
"483","Egypt, Arab Rep.",2010,13.1066827064996
"484","Egypt, Arab Rep.",2011,13.1355756205807
"485","Egypt, Arab Rep.",2012,13.1644685346617
"486","Egypt, Arab Rep.",2013,13.1933614487428
"487","Egypt, Arab Rep.",2014,12.9308129895377
"488","El Salvador",1992,27.0843566373774
"489","El Salvador",1993,27.598977332391
"490","El Salvador",1994,28.1135980274047
"491","El Salvador",1995,28.6282187224182
"492","El Salvador",1996,29.1428394174317
"493","El Salvador",1997,29.6574601124452
"494","El Salvador",1998,30.1720808074587
"495","El Salvador",1999,30.6867015024721
"496","El Salvador",2000,31.2013221974859
"497","El Salvador",2001,31.7159428924994
"498","El Salvador",2002,32.2305635875128
"499","El Salvador",2003,32.7451842825263
"500","El Salvador",2004,33.2598049775398
"501","El Salvador",2005,33.7744256725535
"502","El Salvador",2006,34.289046367567
"503","El Salvador",2007,34.8036670625805
"504","Estonia",2000,55.6641681942109
"505","Ethiopia",1994,22.3432939219325
"506","Ethiopia",1995,22.3502772028855
"507","Ethiopia",1996,22.5063022361049
"508","Ethiopia",1997,22.6623272693244
"509","Ethiopia",1998,22.8183523025439
"510","Ethiopia",1999,22.9743773357633
"511","Ethiopia",2000,23.5401129448581
"512","Ethiopia",2001,23.2864274022022
"513","Ethiopia",2002,23.4424524354217
"514","Ethiopia",2003,23.5984774686411
"515","Ethiopia",2004,23.7545025018606
"516","Ethiopia",2005,22.7620925632849
"517","Ethiopia",2006,24.0665525682995
"518","Ethiopia",2007,23.8533937353807
"519","Ethiopia",2008,24.3786026347385
"520","Ethiopia",2009,24.5346276679579
"521","Ethiopia",2010,24.6906527011774
"522","Ethiopia",2011,26.0709080786225
"523","Ethiopia",2012,25.0027027676163
"524","Ethiopia",2013,25.1587278008357
"525","Ethiopia",2014,25.3147528340552
"526","Ethiopia",2015,25.4707778672746
"527","Ethiopia",2016,25.3614390660605
"528","Fiji",1986,13.2804614275415
"529","Fiji",1987,13.1130655243726
"530","Fiji",1988,13.1801456037486
"531","Fiji",1989,13.2472256831247
"532","Fiji",1990,13.3143057625007
"533","Fiji",1991,13.3813858418768
"534","Fiji",1992,13.4484659212528
"535","Fiji",1993,13.5155460006289
"536","Fiji",1994,13.582626080005
"537","Fiji",1995,13.649706159381
"538","Fiji",1996,13.2691502720804
"539","Fiji",1997,13.7838663181331
"540","Fiji",1998,13.8509463975092
"541","Fiji",1999,13.9180264768853
"542","Fiji",2000,13.9851065562613
"543","Fiji",2001,14.0521866356374
"544","Fiji",2002,14.1192667150134
"545","Fiji",2003,14.1863467943895
"546","Fiji",2004,14.2534268737656
"547","Fiji",2005,14.3205069531416
"548","Fiji",2006,14.3875870325177
"549","Fiji",2007,14.6678270960255
"550","Finland",2010,43.247331602552
"551","France",1990,23.5883541094067
"552","France",1991,24.0986777909662
"553","France",1992,24.3387289561226
"554","France",1993,24.5787801212789
"555","France",1994,24.8188312864353
"556","France",1995,25.0588824515916
"557","France",1996,25.2989336167479
"558","France",1997,25.5389847819043
"559","France",1998,25.7790359470606
"560","France",1999,26.3757772479919
"561","France",2000,26.2591382773733
"562","France",2001,26.4991894425297
"563","France",2002,26.739240607686
"564","France",2003,26.9792917728423
"565","France",2004,27.2193429379986
"566","France",2005,27.459394103155
"567","France",2006,27.978533511345
"568","France",2007,27.9394964334676
"569","France",2008,28.179547598624
"570","France",2009,28.4195987637804
"571","France",2010,28.6596499289367
"572","France",2011,28.5341952316876
"573","French Polynesia",2007,14.1846190518757
"574","Gabon",2000,25.9200097619856
"575","Gabon",2001,26.2585712763766
"576","Gabon",2002,26.5971327907675
"577","Gabon",2003,26.9356943051584
"578","Gabon",2004,27.2742558195494
"579","Gabon",2005,27.6128173339403
"580","Gabon",2006,27.9513788483312
"581","Gabon",2007,28.2899403627221
"582","Gabon",2008,28.628501877113
"583","Gabon",2009,28.9670633915039
"584","Gabon",2010,29.3056249058948
"585","Gabon",2011,29.6441864202857
"586","Gabon",2012,29.9827479346766
"587","Gambia, The",2013,22.3233254279095
"588","Germany",2011,27.5939986307111
"589","Ghana",1993,37.1453138435082
"590","Ghana",1994,36.3548044469132
"591","Ghana",1995,36.2033278346231
"592","Ghana",1996,36.051851222333
"593","Ghana",1997,35.9003746100429
"594","Ghana",1998,35.7488979977529
"595","Ghana",1999,36.6632421522376
"596","Ghana",2000,34.3269943062307
"597","Ghana",2001,35.2944681608826
"598","Ghana",2002,35.1429915485924
"599","Ghana",2003,33.8044362158719
"600","Ghana",2004,34.8400383240123
"601","Ghana",2005,34.6885617117222
"602","Ghana",2006,34.537085099432
"603","Ghana",2007,34.385608487142
"604","Ghana",2008,33.6533891570567
"605","Ghana",2009,34.0826552625617
"606","Ghana",2010,34.6313358494385
"607","Ghana",2011,33.7797020379816
"608","Ghana",2012,33.6282254256914
"609","Ghana",2013,33.4767488134013
"610","Ghana",2014,33.8070333560321
"611","Greece",1991,20.3912767996205
"612","Greece",1992,22.2768297397801
"613","Greece",1993,22.4862241646057
"614","Greece",1994,22.6956185894313
"615","Greece",1995,22.9050130142569
"616","Greece",1996,23.1144074390825
"617","Greece",1997,23.323801863908
"618","Greece",1998,23.5331962887336
"619","Greece",1999,23.7425907135593
"620","Greece",2000,23.9519851383848
"621","Greece",2001,27.5136965938786
"622","Greece",2002,24.370773988036
"623","Greece",2003,24.5801684128616
"624","Greece",2004,24.7895628376871
"625","Greece",2005,24.9989572625128
"626","Greece",2006,25.2083516873383
"627","Greece",2007,25.4177461121639
"628","Greece",2008,25.6271405369895
"629","Greece",2009,25.8365349618151
"630","Greece",2010,26.0459293866406
"631","Greece",2011,24.5791652961322
"632","Guatemala",1995,19.8730100471725
"633","Guatemala",1996,19.5004853545578
"634","Guatemala",1997,19.783889670602
"635","Guatemala",1998,20.0672939866461
"636","Guatemala",1999,19.530787041867
"637","Guatemala",2000,20.6341026187345
"638","Guatemala",2001,20.9175069347785
"639","Guatemala",2002,21.2009112508227
"640","Guatemala",2003,21.4843155668669
"641","Guatemala",2004,21.7677198829111
"642","Guatemala",2005,22.0511241989552
"643","Guatemala",2006,22.3345285149994
"644","Guatemala",2007,22.6179328310436
"645","Guatemala",2008,22.9013371470877
"646","Guatemala",2009,23.1847414631319
"647","Guatemala",2010,23.4681457791761
"648","Guatemala",2011,23.7515500952203
"649","Guatemala",2012,24.0349544112644
"650","Guatemala",2013,24.3183587273086
"651","Guatemala",2014,24.6017630433528
"652","Guatemala",2015,25.0491496115616
"653","Guinea",1996,15.3897401732179
"654","Guinea",1997,14.3364411934965
"655","Guinea",1998,14.5369818543671
"656","Guinea",1999,12.8000773155111
"657","Guinea",2000,14.9380631761081
"658","Guinea",2001,15.1386038369787
"659","Guinea",2002,15.3391444978492
"660","Guinea",2003,15.5396851587197
"661","Guinea",2004,15.7402258195903
"662","Guinea",2005,16.6729598157426
"663","Guinea",2006,16.1413071413314
"664","Guinea",2007,16.3418478022019
"665","Guinea",2008,16.5423884630725
"666","Guinea",2009,16.742929123943
"667","Guinea",2010,16.9434697848136
"668","Guinea",2011,17.1440104456841
"669","Guinea",2012,17.2959633304073
"670","Guyana",2005,35.2907040655301
"671","Guyana",2006,34.8612182034777
"672","Guyana",2007,34.4317323414257
"673","Guyana",2008,34.0022464793736
"674","Guyana",2009,33.5727606173217
"675","Haiti",1994,38.651328411401
"676","Haiti",1995,39.9117060055852
"677","Haiti",1996,40.0253384579572
"678","Haiti",1997,40.1389709103293
"679","Haiti",1998,40.2526033627013
"680","Haiti",1999,40.3662358150734
"681","Haiti",2000,42.6552570722206
"682","Haiti",2001,40.5935007198175
"683","Haiti",2002,40.7071331721895
"684","Haiti",2003,38.5653484561221
"685","Haiti",2004,40.9343980769336
"686","Haiti",2005,41.0480305293056
"687","Haiti",2006,43.6342465502228
"688","Haiti",2007,41.2752954340497
"689","Haiti",2008,41.3889278864218
"690","Haiti",2009,41.5025603387938
"691","Haiti",2010,41.6161927911658
"692","Haiti",2011,41.7298252435379
"693","Haiti",2012,40.5976476328411
"694","Honduras",2006,26.0165812845437
"695","Honduras",2007,26.3448712495261
"696","Honduras",2008,26.6731612145085
"697","Honduras",2009,27.0014511794908
"698","Honduras",2010,27.329741144473
"699","Honduras",2011,27.6580311094554
"700","Honduras",2012,27.9863210744375
"701","Hong Kong SAR, China",2006,32.1726566619329
"702","Hong Kong SAR, China",2007,32.9555809483504
"703","Hong Kong SAR, China",2008,33.7385052347677
"704","Hong Kong SAR, China",2009,34.5214295211847
"705","Hong Kong SAR, China",2010,35.3043538076017
"706","Hong Kong SAR, China",2011,36.0872780940191
"707","Hungary",1990,26.5175209366448
"708","Hungary",1991,26.3438352648586
"709","Hungary",1992,26.6326578358409
"710","Hungary",1993,26.9214804068231
"711","Hungary",1994,27.2103029778053
"712","Hungary",1995,27.4991255487876
"713","Hungary",1996,27.7879481197698
"714","Hungary",1997,28.076770690752
"715","Hungary",1998,28.3655932617343
"716","Hungary",1999,28.6544158327165
"717","Hungary",2000,28.9432384036987
"718","Hungary",2001,28.2607936648678
"719","Hungary",2002,29.5208835456632
"720","Hungary",2003,29.8097061166454
"721","Hungary",2004,30.0985286876277
"722","Hungary",2005,30.3873512586099
"723","Hungary",2006,30.6761738295921
"724","Hungary",2007,30.9649964005744
"725","Hungary",2008,31.2538189715566
"726","Hungary",2009,31.5426415425388
"727","Hungary",2010,31.8314641135211
"728","Hungary",2011,32.6290457515482
"729","India",1987,10.1772588457726
"730","India",1988,9.16207800444533
"731","India",1989,9.33997556429046
"732","India",1990,9.51787312413552
"733","India",1991,9.69577068398064
"734","India",1992,9.17268203281818
"735","India",1993,9.87428668059302
"736","India",1994,10.2294633635159
"737","India",1995,10.407360923361
"738","India",1996,10.5852584832061
"739","India",1997,10.7631560430512
"740","India",1998,10.9410536028963
"741","India",1999,10.1752268197045
"742","India",2000,11.2968487225864
"743","India",2001,11.4747462824316
"744","India",2002,11.6526438422766
"745","India",2003,11.8305414021218
"746","India",2004,11.2437392295767
"747","India",2005,12.1863365218119
"748","India",2006,14.2697734779446
"749","India",2007,12.5421316415021
"750","India",2008,12.7200292013472
"751","India",2009,11.7276034789161
"752","India",2010,13.0758243210374
"753","India",2011,13.2537218808825
"754","India",2012,13.4316194407276
"755","India",2013,13.6095170005727
"756","India",2014,13.7874145604177
"757","India",2015,14.6237070145909
"758","Indonesia",1985,13.0546277284963
"759","Indonesia",1986,12.6069039009327
"760","Indonesia",1987,12.6339042348287
"761","Indonesia",1988,12.6609045687246
"762","Indonesia",1989,12.6879049026206
"763","Indonesia",1990,13.3665136110117
"764","Indonesia",1991,13.0228567881033
"765","Indonesia",1992,12.7689059043085
"766","Indonesia",1993,12.7959062382045
"767","Indonesia",1994,12.791828714285
"768","Indonesia",1995,12.9591825056709
"769","Indonesia",1996,12.8769072398925
"770","Indonesia",1997,12.227427821661
"771","Indonesia",1998,12.9309079076844
"772","Indonesia",1999,12.9579082415804
"773","Indonesia",2000,12.207098461402
"774","Indonesia",2001,13.0119089093723
"775","Indonesia",2002,13.0389092432683
"776","Indonesia",2003,11.837340423719
"777","Indonesia",2004,13.0929099110603
"778","Indonesia",2005,12.6383105006247
"779","Indonesia",2006,13.1469105788522
"780","Indonesia",2007,12.8582437323182
"781","Indonesia",2008,13.2009112466442
"782","Indonesia",2009,13.2279115805401
"783","Indonesia",2010,13.8231010247803
"784","Indonesia",2011,13.2819122483321
"785","Indonesia",2012,14.735367920788
"786","Iran, Islamic Rep.",1996,8.3736339439082
"787","Iran, Islamic Rep.",1997,8.31496527323662
"788","Iran, Islamic Rep.",1998,8.54326919972743
"789","Iran, Islamic Rep.",1999,8.77157312621819
"790","Iran, Islamic Rep.",2000,8.999877052709
"791","Iran, Islamic Rep.",2001,9.22818097919975
"792","Iran, Islamic Rep.",2002,9.45648490569056
"793","Iran, Islamic Rep.",2003,9.68478883218131
"794","Iran, Islamic Rep.",2004,9.91309275867212
"795","Iran, Islamic Rep.",2005,10.1413966851629
"796","Iran, Islamic Rep.",2006,9.50878282016674
"797","Iran, Islamic Rep.",2007,10.5980045381444
"798","Iran, Islamic Rep.",2008,10.8263084646352
"799","Iran, Islamic Rep.",2009,11.054612391126
"800","Iran, Islamic Rep.",2010,11.2829163176168
"801","Iran, Islamic Rep.",2011,12.0851654384321
"802","Iraq",1997,10.4520125829118
"803","Ireland",1986,23.7004613503488
"804","Ireland",1987,24.3655021705792
"805","Ireland",1988,25.0868338850585
"806","Ireland",1989,25.8081655995377
"807","Ireland",1990,26.5294973140169
"808","Ireland",1991,26.688603750073
"809","Ireland",1992,27.9721607429756
"810","Ireland",1993,28.6934924574548
"811","Ireland",1994,29.414824171934
"812","Ireland",1995,30.1361558864135
"813","Ireland",1996,30.2601063946747
"814","Ireland",1997,31.5788193153719
"815","Ireland",1998,32.3001510298511
"816","Ireland",1999,33.0214827443306
"817","Ireland",2000,33.7428144588098
"818","Ireland",2001,34.464146173289
"819","Ireland",2002,36.715929778441
"820","Ireland",2003,35.9068096022477
"821","Ireland",2004,36.6281413167269
"822","Ireland",2005,37.3494730312061
"823","Ireland",2006,39.0755816035826
"824","Ireland",2007,38.7921364601648
"825","Ireland",2008,39.513468174644
"826","Ireland",2009,40.2347998891232
"827","Ireland",2010,40.9561316036024
"828","Ireland",2011,40.245550159906
"829","Israel",1995,29.9752106434073
"830","Israel",1996,31.465096970071
"831","Israel",1997,32.9549832967332
"832","Israel",1998,34.4448696233953
"833","Israel",1999,35.9347559500575
"834","Israel",2000,37.4246422767196
"835","Israel",2001,38.9145286033818
"836","Israel",2002,40.4044149300439
"837","Israel",2003,41.8943012567065
"838","Israel",2004,43.3841875833687
"839","Israel",2005,44.8740739100308
"840","Israel",2006,46.3639602366929
"841","Israel",2007,47.8538465633551
"842","Israel",2008,49.3437328900169
"843","Italy",2001,26.500885954335
"844","Italy",2002,27.1546512960797
"845","Italy",2003,27.8084166378239
"846","Italy",2004,28.4621819795682
"847","Italy",2005,29.1159473213127
"848","Italy",2006,29.7697126630569
"849","Italy",2007,30.4234780048012
"850","Italy",2008,31.0772433465456
"851","Italy",2009,31.7310086882899
"852","Italy",2010,32.3847740300341
"853","Italy",2011,33.0385393717785
"854","Jamaica",1991,38.2933541723294
"855","Jamaica",1992,38.5588626232131
"856","Jamaica",1993,38.762832106705
"857","Jamaica",1994,38.966801590197
"858","Jamaica",1995,39.1707710736889
"859","Jamaica",1996,39.3747405571808
"860","Jamaica",1997,39.5787100406727
"861","Jamaica",1998,39.7826795241646
"862","Jamaica",1999,39.9866490076565
"863","Jamaica",2000,40.1906184911484
"864","Jamaica",2001,40.5176659094243
"865","Jamaica",2002,40.5985574581322
"866","Jamaica",2003,40.8025269416241
"867","Jamaica",2004,41.006496425116
"868","Jamaica",2005,41.2104659086079
"869","Jamaica",2006,41.4144353920998
"870","Jamaica",2007,41.6184048755918
"871","Jamaica",2008,41.8223743590837
"872","Jamaica",2009,42.0263438425756
"873","Jamaica",2010,42.2303133260675
"874","Jamaica",2011,42.3727438421675
"875","Japan",2000,20.1946553257024
"876","Japan",2001,20.5520960968366
"877","Japan",2002,20.9364298396343
"878","Japan",2003,21.3207635824321
"879","Japan",2004,21.7050973252298
"880","Japan",2005,22.0356451247011
"881","Japan",2006,22.4737648108251
"882","Japan",2007,22.8580985536228
"883","Japan",2008,23.2424322964205
"884","Japan",2009,23.6267660392182
"885","Japan",2010,24.037992753679
"886","Jordan",1997,9.58253452233222
"887","Jordan",1998,9.80074441999233
"888","Jordan",1999,9.9722059114842
"889","Jordan",2000,10.1436674029761
"890","Jordan",2001,10.315128894468
"891","Jordan",2002,11.4395039892682
"892","Jordan",2003,10.6580518774517
"893","Jordan",2004,10.4732400384574
"894","Jordan",2005,11.0009748604355
"895","Jordan",2006,11.1724363519274
"896","Jordan",2007,10.3037151425435
"897","Jordan",2008,11.5153593349111
"898","Jordan",2009,11.4278842289737
"899","Jordan",2010,11.8582823178949
"900","Jordan",2011,12.0297438093868
"901","Jordan",2012,12.9504327325302
"902","Kazakhstan",1995,32.04962351067
"903","Kazakhstan",1996,32.23992940531
"904","Kazakhstan",1997,32.7914935134954
"905","Kazakhstan",1998,33.3430576216808
"906","Kazakhstan",1999,33.3888602309042
"907","Kazakhstan",2000,34.4461858380516
"908","Kazakhstan",2001,34.997749946237
"909","Kazakhstan",2002,35.5493140544222
"910","Kazakhstan",2003,36.1008781626076
"911","Kazakhstan",2004,36.652442270793
"912","Kazakhstan",2005,37.2040063789784
"913","Kazakhstan",2006,37.7555704871638
"914","Kazakhstan",2007,38.307134595349
"915","Kazakhstan",2008,38.8586987035344
"916","Kazakhstan",2009,39.5547660971378
"917","Kenya",1989,35.0389648581091
"918","Kenya",1990,33.7468173821311
"919","Kenya",1991,33.7373360479792
"920","Kenya",1992,33.7278547138272
"921","Kenya",1993,32.6949604740231
"922","Kenya",1994,33.7088920455233
"923","Kenya",1995,33.6994107113714
"924","Kenya",1996,33.6899293772195
"925","Kenya",1997,33.6804480430675
"926","Kenya",1998,31.749226234159
"927","Kenya",1999,36.8406684971511
"928","Kenya",2000,33.6520040406117
"929","Kenya",2001,33.6425227064598
"930","Kenya",2002,33.6330413723078
"931","Kenya",2003,31.7462299061961
"932","Kenya",2004,33.6140787040039
"933","Kenya",2005,33.604597369852
"934","Kenya",2006,33.5951160357
"935","Kenya",2007,33.5856347015481
"936","Kenya",2008,33.5761533673962
"937","Kenya",2009,32.7050472777639
"938","Kenya",2010,33.5571906990923
"939","Kenya",2011,33.5477093649403
"940","Kenya",2012,33.5382280307884
"941","Kenya",2013,33.5287466966364
"942","Kenya",2014,32.185397828417
"943","Kenya",2015,36.0659105660355
"944","Latvia",2000,59.3395013751046
"945","Latvia",2001,59.8164845247186
"946","Latvia",2002,60.2934676743323
"947","Latvia",2003,60.7704508239459
"948","Latvia",2004,61.2474339735596
"949","Latvia",2005,61.7244171231733
"950","Latvia",2006,62.2014002727871
"951","Latvia",2007,62.6783834224008
"952","Latvia",2008,63.1553665720145
"953","Latvia",2009,63.6323497216282
"954","Latvia",2010,64.1093328712418
"955","Latvia",2011,64.5863160208554
"956","Lesotho",2004,37.2354706236894
"957","Lesotho",2005,36.3749806778825
"958","Lesotho",2006,35.099000641616
"959","Lesotho",2007,36.1550541286834
"960","Lesotho",2008,36.0450908540839
"961","Lesotho",2009,36.2997010557366
"962","Lesotho",2010,35.8251643048849
"963","Lesotho",2011,35.7152010302854
"964","Lesotho",2012,35.6052377556859
"965","Lesotho",2013,35.4952744810864
"966","Lesotho",2014,35.4362278206941
"967","Liberia",2007,31.1030015403783
"968","Liberia",2008,26.7622229514065
"969","Liberia",2009,30.0161345444467
"970","Liberia",2010,31.0887574162091
"971","Liberia",2011,30.5334187844376
"972","Liberia",2012,32.8853158381812
"973","Liberia",2013,35.2324508384023
"974","Liechtenstein",2010,36.2025480178491
"975","Lithuania",2001,49.6749030457848
"976","Lithuania",2002,50.5720116257785
"977","Lithuania",2003,51.4691202057718
"978","Lithuania",2004,52.3662287857651
"979","Lithuania",2005,53.2633373657584
"980","Lithuania",2006,54.1604459457517
"981","Lithuania",2007,55.057554525745
"982","Lithuania",2008,55.9546631057383
"983","Lithuania",2009,56.8517716857316
"984","Lithuania",2010,57.7488802657249
"985","Lithuania",2011,58.645988845718
"986","Luxembourg",2001,27.2312783144231
"987","Luxembourg",2002,27.5459564427537
"988","Luxembourg",2003,27.860634571084
"989","Luxembourg",2004,28.1753126994145
"990","Luxembourg",2005,28.4899908277448
"991","Luxembourg",2006,28.8046689560753
"992","Luxembourg",2007,29.1193470844056
"993","Luxembourg",2008,29.4340252127361
"994","Luxembourg",2009,29.7487033410665
"995","Luxembourg",2010,30.0633814693969
"996","Luxembourg",2011,30.3780595977273
"997","Madagascar",1992,21.6710992599545
"998","Madagascar",1993,21.406188721842
"999","Madagascar",1994,21.4798309029658
"1000","Madagascar",1995,21.5534730840896
"1001","Madagascar",1996,21.6271152652134
"1002","Madagascar",1997,21.556771664815
"1003","Madagascar",1998,21.774399627461
"1004","Madagascar",1999,21.8480418085848
"1005","Madagascar",2000,21.9216839897086
"1006","Madagascar",2001,21.9953261708325
"1007","Madagascar",2002,22.0689683519563
"1008","Madagascar",2003,22.1426105330801
"1009","Madagascar",2004,21.6797222739228
"1010","Madagascar",2005,22.2898948953277
"1011","Madagascar",2006,22.3635370764515
"1012","Madagascar",2007,22.4371792575753
"1013","Madagascar",2008,22.5108214386991
"1014","Madagascar",2009,22.2539697987178
"1015","Madagascar",2010,22.6581058009468
"1016","Madagascar",2011,23.4042053057428
"1017","Malawi",1987,33.610286525555
"1018","Malawi",1988,29.6176339030174
"1019","Malawi",1989,29.4853452533419
"1020","Malawi",1990,29.3530566036664
"1021","Malawi",1991,29.2207679539909
"1022","Malawi",1992,24.5700680865506
"1023","Malawi",1993,28.9561906546399
"1024","Malawi",1994,28.8239020049644
"1025","Malawi",1995,28.6916133552889
"1026","Malawi",1996,28.5593247056134
"1027","Malawi",1997,28.4270360559379
"1028","Malawi",1998,30.9419308306653
"1029","Malawi",1999,28.1624587565869
"1030","Malawi",2000,26.5236193426683
"1031","Malawi",2001,27.8978814572359
"1032","Malawi",2002,27.7655928075604
"1033","Malawi",2003,27.6333041578849
"1034","Malawi",2004,24.6650930966623
"1035","Malawi",2005,27.3687268585338
"1036","Malawi",2006,27.2364382088583
"1037","Malawi",2007,27.1041495591828
"1038","Malawi",2008,27.2158465650055
"1039","Malawi",2009,26.8395722598318
"1040","Malawi",2010,28.0509354616525
"1041","Malawi",2011,26.5749949604808
"1042","Malawi",2012,26.4427063108053
"1043","Malawi",2013,26.3104176611298
"1044","Malawi",2014,22.3765267097543
"1045","Malawi",2015,30.6131421527746
"1046","Malaysia",1991,18.4830373164908
"1047","Malaysia",1992,17.9637166868049
"1048","Malaysia",1993,17.4443960571193
"1049","Malaysia",1994,16.9250754274337
"1050","Malaysia",1995,16.4057547977482
"1051","Malaysia",1996,15.8864341680624
"1052","Malaysia",1997,15.3671135383768
"1053","Malaysia",1998,14.8477929086912
"1054","Malaysia",1999,14.3284722790056
"1055","Malaysia",2000,13.80915164932
"1056","Maldives",2009,35.0335479546286
"1057","Maldives",2010,36.0762241435764
"1058","Maldives",2011,37.1189003325239
"1059","Maldives",2012,38.1615765214719
"1060","Maldives",2013,39.2042527104195
"1061","Maldives",2014,40.2469288993672
"1062","Mali",1987,13.8594228004865
"1063","Mali",1988,12.2073755524132
"1064","Mali",1989,12.1492304205419
"1065","Mali",1990,12.0910852886706
"1066","Mali",1991,12.0329401567992
"1067","Mali",1992,11.9747950249279
"1068","Mali",1993,11.9166498930566
"1069","Mali",1994,11.8585047611853
"1070","Mali",1995,11.800359629314
"1071","Mali",1996,8.29896092890407
"1072","Mali",1997,11.6840693655713
"1073","Mali",1998,11.8875973785087
"1074","Mali",1999,11.5677791018287
"1075","Mali",2000,11.5096339699574
"1076","Mali",2001,11.3228064744998
"1077","Mali",2002,11.3933437062148
"1078","Mali",2003,11.3351985743434
"1079","Mali",2004,11.2770534424721
"1080","Mali",2005,11.2189083106008
"1081","Mali",2006,12.2808359835191
"1082","Mali",2007,11.1026180468582
"1083","Mali",2008,11.0444729149869
"1084","Mali",2009,13.0783775614349
"1085","Mali",2010,10.9281826512442
"1086","Mali",2011,10.8700375193729
"1087","Mali",2012,9.31613047550694
"1088","Malta",1995,20.9668644699068
"1089","Malta",1996,22.30057670867
"1090","Malta",1997,22.6480580828663
"1091","Malta",1998,22.9955394570627
"1092","Malta",1999,23.3430208312592
"1093","Malta",2000,23.6905022054556
"1094","Malta",2001,24.037983579652
"1095","Malta",2002,24.3854649538484
"1096","Malta",2003,24.7329463280448
"1097","Malta",2004,25.0804277022412
"1098","Malta",2005,28.0578580486162
"1099","Malta",2006,25.7753904506341
"1100","Malta",2007,26.1228718248304
"1101","Malta",2008,26.4703531990269
"1102","Malta",2009,26.8178345732233
"1103","Malta",2010,27.1653159474197
"1104","Malta",2011,25.8690792140046
"1105","Mauritius",2000,17.4833104956563
"1106","Mauritius",2001,17.8015775117565
"1107","Mauritius",2002,18.1198445278565
"1108","Mauritius",2003,18.4381115439564
"1109","Mauritius",2004,18.7563785600563
"1110","Mauritius",2005,19.0746455761563
"1111","Mauritius",2006,19.3929125922563
"1112","Mauritius",2007,19.7111796083562
"1113","Mauritius",2008,20.0294466244562
"1114","Mauritius",2009,20.3477136405561
"1115","Mauritius",2010,20.6659806566561
"1116","Mauritius",2011,20.9842476727559
"1117","Mexico",1990,17.1515155192079
"1118","Mexico",1991,16.6813120309534
"1119","Mexico",1992,17.1487473750777
"1120","Mexico",1993,17.616182719202
"1121","Mexico",1994,18.0836180633263
"1122","Mexico",1995,17.8210708927038
"1123","Mexico",1996,19.0184887515748
"1124","Mexico",1997,19.485924095699
"1125","Mexico",1998,19.9533594398233
"1126","Mexico",1999,20.4207947839476
"1127","Mexico",2000,20.6414740883007
"1128","Mexico",2001,21.3556654721962
"1129","Mexico",2002,21.8231008163204
"1130","Mexico",2003,22.2905361604446
"1131","Mexico",2004,22.7579715045689
"1132","Mexico",2005,23.2254068486932
"1133","Mexico",2006,23.6928421928175
"1134","Mexico",2007,24.1602775369417
"1135","Mexico",2008,24.627712881066
"1136","Mexico",2009,25.0951482251903
"1137","Mexico",2010,24.5345875857168
"1138","Mexico",2011,26.0300189134388
"1139","Mexico",2012,26.497454257563
"1140","Mexico",2013,26.9648896016873
"1141","Mexico",2014,27.4323249458116
"1142","Mexico",2015,28.9668559956715
"1143","Mongolia",1989,14.8703710605794
"1144","Mongolia",1990,15.0213138227231
"1145","Mongolia",1991,15.1722565848667
"1146","Mongolia",1992,15.3231993470102
"1147","Mongolia",1993,15.4741421091538
"1148","Mongolia",1994,15.6250848712974
"1149","Mongolia",1995,15.776027633441
"1150","Mongolia",1996,15.9269703955846
"1151","Mongolia",1997,16.0779131577282
"1152","Mongolia",1998,16.2288559198718
"1153","Mongolia",1999,16.3797986820153
"1154","Mongolia",2000,16.5307414441589
"1155","Montenegro",2011,23.7429906055909
"1156","Morocco",1992,16.2964090079124
"1157","Morocco",1993,16.0307369623566
"1158","Morocco",1994,15.6585600878951
"1159","Morocco",1995,16.1467654515887
"1160","Morocco",1996,16.2047796962048
"1161","Morocco",1997,16.2627939408208
"1162","Morocco",1998,16.3208081854369
"1163","Morocco",1999,16.378822430053
"1164","Morocco",2000,16.436836674669
"1165","Morocco",2001,16.4948509192851
"1166","Morocco",2002,16.5528651639011
"1167","Morocco",2003,17.0285551172299
"1168","Morocco",2004,16.3577227733262
"1169","Mozambique",1997,28.6387279663371
"1170","Mozambique",1998,27.1127188453112
"1171","Mozambique",1999,27.6237224953151
"1172","Mozambique",2000,28.1347261453188
"1173","Mozambique",2001,28.6457297953227
"1174","Mozambique",2002,29.1567334453265
"1175","Mozambique",2003,26.4273595037219
"1176","Mozambique",2004,30.1787407453342
"1177","Mozambique",2005,30.689744395338
"1178","Mozambique",2006,31.2007480453419
"1179","Mozambique",2007,30.9680593728054
"1180","Mozambique",2008,32.2227553453495
"1181","Mozambique",2009,32.9235646096579
"1182","Mozambique",2010,33.2447626453572
"1183","Mozambique",2011,35.5130178241753
"1184","Myanmar",2016,22.4666412256213
"1185","Namibia",1992,30.8523154656601
"1186","Namibia",1993,33.9409501586224
"1187","Namibia",1994,34.5570857782627
"1188","Namibia",1995,35.1732213979033
"1189","Namibia",1996,35.7893570175436
"1190","Namibia",1997,36.4054926371841
"1191","Namibia",1998,37.0216282568244
"1192","Namibia",1999,37.637763876465
"1193","Namibia",2000,41.5795980500689
"1194","Namibia",2001,38.8700351157456
"1195","Namibia",2002,39.4861707353862
"1196","Namibia",2003,40.1023063550265
"1197","Namibia",2004,40.718441974667
"1198","Namibia",2005,41.3345775943073
"1199","Namibia",2006,41.9507132139479
"1200","Namibia",2007,44.014915389959
"1201","Namibia",2008,43.1829844532285
"1202","Namibia",2009,43.7991200728691
"1203","Namibia",2010,44.4152556925094
"1204","Namibia",2011,45.0313913121499
"1205","Namibia",2012,45.6475269317903
"1206","Namibia",2013,43.9623965144175
"1207","Nepal",1996,12.3544187283688
"1208","Nepal",1997,13.01545432539
"1209","Nepal",1998,14.0039127733826
"1210","Nepal",1999,14.9923712213752
"1211","Nepal",2000,15.9808296693677
"1212","Nepal",2001,15.5135080939675
"1213","Nepal",2002,17.9577465653526
"1214","Nepal",2003,18.9462050133452
"1215","Nepal",2004,19.9346634613378
"1216","Nepal",2005,20.9231219093303
"1217","Nepal",2006,23.3695570611951
"1218","Nepal",2007,22.9000388053155
"1219","Nepal",2008,23.8884972533081
"1220","Nepal",2009,24.8769557013006
"1221","Nepal",2010,25.8654141492932
"1222","Nepal",2011,26.9955678558294
"1223","Nepal",2012,27.8423310452783
"1224","Nepal",2013,28.8307894932709
"1225","Nepal",2014,29.8192479412635
"1226","Nepal",2015,30.8077063892561
"1227","Nepal",2016,31.3248500472519
"1228","New Zealand",2001,54.7311910318912
"1229","New Zealand",2002,54.9844241603924
"1230","New Zealand",2003,55.2376572888936
"1231","New Zealand",2004,55.4908904173947
"1232","New Zealand",2005,55.7441235458959
"1233","New Zealand",2006,55.9973566743971
"1234","Nicaragua",1995,26.7483403098088
"1235","Nicaragua",1996,28.5950702468219
"1236","Nicaragua",1997,28.9001099752941
"1237","Nicaragua",1998,30.9390376692637
"1238","Nicaragua",1999,29.5101894322382
"1239","Nicaragua",2000,29.8152291607103
"1240","Nicaragua",2001,30.9401904709143
"1241","Nicaragua",2002,30.4253086176544
"1242","Nicaragua",2003,30.7303483461266
"1243","Nicaragua",2004,31.0353880745986
"1244","Nicaragua",2005,30.3283084643822
"1245","Niger",1992,9.56670186516946
"1246","Niger",1993,10.9905366065889
"1247","Niger",1994,11.3545789400201
"1248","Niger",1995,11.7186212734515
"1249","Niger",1996,12.0826636068829
"1250","Niger",1997,12.4467059403141
"1251","Niger",1998,13.1346362536111
"1252","Niger",1999,13.1747906071769
"1253","Niger",2000,13.5388329406082
"1254","Niger",2001,13.9028752740395
"1255","Niger",2002,14.2669176074709
"1256","Niger",2003,14.6309599409022
"1257","Niger",2004,14.9950022743335
"1258","Niger",2005,15.3590446077649
"1259","Niger",2006,18.4999896814698
"1260","Niger",2007,16.0871292746276
"1261","Niger",2008,16.4511716080589
"1262","Niger",2009,16.8152139414902
"1263","Niger",2010,17.1792562749216
"1264","Niger",2011,17.5432986083529
"1265","Niger",2012,15.866342629633
"1266","Nigeria",1990,14.2332774439214
"1267","Nigeria",1991,15.4570143602226
"1268","Nigeria",1992,15.5111693354729
"1269","Nigeria",1993,15.5653243107232
"1270","Nigeria",1994,15.6194792859735
"1271","Nigeria",1995,15.6736342612238
"1272","Nigeria",1996,15.727789236474
"1273","Nigeria",1997,15.7819442117243
"1274","Nigeria",1998,15.8360991869746
"1275","Nigeria",1999,16.9114193671072
"1276","Nigeria",2000,15.9444091374752
"1277","Nigeria",2001,15.9985641127255
"1278","Nigeria",2002,16.0527190879757
"1279","Nigeria",2003,16.5320193084038
"1280","Nigeria",2004,16.1610290384763
"1281","Nigeria",2005,16.2151840137266
"1282","Nigeria",2006,17.232872980594
"1283","Nigeria",2007,15.8611562654596
"1284","Nigeria",2008,17.0729667408573
"1285","Nigeria",2009,16.4180049107451
"1286","Nigeria",2010,15.3584515467236
"1287","Nigeria",2011,16.5401138652283
"1288","Nigeria",2012,16.5942688404786
"1289","Nigeria",2013,18.4880058667872
"1290","Nigeria",2014,16.7025787909792
"1291","Nigeria",2015,14.5852154591694
"1292","Norway",2001,38.7773839844857
"1293","Norway",2002,38.7515018673777
"1294","Norway",2003,38.7256197502698
"1295","Norway",2004,38.6997376331618
"1296","Norway",2005,38.6738555160538
"1297","Norway",2006,38.6479733989459
"1298","Norway",2007,38.6220912818379
"1299","Norway",2008,38.59620916473
"1300","Norway",2009,38.570327047622
"1301","Norway",2010,38.544444930514
"1302","Norway",2011,38.5185628134061
"1303","Oman",2003,11.223779434723
"1304","Pakistan",1991,7.14691612775983
"1305","Pakistan",1992,6.62989527444336
"1306","Pakistan",1993,6.83601986684789
"1307","Pakistan",1994,7.04214445925237
"1308","Pakistan",1995,7.24826905165691
"1309","Pakistan",1996,7.45439364406138
"1310","Pakistan",1997,7.66051823646592
"1311","Pakistan",1998,6.42746798225943
"1312","Pakistan",1999,8.07276742127493
"1313","Pakistan",2000,8.27889201367947
"1314","Pakistan",2001,8.48501660608395
"1315","Pakistan",2002,8.69114119848848
"1316","Pakistan",2003,8.89726579089296
"1317","Pakistan",2004,9.10339038329749
"1318","Pakistan",2005,9.30951497570203
"1319","Pakistan",2006,10.3268428385785
"1320","Pakistan",2007,9.72176416051104
"1321","Pakistan",2008,9.92788875291552
"1322","Pakistan",2009,10.1340133453201
"1323","Pakistan",2010,10.3401379377245
"1324","Pakistan",2011,10.5462625301291
"1325","Pakistan",2012,10.7523871225336
"1326","Pakistan",2013,10.8633378453562
"1327","Panama",1990,22.204241708868
"1328","Panama",1991,22.1438266412065
"1329","Panama",1992,22.4894442109656
"1330","Panama",1993,22.8350617807248
"1331","Panama",1994,23.180679350484
"1332","Panama",1995,23.5262969202431
"1333","Panama",1996,23.8719144900023
"1334","Panama",1997,24.2175320597614
"1335","Panama",1998,24.5631496295207
"1336","Panama",1999,24.9087671992799
"1337","Panama",2000,24.4423194941984
"1338","Panama",2001,25.6000023387982
"1339","Panama",2002,25.9456199085573
"1340","Panama",2003,26.2912374783165
"1341","Panama",2004,26.6368550480756
"1342","Panama",2005,26.9824726178348
"1343","Panama",2006,27.3280901875941
"1344","Panama",2007,27.6737077573532
"1345","Panama",2008,28.0193253271124
"1346","Panama",2009,28.3649428968715
"1347","Panama",2010,29.116593104051
"1348","Paraguay",1990,16.9866051693837
"1349","Paraguay",1991,18.8622500258816
"1350","Paraguay",1992,20.9803331094072
"1351","Paraguay",1993,20.1891574686065
"1352","Paraguay",1994,20.8526111899689
"1353","Paraguay",1995,21.5160649113313
"1354","Paraguay",1996,22.179518632694
"1355","Paraguay",1997,22.8429723540564
"1356","Paraguay",1998,23.5064260754189
"1357","Paraguay",1999,24.1698797967813
"1358","Paraguay",2000,24.8333335181437
"1359","Paraguay",2001,25.4967872395064
"1360","Paraguay",2002,25.9178027338418
"1361","Peru",1991,15.2418712110907
"1362","Peru",1992,18.1159624350854
"1363","Peru",1993,23.3231544152369
"1364","Peru",1994,18.8808282163725
"1365","Peru",1995,19.2632611070161
"1366","Peru",1996,18.0267596139391
"1367","Peru",1997,20.0281268883032
"1368","Peru",1998,20.4105597789468
"1369","Peru",1999,20.7929926695903
"1370","Peru",2000,19.4792451735339
"1371","Peru",2001,21.5578584508775
"1372","Peru",2002,21.9402913415209
"1373","Peru",2003,22.3227242321645
"1374","Peru",2004,22.7051571228081
"1375","Peru",2005,22.7487353149231
"1376","Peru",2006,23.4700229040952
"1377","Peru",2007,26.5595809883157
"1378","Peru",2008,24.2348886853824
"1379","Peru",2009,23.7485426770489
"1380","Peru",2010,23.8495199459576
"1381","Peru",2011,26.0368670971318
"1382","Peru",2012,25.742697447042
"1383","Philippines",1990,11.4206504084093
"1384","Philippines",1991,11.941392682898
"1385","Philippines",1992,12.2325561785079
"1386","Philippines",1993,14.0279070669045
"1387","Philippines",1994,12.8148831697279
"1388","Philippines",1995,12.204941899213
"1389","Philippines",1996,13.3972101609478
"1390","Philippines",1997,13.6883736565578
"1391","Philippines",1998,14.4391018468424
"1392","Philippines",1999,14.2707006477777
"1393","Philippines",2000,13.5294514953569
"1394","Philippines",2001,14.8530276389977
"1395","Philippines",2002,15.1441911346076
"1396","Philippines",2003,15.3686854551021
"1397","Philippines",2004,15.7265181258275
"1398","Philippines",2005,16.0176816214375
"1399","Philippines",2006,16.3088451170474
"1400","Philippines",2007,16.6000086126575
"1401","Philippines",2008,16.613379229102
"1402","Philippines",2009,17.1823356038774
"1403","Philippines",2010,17.4734990994873
"1404","Philippines",2011,17.7646625950973
"1405","Philippines",2012,18.0558260907072
"1406","Philippines",2013,18.8907957461719
"1407","Poland",2002,39.802696100484
"1408","Poland",2003,41.3895710477354
"1409","Poland",2004,42.9764459949861
"1410","Poland",2005,44.5633209422367
"1411","Poland",2006,46.1501958894878
"1412","Poland",2007,47.7370708367384
"1413","Poland",2008,49.3239457839895
"1414","Poland",2009,50.9108207312402
"1415","Poland",2010,52.4976956784913
"1416","Poland",2011,54.0845706257418
"1417","Portugal",1991,19.9189478513534
"1418","Portugal",1992,19.5851039805098
"1419","Portugal",1993,20.1731509307924
"1420","Portugal",1994,20.7611978810748
"1421","Portugal",1995,21.3492448313573
"1422","Portugal",1996,21.9372917816397
"1423","Portugal",1997,22.5253387319221
"1424","Portugal",1998,23.1133856822048
"1425","Portugal",1999,23.7014326324872
"1426","Portugal",2000,24.2894795827697
"1427","Portugal",2001,23.0337448908005
"1428","Portugal",2002,25.4655734833348
"1429","Portugal",2003,26.0536204336172
"1430","Portugal",2004,26.6416673838996
"1431","Portugal",2005,27.2297143341821
"1432","Portugal",2006,27.8177612844647
"1433","Portugal",2007,28.4058082347472
"1434","Portugal",2008,28.9938551850296
"1435","Portugal",2009,29.581902135312
"1436","Portugal",2010,30.1699490855947
"1437","Portugal",2011,31.6798868570029
"1438","Puerto Rico",1990,36.831391671954
"1439","Puerto Rico",1991,35.4940654301533
"1440","Puerto Rico",1992,36.3500440114508
"1441","Puerto Rico",1993,37.2060225927482
"1442","Puerto Rico",1994,38.0620011740457
"1443","Puerto Rico",1995,38.9179797553434
"1444","Puerto Rico",1996,39.7739583366408
"1445","Puerto Rico",1997,40.6299369179383
"1446","Puerto Rico",1998,41.4859154992357
"1447","Puerto Rico",1999,42.3418940805332
"1448","Puerto Rico",2000,38.5942560402751
"1449","Puerto Rico",2001,44.0538512431283
"1450","Puerto Rico",2002,44.9098298244257
"1451","Puerto Rico",2003,45.7658084057232
"1452","Puerto Rico",2004,46.6217869870209
"1453","Puerto Rico",2005,47.9117795190368
"1454","Puerto Rico",2006,48.3337441496158
"1455","Puerto Rico",2007,49.1897227309132
"1456","Puerto Rico",2008,50.0457013122107
"1457","Puerto Rico",2009,50.9016798935083
"1458","Puerto Rico",2010,53.7339563225447
"1459","Romania",1992,22.0834030782909
"1460","Romania",1993,22.4548034482806
"1461","Romania",1994,22.9529880084971
"1462","Romania",1995,23.4511725687137
"1463","Romania",1996,23.9493571289302
"1464","Romania",1997,24.4475416891466
"1465","Romania",1998,24.9457262493632
"1466","Romania",1999,25.4439108095797
"1467","Romania",2000,25.9420953697963
"1468","Romania",2001,26.4402799300128
"1469","Romania",2002,26.6708089775288
"1470","Romania",2003,27.4366490504459
"1471","Romania",2004,27.9348336106624
"1472","Romania",2005,28.433018170879
"1473","Romania",2006,28.9312027310955
"1474","Romania",2007,29.429387291312
"1475","Romania",2008,29.9275718515286
"1476","Romania",2009,30.4257564117451
"1477","Romania",2010,30.9239409719617
"1478","Romania",2011,31.5629968546521
"1479","Russian Federation",2002,50.0313300497284
"1480","Rwanda",1991,24.7024086610717
"1481","Rwanda",1992,20.7546791288863
"1482","Rwanda",1993,27.1890813979588
"1483","Rwanda",1994,27.5004347933566
"1484","Rwanda",1995,27.8117881887545
"1485","Rwanda",1996,28.1231415841522
"1486","Rwanda",1997,28.43449497955
"1487","Rwanda",1998,28.7458483749479
"1488","Rwanda",1999,29.0572017703456
"1489","Rwanda",2000,36.0948246629128
"1490","Rwanda",2001,29.6799085611412
"1491","Rwanda",2002,35.139408602155
"1492","Rwanda",2003,30.3026153519368
"1493","Rwanda",2004,30.6139687473346
"1494","Rwanda",2005,33.8637748969842
"1495","Rwanda",2006,31.2366755381302
"1496","Rwanda",2007,31.548028933528
"1497","Rwanda",2008,31.41713122839
"1498","Rwanda",2009,32.1707357243237
"1499","Rwanda",2010,33.2703603510901
"1500","Rwanda",2011,32.7934425151192
"1501","Rwanda",2012,28.9432065620317
"1502","Rwanda",2013,33.4161493059148
"1503","Rwanda",2014,33.7275027013126
"1504","Rwanda",2015,31.0285712370909
"1505","Sao Tome and Principe",2001,32.0975956413597
"1506","Sao Tome and Principe",2002,33.207614786033
"1507","Sao Tome and Principe",2003,34.053059521239
"1508","Sao Tome and Principe",2004,34.8985042564448
"1509","Sao Tome and Principe",2005,35.7439489916508
"1510","Sao Tome and Principe",2006,36.5893937268565
"1511","Sao Tome and Principe",2007,37.4348384620625
"1512","Sao Tome and Principe",2008,39.0078628233056
"1513","Sao Tome and Principe",2009,39.1257279324741
"1514","Sao Tome and Principe",2010,39.9711726676801
"1515","Sao Tome and Principe",2011,40.8166174028859
"1516","Sao Tome and Principe",2012,41.1990569215224
"1517","Senegal",1988,14.9481209993805
"1518","Senegal",1989,13.205963436802
"1519","Senegal",1990,13.7696824732357
"1520","Senegal",1991,14.3334015096693
"1521","Senegal",1992,14.897120546103
"1522","Senegal",1993,15.8163265306122
"1523","Senegal",1994,16.0245586189703
"1524","Senegal",1995,16.5882776554038
"1525","Senegal",1996,17.1519966918374
"1526","Senegal",1997,18.1742046988928
"1527","Senegal",1998,18.2794347647048
"1528","Senegal",1999,18.8431538011384
"1529","Senegal",2000,19.4068728375719
"1530","Senegal",2001,19.9705918740055
"1531","Senegal",2002,17.215853273183
"1532","Senegal",2003,21.0980299468729
"1533","Senegal",2004,21.6617489833066
"1534","Senegal",2005,23.0887038441395
"1535","Senegal",2006,21.662301451877
"1536","Senegal",2007,23.3529060926073
"1537","Senegal",2008,20.0540200237836
"1538","Senegal",2009,24.4803441654747
"1539","Senegal",2010,25.0440632019081
"1540","Senegal",2011,24.8134898508224
"1541","Senegal",2012,26.1715012747754
"1542","Senegal",2013,25.0649250467088
"1543","Senegal",2014,29.3650410431383
"1544","Senegal",2015,30.3932774425661
"1545","Senegal",2016,30.6191043232481
"1546","Serbia",2002,27.0012176789532
"1547","Serbia",2003,27.3579439452417
"1548","Serbia",2004,27.71467021153
"1549","Serbia",2005,28.0713964778183
"1550","Serbia",2006,28.4281227441068
"1551","Serbia",2007,28.7848490103951
"1552","Serbia",2008,29.1415752766834
"1553","Serbia",2009,29.4983015429718
"1554","Serbia",2010,29.8550278092602
"1555","Serbia",2011,30.2117540755485
"1556","Seychelles",2002,49.120446025185
"1557","Sierra Leone",2004,25.9036585365854
"1558","Sierra Leone",2005,24.5420206290721
"1559","Sierra Leone",2006,24.8151567417694
"1560","Sierra Leone",2007,25.0882928544669
"1561","Sierra Leone",2008,22.4188357307851
"1562","Sierra Leone",2009,25.6345650798615
"1563","Sierra Leone",2010,25.9077011925589
"1564","Sierra Leone",2011,26.1808373052562
"1565","Sierra Leone",2012,26.4539734179536
"1566","Sierra Leone",2013,28.0349287468191
"1567","Singapore",2000,17.6526898993542
"1568","Singapore",2001,18.0492123084692
"1569","Singapore",2002,18.4457347175844
"1570","Singapore",2003,18.8422571266995
"1571","Singapore",2004,19.2387795358146
"1572","Singapore",2005,19.6353019449298
"1573","Singapore",2006,20.0318243540448
"1574","Singapore",2007,20.42834676316
"1575","Singapore",2008,20.824869172275
"1576","Singapore",2009,21.2213915813902
"1577","Singapore",2010,21.6179139905054
"1578","Sint Maarten (Dutch part)",2011,38.6650070017115
"1579","Slovenia",2002,49.0690578615589
"1580","South Africa",1996,37.8486460756556
"1581","South Africa",1997,40.3168502746458
"1582","South Africa",1998,41.8591102067866
"1583","South Africa",1999,40.4578886100561
"1584","South Africa",2000,40.5284077777613
"1585","South Africa",2001,42.6024694631047
"1586","South Africa",2002,40.6694461131716
"1587","South Africa",2003,40.7399652808768
"1588","South Africa",2004,40.8104844485819
"1589","South Africa",2005,40.8810036162871
"1590","South Africa",2006,40.9515227839923
"1591","South Africa",2007,40.2213470405051
"1592","South Africa",2008,41.0925611194026
"1593","South Africa",2009,41.1630802871077
"1594","South Africa",2010,41.2335994548129
"1595","South Africa",2011,41.0272152829219
"1596","South Sudan",2008,42.5597644199871
"1597","Spain",1991,19.9314720565736
"1598","Spain",1992,21.6794083912027
"1599","Spain",1993,23.4273447258324
"1600","Spain",1994,25.1752810604621
"1601","Spain",1995,26.9232173950913
"1602","Spain",1996,28.671153729721
"1603","Spain",1997,30.4190900643507
"1604","Spain",1998,32.1670263989799
"1605","Spain",1999,33.9149627336096
"1606","Spain",2000,35.6628990682393
"1607","Spain",2001,37.4108354028685
"1608","Sudan",2008,26.8946544277314
"1609","Suriname",2004,30.955022962345
"1610","Switzerland",1990,27.5125452047882
"1611","Switzerland",1991,28.3915586336586
"1612","Switzerland",1992,29.2705720625288
"1613","Switzerland",1993,30.1495854913987
"1614","Switzerland",1994,31.0285989202689
"1615","Switzerland",1995,31.9076123491391
"1616","Switzerland",1996,32.7866257780092
"1617","Switzerland",1997,33.6656392068794
"1618","Switzerland",1998,34.5446526357496
"1619","Switzerland",1999,35.4236660646197
"1620","Switzerland",2000,36.3026794934897
"1621","Tajikistan",2012,21.3166187638692
"1622","Tanzania",1988,31.369917405104
"1623","Tanzania",1989,25.0438464183485
"1624","Tanzania",1990,25.0611390134504
"1625","Tanzania",1991,25.0784316085524
"1626","Tanzania",1992,18.5665064599323
"1627","Tanzania",1993,25.1130167987563
"1628","Tanzania",1994,25.1303093938582
"1629","Tanzania",1995,25.1476019889602
"1630","Tanzania",1996,21.7696951470441
"1631","Tanzania",1997,25.1821871791641
"1632","Tanzania",1998,25.199479774266
"1633","Tanzania",1999,23.1084391852519
"1634","Tanzania",2000,25.2340649644699
"1635","Tanzania",2001,25.2513575595719
"1636","Tanzania",2002,32.8084658831967
"1637","Tanzania",2003,25.2859427497758
"1638","Tanzania",2004,23.8367120383763
"1639","Tanzania",2005,25.3205279399797
"1640","Tanzania",2006,25.3378205350816
"1641","Tanzania",2007,24.4318416765363
"1642","Tanzania",2008,25.3724057252855
"1643","Tanzania",2009,25.3896983203875
"1644","Tanzania",2010,24.4029057370916
"1645","Tanzania",2011,25.4242835105914
"1646","Tanzania",2012,27.9962631278746
"1647","Tanzania",2013,25.4588687007953
"1648","Tanzania",2014,25.4761612958972
"1649","Tanzania",2015,24.4822178618403
"1650","Thailand",1990,19.3773727490301
"1651","Thailand",1991,19.6567874482298
"1652","Thailand",1992,20.4230444807674
"1653","Thailand",1993,21.1893015133048
"1654","Thailand",1994,21.9555585458422
"1655","Thailand",1995,22.7218155783798
"1656","Thailand",1996,23.4880726109172
"1657","Thailand",1997,24.2543296434546
"1658","Thailand",1998,25.0205866759923
"1659","Thailand",1999,25.7868437085297
"1660","Thailand",2000,25.5794160743946
"1661","Thailand",2001,27.3193577736047
"1662","Thailand",2002,28.0856148061421
"1663","Thailand",2003,28.8518718386795
"1664","Thailand",2004,29.6181288712171
"1665","Thailand",2005,30.3843859037545
"1666","Thailand",2006,31.1506429362919
"1667","Thailand",2007,31.9168999688295
"1668","Thailand",2008,32.6831570013669
"1669","Thailand",2009,33.4494140339043
"1670","Thailand",2010,34.7025133997786
"1671","Timor-Leste",2004,18.9262522953191
"1672","Timor-Leste",2005,17.6015449529177
"1673","Timor-Leste",2006,16.2768376105164
"1674","Timor-Leste",2007,14.9521302681155
"1675","Timor-Leste",2008,13.6274229257142
"1676","Timor-Leste",2009,12.3027155833131
"1677","Togo",1998,24.2621134908243
"1678","Togo",1999,24.4630063609172
"1679","Togo",2000,24.66389923101
"1680","Togo",2001,24.8647921011029
"1681","Togo",2002,25.0656849711957
"1682","Togo",2003,25.2665778412885
"1683","Togo",2004,25.4674707113813
"1684","Togo",2005,25.6683635814741
"1685","Togo",2006,25.8692564515669
"1686","Togo",2007,26.0701493216598
"1687","Togo",2008,26.2710421917525
"1688","Togo",2009,26.4719350618454
"1689","Togo",2010,26.6728279319382
"1690","Togo",2011,26.873720802031
"1691","Togo",2012,27.0746136721238
"1692","Togo",2013,27.2755065422166
"1693","Togo",2014,27.4763994123094
"1694","Trinidad and Tobago",1990,28.2373116357135
"1695","Trinidad and Tobago",1991,28.3145992586541
"1696","Trinidad and Tobago",1992,28.5325139053505
"1697","Trinidad and Tobago",1993,28.750428552047
"1698","Trinidad and Tobago",1994,28.9683431987434
"1699","Trinidad and Tobago",1995,29.1862578454398
"1700","Trinidad and Tobago",1996,29.4041724921362
"1701","Trinidad and Tobago",1997,29.6220871388326
"1702","Trinidad and Tobago",1998,29.840001785529
"1703","Trinidad and Tobago",1999,30.0579164322254
"1704","Trinidad and Tobago",2000,30.0073613062973
"1705","Trinidad and Tobago",2001,30.4937457256182
"1706","Trinidad and Tobago",2002,30.7116603723146
"1707","Trinidad and Tobago",2003,30.9295750190111
"1708","Trinidad and Tobago",2004,31.1474896657074
"1709","Trinidad and Tobago",2005,31.3654043124039
"1710","Trinidad and Tobago",2006,31.5833189591003
"1711","Trinidad and Tobago",2007,31.8012336057967
"1712","Trinidad and Tobago",2008,32.0191482524931
"1713","Trinidad and Tobago",2009,32.2370628991895
"1714","Trinidad and Tobago",2010,32.4549775458859
"1715","Trinidad and Tobago",2011,32.8007349414511
"1716","Turkey",1985,7.01931172434317
"1717","Turkey",1986,7.21681579927827
"1718","Turkey",1987,7.49211280388033
"1719","Turkey",1988,7.7674098084824
"1720","Turkey",1989,8.04270681308435
"1721","Turkey",1990,7.90815466274592
"1722","Turkey",1991,8.59330082228848
"1723","Turkey",1992,8.86859782689044
"1724","Turkey",1993,9.75706157979645
"1725","Turkey",1994,9.41919183609457
"1726","Turkey",1995,9.69448884069664
"1727","Turkey",1996,9.96978584529859
"1728","Turkey",1997,10.2450828499007
"1729","Turkey",1998,10.3459313177233
"1730","Turkey",1999,10.7956768591047
"1731","Turkey",2000,10.7113937374156
"1732","Turkey",2001,11.3462708683088
"1733","Turkey",2002,11.6215678729108
"1734","Turkey",2003,11.8968648775128
"1735","Turkey",2004,12.4250800221556
"1736","Uganda",1991,28.4640384119886
"1737","Uganda",1992,25.8652251547561
"1738","Uganda",1993,26.0183400212774
"1739","Uganda",1994,26.1714548877986
"1740","Uganda",1995,24.3418167823032
"1741","Uganda",1996,26.4776846208412
"1742","Uganda",1997,26.6307994873624
"1743","Uganda",1998,26.7839143538837
"1744","Uganda",1999,26.9370292204049
"1745","Uganda",2000,27.4510360243711
"1746","Uganda",2001,27.2432589534474
"1747","Uganda",2002,23.0746615386898
"1748","Uganda",2003,27.54948868649
"1749","Uganda",2004,27.7026035530112
"1750","Uganda",2005,27.8557184195325
"1751","Uganda",2006,29.9233773429887
"1752","Uganda",2007,28.161948152575
"1753","Uganda",2008,28.3150630190963
"1754","Uganda",2009,29.7686867761316
"1755","Uganda",2010,28.6212927521388
"1756","Uganda",2011,29.5530572525817
"1757","Uganda",2012,28.9275224851813
"1758","Uganda",2013,29.0806373517025
"1759","Uganda",2014,26.9472818605887
"1760","Uganda",2015,29.3868670847451
"1761","Uganda",2016,31.0243949196273
"1762","Ukraine",2007,49.4904994206808
"1763","United Kingdom",1991,30.7045328382369
"1764","United Kingdom",1992,31.1828449490779
"1765","United Kingdom",1993,31.6611570599184
"1766","United Kingdom",1994,32.1394691707591
"1767","United Kingdom",1995,32.6177812815996
"1768","United Kingdom",1996,33.0960933924401
"1769","United Kingdom",1997,33.5744055032808
"1770","United Kingdom",1998,34.0527176141213
"1771","United Kingdom",1999,34.5310297249619
"1772","United Kingdom",2000,35.0093418358024
"1773","United Kingdom",2001,35.487653946643
"1774","United Kingdom",2002,35.9659660574836
"1775","United Kingdom",2003,36.4442781683241
"1776","United Kingdom",2004,36.9225902791648
"1777","United Kingdom",2005,37.4009023900053
"1778","United Kingdom",2006,37.8792145008458
"1779","United Kingdom",2007,38.3575266116864
"1780","United Kingdom",2008,38.835838722527
"1781","United Kingdom",2009,39.3141508333675
"1782","United Kingdom",2010,39.7924629442081
"1783","United Kingdom",2011,40.2707750550486
"1784","United States",1990,32.4989236637244
"1785","United States",1991,31.8293656801829
"1786","United States",1992,32.608794276548
"1787","United States",1993,33.3882228729133
"1788","United States",1994,34.1676514692783
"1789","United States",1995,34.9470800656436
"1790","United States",1996,35.7265086620087
"1791","United States",1997,36.5059372583739
"1792","United States",1998,37.285365854739
"1793","United States",1999,38.0647944511043
"1794","United States",2000,34.9015583517502
"1795","United States",2001,39.6236516438346
"1796","United States",2002,40.4030802401999
"1797","United States",2003,41.1825088365649
"1798","United States",2004,41.9619374329302
"1799","United States",2005,44.8307491011074
"1800","United States",2006,43.5207946256605
"1801","United States",2007,44.3002232220256
"1802","United States",2008,45.0796518183909
"1803","United States",2009,45.8590804147559
"1804","United States",2010,47.0428040551218
"1805","Uruguay",1985,23.0041943781429
"1806","Uruguay",1986,22.0701672778796
"1807","Uruguay",1987,22.9091282007521
"1808","Uruguay",1988,23.7480891236248
"1809","Uruguay",1989,24.5870500464973
"1810","Uruguay",1990,25.4260109693698
"1811","Uruguay",1991,26.2649718922423
"1812","Uruguay",1992,27.1039328151148
"1813","Uruguay",1993,27.9428937379873
"1814","Uruguay",1994,28.7818546608598
"1815","Uruguay",1995,29.6208155837323
"1816","Uruguay",1996,29.2858687036103
"1817","Uruguay",1997,31.2987374294773
"1818","Uruguay",1998,32.1376983523498
"1819","Uruguay",1999,32.9766592752223
"1820","Uruguay",2000,33.8156201980948
"1821","Uruguay",2001,34.6545811209674
"1822","Uruguay",2002,35.4935420438399
"1823","Uruguay",2003,36.3325029667124
"1824","Uruguay",2004,37.1714638895849
"1825","Uruguay",2005,38.0104248124574
"1826","Uruguay",2006,33.1515714240071
"1827","Uruguay",2007,39.6883466582024
"1828","Uruguay",2008,40.5273075810749
"1829","Uruguay",2009,41.3662685039474
"1830","Uruguay",2010,42.2052294268199
"1831","Uruguay",2011,48.1429244408736
"1832","Uzbekistan",1996,22.2433492657328
"1833","Venezuela, RB",1990,24.2274366322629
"1834","Venezuela, RB",1991,24.6996986157562
"1835","Venezuela, RB",1992,25.1719605992495
"1836","Venezuela, RB",1993,25.6442225827426
"1837","Venezuela, RB",1994,26.1164845662358
"1838","Venezuela, RB",1995,26.588746549729
"1839","Venezuela, RB",1996,27.0610085332221
"1840","Venezuela, RB",1997,27.5332705167153
"1841","Venezuela, RB",1998,28.0055325002085
"1842","Venezuela, RB",1999,28.4777944837017
"1843","Venezuela, RB",2000,28.9500564671948
"1844","Venezuela, RB",2001,29.4223184506879
"1845","Yemen, Rep.",1991,12.1964726069865
"1846","Yemen, Rep.",1992,11.9956393704238
"1847","Yemen, Rep.",1993,11.7948061338612
"1848","Yemen, Rep.",1994,11.5939728972987
"1849","Yemen, Rep.",1995,11.3931396607361
"1850","Yemen, Rep.",1996,11.1923064241736
"1851","Yemen, Rep.",1997,10.991473187611
"1852","Yemen, Rep.",1998,10.7906399510484
"1853","Yemen, Rep.",1999,10.5898067144859
"1854","Yemen, Rep.",2000,10.3889734779233
"1855","Yemen, Rep.",2001,10.1881402413608
"1856","Yemen, Rep.",2002,9.9873070047982
"1857","Yemen, Rep.",2003,9.78647376823562
"1858","Yemen, Rep.",2004,9.58564053167311
"1859","Yemen, Rep.",2005,9.38480729511053
"1860","Yemen, Rep.",2006,9.18397405854796
"1861","Yemen, Rep.",2007,8.98314082198539
"1862","Yemen, Rep.",2008,8.78230758542287
"1863","Yemen, Rep.",2009,8.5814743488603
"1864","Yemen, Rep.",2010,8.38064111229772
"1865","Yemen, Rep.",2011,8.17980787573515
"1866","Yemen, Rep.",2012,7.97897463917263
"1867","Yemen, Rep.",2013,7.77814140261017
"1868","Zambia",1990,24.7142779236361
"1869","Zambia",1991,20.44510855934
"1870","Zambia",1992,16.2383255446851
"1871","Zambia",1993,20.824906489573
"1872","Zambia",1994,21.0148054546894
"1873","Zambia",1995,21.2047044198059
"1874","Zambia",1996,23.0846427699944
"1875","Zambia",1997,21.5845023500387
"1876","Zambia",1998,21.7744013151552
"1877","Zambia",1999,21.9643002802717
"1878","Zambia",2000,19.0567128998112
"1879","Zambia",2001,22.3440982105046
"1880","Zambia",2002,22.6290964898256
"1881","Zambia",2003,22.7238961407375
"1882","Zambia",2004,22.9137951058539
"1883","Zambia",2005,23.1036940709704
"1884","Zambia",2006,23.2935930360869
"1885","Zambia",2007,24.2790555630127
"1886","Zambia",2008,23.6733909663197
"1887","Zambia",2009,23.8632899314362
"1888","Zambia",2010,22.5494986025088
"1889","Zambia",2011,24.2430878616691
"1890","Zambia",2012,24.4329868267856
"1891","Zambia",2013,26.5809738207953
"1892","Zimbabwe",1994,32.7471139306711
"1893","Zimbabwe",1995,32.9256728359637
"1894","Zimbabwe",1996,33.4343380566473
"1895","Zimbabwe",1997,33.9430032773309
"1896","Zimbabwe",1998,34.4516684980147
"1897","Zimbabwe",1999,33.4434766708876
"1898","Zimbabwe",2000,35.4689989393819
"1899","Zimbabwe",2001,35.9776641600655
"1900","Zimbabwe",2002,36.4863293807491
"1901","Zimbabwe",2003,36.9949946014328
"1902","Zimbabwe",2004,37.5036598221164
"1903","Zimbabwe",2005,37.7397662576783
"1904","Zimbabwe",2006,38.5209902634837
"1905","Zimbabwe",2007,39.0296554841673
"1906","Zimbabwe",2008,39.538320704851
"1907","Zimbabwe",2009,40.0469859255346
"1908","Zimbabwe",2010,44.5682647448149
"1909","Zimbabwe",2011,41.0643163669018
"1910","Zimbabwe",2012,41.5729815875854
"1911","Zimbabwe",2013,42.0816468082692
"1912","Zimbabwe",2014,42.5903120289527
"1913","Zimbabwe",2015,40.5456731685815
