"","Country","Year","rural_population_percent"
"1","Albania",1987,0.732674663169965
"2","Albania",1988,0.728796900192852
"3","Albania",1989,0.735179717034813
"4","Albania",1992,0.721894872667893
"5","Albania",1993,0.71506582300936
"6","Albania",1994,0.693965993764787
"7","Albania",1995,0.670725469888589
"8","Albania",1996,0.652171399166247
"9","Albania",1997,0.634086711420847
"10","Albania",1998,0.616827225801698
"11","Albania",1999,0.603665180161343
"12","Albania",2000,0.643577354512265
"13","Albania",2001,0.629285012592209
"14","Albania",2002,0.611524598771126
"15","Albania",2003,0.592408392611632
"16","Albania",2004,0.5722141139871
"17","Albania",2005,0.576357883262477
"18","Albania",2006,0.56171279742261
"19","Albania",2007,0.547808666429632
"20","Albania",2008,0.534599174482964
"21","Albania",2009,0.521630265983328
"22","Albania",2010,0.509316066440889
"23","Antigua and Barbuda",1985,0.724634438673592
"24","Antigua and Barbuda",1986,0.72882766724878
"25","Antigua and Barbuda",1987,0.729730178221765
"26","Antigua and Barbuda",1988,0.728800470074708
"27","Antigua and Barbuda",1989,0.727189858032715
"28","Antigua and Barbuda",1990,0.725844779641021
"29","Antigua and Barbuda",1991,0.719215166818445
"30","Antigua and Barbuda",1992,0.71942923779599
"31","Antigua and Barbuda",1993,0.721192115736939
"32","Antigua and Barbuda",1994,0.724037205011915
"33","Antigua and Barbuda",1995,0.727287686807187
"34","Antigua and Barbuda",1998,0.742336554703292
"35","Antigua and Barbuda",1999,0.748229111643845
"36","Antigua and Barbuda",2000,0.753129687894115
"37","Antigua and Barbuda",2001,0.758974090825904
"38","Antigua and Barbuda",2002,0.7660750879635
"39","Antigua and Barbuda",2003,0.771685376117164
"40","Antigua and Barbuda",2004,0.776739460381571
"41","Antigua and Barbuda",2005,0.781772057913625
"42","Antigua and Barbuda",2006,0.786456681386781
"43","Antigua and Barbuda",2007,0.791416061203869
"44","Antigua and Barbuda",2008,0.796615800840117
"45","Antigua and Barbuda",2009,0.801864037655434
"46","Antigua and Barbuda",2012,0.812522546897547
"47","Antigua and Barbuda",2013,0.813388282468256
"48","Antigua and Barbuda",2014,0.81444989982166
"49","Antigua and Barbuda",2015,0.815562085101752
"50","Argentina",1985,0.167834461594546
"51","Argentina",1986,0.164851192727636
"52","Argentina",1987,0.160687871450543
"53","Argentina",1988,0.154630805615699
"54","Argentina",1989,0.150481598826507
"55","Argentina",1990,0.146440074578133
"56","Argentina",1991,0.141995505451997
"57","Argentina",1992,0.139547446878809
"58","Argentina",1993,0.137081613088947
"59","Argentina",1994,0.134604831433111
"60","Argentina",1995,0.132140150320616
"61","Argentina",1996,0.129661268327593
"62","Argentina",1997,0.126739674313385
"63","Argentina",1998,0.124366842648011
"64","Argentina",1999,0.122046592927904
"65","Argentina",2000,0.119804496781263
"66","Argentina",2001,0.117567587871046
"67","Argentina",2002,0.115515340430932
"68","Argentina",2003,0.113587059449476
"69","Argentina",2004,0.111682621814452
"70","Argentina",2005,0.109770637461211
"71","Argentina",2006,0.107931267469396
"72","Argentina",2007,0.106035487388262
"73","Argentina",2008,0.104106872847827
"74","Argentina",2009,0.102212627040604
"75","Argentina",2010,0.100387256474488
"76","Argentina",2011,0.0987297629876467
"77","Argentina",2012,0.0972319465235987
"78","Argentina",2013,0.0957990923419122
"79","Argentina",2014,0.0943640781538992
"80","Argentina",2015,0.0929280062469104
"81","Armenia",1990,0.386331941437832
"82","Armenia",1991,0.356405423918093
"83","Armenia",1992,0.344645224817836
"84","Armenia",1993,0.333592546310062
"85","Armenia",1994,0.324920698039472
"86","Armenia",1995,0.317164754540905
"87","Armenia",1996,0.310968846350329
"88","Armenia",1997,0.306458925777944
"89","Armenia",1998,0.303826221521579
"90","Armenia",1999,0.302396932891074
"91","Armenia",2000,0.30073691924666
"92","Armenia",2001,0.30092393970171
"93","Armenia",2002,0.359900094366377
"94","Armenia",2003,0.357852072846979
"95","Armenia",2006,0.387000492331601
"96","Armenia",2007,0.388823732851146
"97","Armenia",2008,0.347222623557164
"98","Armenia",2009,0.3915602358036
"99","Armenia",2010,0.393070316184059
"100","Armenia",2011,0.394772703527268
"101","Armenia",2012,0.376432726989757
"102","Armenia",2013,0.379217373824344
"103","Armenia",2014,0.382459695401048
"104","Armenia",2015,0.38521022159769
"105","Armenia",2016,0.449903626365293
"106","Aruba",1995,0.559267212089913
"107","Aruba",1999,0.574357722584976
"108","Aruba",2000,0.577060162834221
"109","Aruba",2001,0.579341282569788
"110","Aruba",2002,0.581321855354817
"111","Aruba",2003,0.583375710274382
"112","Aruba",2004,0.585557095823947
"113","Aruba",2005,0.588313115471199
"114","Aruba",2006,0.592017691436794
"115","Aruba",2007,0.59625586668776
"116","Aruba",2008,0.60093867004166
"117","Aruba",2009,0.605521330013925
"118","Aruba",2010,0.609334049070068
"119","Aruba",2011,0.609818932023584
"120","Australia",1985,0.156016332634072
"121","Australia",1986,0.156270702084383
"122","Australia",1987,0.156493991526668
"123","Australia",1988,0.156629452744597
"124","Australia",1989,0.156982315583066
"125","Australia",1990,0.157264050277469
"126","Australia",1991,0.157564894200955
"127","Australia",1992,0.158878565811179
"128","Australia",1993,0.160190155150265
"129","Australia",1994,0.161531586551078
"130","Australia",1995,0.162780866214915
"131","Australia",1996,0.163931733346749
"132","Australia",1997,0.165199597870103
"133","Australia",1998,0.166438340713675
"134","Australia",1999,0.167678483194054
"135","Australia",2000,0.168926964922089
"136","Australia",2001,0.170243602021832
"137","Australia",2002,0.168785413264051
"138","Australia",2003,0.167402083939031
"139","Australia",2004,0.165858833453057
"140","Australia",2006,0.165719716742371
"141","Australia",2007,0.160187694289235
"142","Australia",2008,0.159018003348159
"143","Australia",2009,0.157827405664426
"144","Australia",2010,0.156597073190574
"145","Australia",2011,0.157264533882938
"146","Australia",2012,0.156314377715241
"147","Australia",2013,0.155354855591256
"148","Australia",2014,0.154331885476871
"149","Australia",2015,0.153340983542578
"150","Austria",1985,0.379785786898554
"151","Austria",1986,0.382394667902769
"152","Austria",1987,0.384901164893667
"153","Austria",1988,0.387525437716279
"154","Austria",1989,0.39032724700101
"155","Austria",1990,0.393270195318885
"156","Austria",1991,0.396374577741174
"157","Austria",1992,0.39954258559809
"158","Austria",1993,0.402600096588853
"159","Austria",1994,0.405496885583258
"160","Austria",1995,0.408244529145325
"161","Austria",1996,0.410817770163685
"162","Austria",1997,0.413166431284018
"163","Austria",1998,0.415403954592276
"164","Austria",1999,0.417594533439307
"165","Austria",2000,0.419853916070892
"166","Austria",2001,0.422057666446047
"167","Austria",2002,0.424391100384048
"168","Austria",2003,0.427261522029041
"169","Austria",2004,0.43004996972896
"170","Austria",2005,0.432936755234328
"171","Austria",2006,0.435725295993148
"172","Austria",2007,0.438562653209532
"173","Austria",2008,0.441355670521304
"174","Austria",2009,0.444279684077869
"175","Austria",2010,0.447126670751122
"176","Austria",2011,0.450117552560322
"177","Austria",2012,0.449804433342294
"178","Austria",2013,0.447772765438357
"179","Austria",2014,0.445879496868139
"180","Austria",2015,0.444627439978188
"181","Austria",2016,0.491366974720193
"182","Azerbaijan",1990,0.537796982556363
"183","Azerbaijan",1991,0.538152872833613
"184","Azerbaijan",1992,0.543104900303764
"185","Azerbaijan",1993,0.548821974230594
"186","Azerbaijan",1994,0.553185678527621
"187","Azerbaijan",1995,0.556013328083482
"188","Azerbaijan",1996,0.560026610274799
"189","Azerbaijan",1997,0.565421002887561
"190","Azerbaijan",1998,0.547295930484366
"191","Azerbaijan",1999,0.548347750148071
"192","Azerbaijan",2000,0.527661976647857
"193","Azerbaijan",2001,0.522329672475436
"194","Azerbaijan",2002,0.51802483426577
"195","Azerbaijan",2003,0.515135448356165
"196","Azerbaijan",2004,0.513219460056284
"197","Azerbaijan",2007,0.511448092885067
"198","Bahrain",1985,0.147242013550113
"199","Bahrain",1987,0.153519775983028
"200","Bahrain",1988,0.146186435241377
"201","Bahrain",1997,0.130473520778473
"202","Bahrain",1998,0.130616894593313
"203","Bahrain",1999,0.130782677552261
"204","Bahrain",2000,0.130852784056756
"205","Bahrain",2001,0.130001730536274
"206","Bahrain",2002,0.129311009952936
"207","Bahrain",2003,0.12869710946147
"208","Bahrain",2004,0.128094895949758
"209","Bahrain",2005,0.125616656152651
"210","Bahrain",2006,0.124561079698923
"211","Bahrain",2007,0.123606534607694
"212","Bahrain",2008,0.124833147969312
"213","Bahrain",2009,0.123834890472613
"214","Bahrain",2010,0.123806907013144
"215","Bahrain",2011,0.130958627520814
"216","Bahrain",2012,0.121584750607225
"217","Bahrain",2013,0.120927827496741
"218","Bahrain",2014,0.122029676259734
"219","Barbados",1985,0.678737321483457
"220","Barbados",1986,0.682142995928342
"221","Barbados",1987,0.681293618769282
"222","Barbados",1988,0.683497940809451
"223","Barbados",1989,0.685429299028394
"224","Barbados",1990,0.688064607322332
"225","Barbados",1991,0.694461204805043
"226","Barbados",1992,0.692130449456461
"227","Barbados",1993,0.69962980121118
"228","Barbados",1994,0.703992076603926
"229","Barbados",1995,0.707808010746224
"230","Barbados",2000,0.711038728328303
"231","Barbados",2001,0.711771068155796
"232","Barbados",2002,0.713310229954925
"233","Barbados",2003,0.715307154409479
"234","Barbados",2004,0.717345425731389
"235","Barbados",2005,0.719144945093595
"236","Barbados",2006,0.721142616901014
"237","Barbados",2007,0.722776305388943
"238","Barbados",2008,0.724194822967061
"239","Barbados",2009,0.725624139399123
"240","Barbados",2010,0.727184569805443
"241","Barbados",2011,0.728142429446361
"242","Barbados",2012,0.729311956287296
"243","Barbados",2013,0.730557462118069
"244","Belarus",1990,0.36839933164704
"245","Belarus",1991,0.361730824409486
"246","Belarus",1992,0.354740373973151
"247","Belarus",1993,0.348819081969995
"248","Belarus",1994,0.343859130107094
"249","Belarus",1995,0.33799450690596
"250","Belarus",1996,0.332470125096014
"251","Belarus",1997,0.326857510048647
"252","Belarus",1998,0.32130066413947
"253","Belarus",1999,0.319972360718968
"254","Belarus",2000,0.313992065787323
"255","Belarus",2001,0.308305552016758
"256","Belarus",2002,0.302772821669332
"257","Belarus",2003,0.297260647094715
"258","Belarus",2007,0.276420345727175
"259","Belarus",2008,0.271936975891256
"260","Belarus",2009,0.267766088656779
"261","Belarus",2010,0.267645370982967
"262","Belarus",2011,0.262702433499368
"263","Belarus",2013,0.252855338031822
"264","Belarus",2014,0.247920675227894
"265","Belgium",1985,0.0432848188395595
"266","Belgium",1986,0.0422311548027743
"267","Belgium",1987,0.0412707542248389
"268","Belgium",1988,0.0403321021608809
"269","Belgium",1989,0.0394140632980294
"270","Belgium",1990,0.0385410377556338
"271","Belgium",1991,0.0376794758019416
"272","Belgium",1992,0.0368432624979304
"273","Belgium",1993,0.035998897166947
"274","Belgium",1994,0.0351480368155456
"275","Belgium",1995,0.0342925933082897
"276","Belgium",1996,0.0334638201061235
"277","Belgium",1997,0.0327033912322853
"278","Belgium",1998,0.0318571940249858
"279","Belgium",1999,0.0311086600116622
"280","Belgium",2000,0.0304230110607518
"281","Belgium",2001,0.0298107446548197
"282","Belgium",2002,0.0292134985747401
"283","Belgium",2003,0.0286176540216805
"284","Belgium",2004,0.028042176587118
"285","Belgium",2005,0.0274850608750719
"286","Belgium",2006,0.0269556364372199
"287","Belgium",2007,0.0264311009866437
"288","Belgium",2008,0.0259244493360015
"289","Belgium",2009,0.0254381858041689
"290","Belgium",2010,0.0250644098444331
"291","Belgium",2011,0.0245597180990634
"292","Belgium",2012,0.0240411474571847
"293","Belgium",2013,0.0234893099566318
"294","Belgium",2014,0.0229609100196061
"295","Belgium",2015,0.0225391522517551
"296","Belize",1986,0.598013637509281
"297","Belize",1987,0.628736031095995
"298","Belize",1989,0.62732789423146
"299","Belize",1990,0.623603648078177
"300","Belize",1991,0.621321693454418
"301","Belize",1993,0.614967125485214
"302","Belize",1994,0.629811265544989
"303","Belize",1995,0.614290225538917
"304","Belize",1996,0.63521751866775
"305","Belize",1997,0.637678456283207
"306","Belize",1998,0.639796216473868
"307","Belize",1999,0.641702022693636
"308","Belize",2000,0.642706201513493
"309","Belize",2001,0.640970176730486
"310","Belize",2002,0.639158193426342
"311","Belize",2003,0.637045185823614
"312","Belize",2004,0.634748015071996
"313","Belize",2005,0.632256010709286
"314","Belize",2006,0.629086292207715
"315","Belize",2007,0.626432857120935
"316","Belize",2008,0.624195494770716
"317","Belize",2009,0.622368659256309
"318","Belize",2010,0.620693664837895
"319","Belize",2011,0.618196343039741
"320","Belize",2012,0.616687907890027
"321","Belize",2013,0.615677582390998
"322","Belize",2014,0.614660097640202
"323","Belize",2015,0.613283057567003
"324","Bosnia and Herzegovina",2011,0.543511538493997
"325","Bosnia and Herzegovina",2014,0.518773620274919
"326","Brazil",1985,0.348063504611777
"327","Brazil",1986,0.341618264725836
"328","Brazil",1987,0.327480595814114
"329","Brazil",1988,0.316845948166246
"330","Brazil",1989,0.306469925338672
"331","Brazil",1990,0.296436388487756
"332","Brazil",1991,0.286451755866845
"333","Brazil",1992,0.277028165753431
"334","Brazil",1993,0.268075105540949
"335","Brazil",1994,0.259423966859306
"336","Brazil",1995,0.250982935966943
"337","Brazil",1996,0.242837656432288
"338","Brazil",1997,0.23413224638469
"339","Brazil",1998,0.225582410756916
"340","Brazil",1999,0.217215784518198
"341","Brazil",2000,0.209034534684346
"342","Brazil",2001,0.204706656649444
"343","Brazil",2002,0.200559604375521
"344","Brazil",2003,0.196354016573175
"345","Brazil",2004,0.192212900164351
"346","Brazil",2005,0.188206760400176
"347","Brazil",2006,0.184199294829916
"348","Brazil",2007,0.18037625111889
"349","Brazil",2008,0.176710054840145
"350","Brazil",2009,0.173178607696254
"351","Brazil",2010,0.169730687181122
"352","Brazil",2011,0.166267824136547
"353","Brazil",2012,0.162931089367936
"354","Brazil",2013,0.159705772871661
"355","Brazil",2014,0.156521404921786
"356","Brazil",2015,0.153377230316862
"357","Bulgaria",1985,0.378067276965472
"358","Bulgaria",1986,0.3736457875653
"359","Bulgaria",1987,0.371198346204558
"360","Bulgaria",1988,0.367273788734679
"361","Bulgaria",1989,0.358799462252539
"362","Bulgaria",1990,0.348203320282316
"363","Bulgaria",1991,0.340742971246935
"364","Bulgaria",1992,0.349869010772989
"365","Bulgaria",1993,0.345944838652064
"366","Bulgaria",1994,0.342611926382099
"367","Bulgaria",1995,0.339216004807675
"368","Bulgaria",1996,0.33598114651198
"369","Bulgaria",1997,0.332832612859676
"370","Bulgaria",1998,0.32972791572531
"371","Bulgaria",1999,0.326928237494186
"372","Bulgaria",2000,0.32455918282264
"373","Bulgaria",2001,0.325284871680141
"374","Bulgaria",2002,0.316585748045805
"375","Bulgaria",2003,0.31255222257825
"376","Bulgaria",2004,0.308433468983952
"377","Bulgaria",2005,0.304287841306355
"378","Bulgaria",2006,0.300259876015644
"379","Bulgaria",2007,0.296366414927914
"380","Bulgaria",2008,0.292567662770973
"381","Bulgaria",2009,0.289092882950789
"382","Bulgaria",2010,0.285984513470472
"383","Bulgaria",2011,0.284934744112119
"384","Bulgaria",2012,0.283694603739583
"385","Bulgaria",2013,0.280153222712623
"386","Bulgaria",2014,0.276506328194513
"387","Cabo Verde",2011,0.423346897253306
"388","Canada",1985,0.261032801797761
"389","Canada",1986,0.262027726081947
"390","Canada",1987,0.26192884045664
"391","Canada",1988,0.261996326420591
"392","Canada",1989,0.263336523393554
"393","Canada",1990,0.263438728994077
"394","Canada",1991,0.259410593790937
"395","Canada",1992,0.249173436208214
"396","Canada",1993,0.244495494680011
"397","Canada",1994,0.241327708972777
"398","Canada",1995,0.237278627105794
"399","Canada",1996,0.236129902762161
"400","Canada",1997,0.231269526144841
"401","Canada",1998,0.226822966166191
"402","Canada",1999,0.222212436637175
"403","Canada",2000,0.2176790814134
"404","Canada",2001,0.214456427805346
"405","Canada",2002,0.212789303327377
"406","Canada",2003,0.21181241566344
"407","Canada",2004,0.210824493369709
"408","Canada",2005,0.209921230747067
"409","Canada",2006,0.208547186883018
"410","Canada",2007,0.206363823636882
"411","Canada",2008,0.204408723869801
"412","Canada",2009,0.202609433128438
"413","Canada",2010,0.200780421543721
"414","Canada",2011,0.199051834961863
"415","Canada",2012,0.198870053171916
"416","Canada",2013,0.198601572026302
"417","Chile",1985,0.198266556919033
"418","Chile",1986,0.195362002674607
"419","Chile",1987,0.1922997419663
"420","Chile",1988,0.192441253100897
"421","Chile",1989,0.190918946968181
"422","Chile",1990,0.18919427882874
"423","Chile",1991,0.188204179243183
"424","Chile",1992,0.185317180592397
"425","Chile",1993,0.181666841507927
"426","Chile",1994,0.177478152293667
"427","Chile",1995,0.171313613556088
"428","Chile",1996,0.167223691418497
"429","Chile",1997,0.163345078106452
"430","Chile",1998,0.159639576102702
"431","Chile",1999,0.156014424744448
"432","Chile",2000,0.15244611568797
"433","Chile",2001,0.148959754210712
"434","Chile",2002,0.146002456875088
"435","Chile",2003,0.145063616106547
"436","Chile",2004,0.144145188285713
"437","Chile",2005,0.143293802864658
"438","Chile",2006,0.142477137625163
"439","Chile",2007,0.141708705477495
"440","Chile",2008,0.140953012591999
"441","Chile",2009,0.140204374316212
"442","Chile",2010,0.139447793186477
"443","Chile",2011,0.138729430303372
"444","Chile",2012,0.137948229476771
"445","Chile",2013,0.137125686750816
"446","Chile",2014,0.136310233007299
"447","Chile",2015,0.13553302764998
"448","Colombia",1985,0.408077173920376
"449","Colombia",1986,0.4014670204542
"450","Colombia",1987,0.368707892087641
"451","Colombia",1988,0.362196208506521
"452","Colombia",1989,0.355785199162986
"453","Colombia",1990,0.349448668125534
"454","Colombia",1991,0.343080551549218
"455","Colombia",1992,0.355221798279888
"456","Colombia",1993,0.348592518117316
"457","Colombia",1994,0.341965390904971
"458","Colombia",1995,0.31934003003847
"459","Colombia",1996,0.313582804134759
"460","Colombia",1997,0.307665789156566
"461","Colombia",1998,0.301675906278439
"462","Colombia",1999,0.295827612520881
"463","Colombia",2000,0.290254425762219
"464","Colombia",2001,0.284720904856627
"465","Colombia",2002,0.279562344875139
"466","Colombia",2003,0.274654500777694
"467","Colombia",2004,0.26981549948935
"468","Colombia",2005,0.264932973501939
"469","Colombia",2006,0.260274297227279
"470","Colombia",2007,0.255437569818077
"471","Colombia",2008,0.250513312446937
"472","Colombia",2009,0.245658033002757
"473","Colombia",2010,0.240979469340427
"474","Colombia",2011,0.23635167794411
"475","Colombia",2012,0.231914629981305
"476","Colombia",2013,0.227646142787014
"477","Colombia",2014,0.223479384680331
"478","Colombia",2015,0.219363117837392
"479","Costa Rica",1985,0.666075634524803
"480","Costa Rica",1986,0.65534665474
"481","Costa Rica",1987,0.63093613073848
"482","Costa Rica",1988,0.618999424387707
"483","Costa Rica",1989,0.60132214345769
"484","Costa Rica",1990,0.589049551316862
"485","Costa Rica",1991,0.576443573800454
"486","Costa Rica",1992,0.564733456401722
"487","Costa Rica",1993,0.553266792841997
"488","Costa Rica",1994,0.54204515310329
"489","Costa Rica",1995,0.50884456849816
"490","Costa Rica",1996,0.501725792158805
"491","Costa Rica",1997,0.489969081218212
"492","Costa Rica",1998,0.478358761717751
"493","Costa Rica",1999,0.466798978760112
"494","Costa Rica",2000,0.455167918192728
"495","Costa Rica",2001,0.438701792782679
"496","Costa Rica",2002,0.42225448344502
"497","Costa Rica",2003,0.406012785084353
"498","Costa Rica",2004,0.390249519872238
"499","Costa Rica",2005,0.37513831015794
"500","Costa Rica",2006,0.360326987137059
"501","Costa Rica",2007,0.346337032736757
"502","Costa Rica",2008,0.332928510357853
"503","Costa Rica",2009,0.319894343169124
"504","Costa Rica",2010,0.30699669077374
"505","Costa Rica",2011,0.294698755641286
"506","Costa Rica",2012,0.282639944748638
"507","Costa Rica",2013,0.270979911345846
"508","Costa Rica",2014,0.259924949048238
"509","Croatia",1995,0.495417909143525
"510","Croatia",1996,0.505649520079246
"511","Croatia",1997,0.503078507350584
"512","Croatia",1998,0.500699992738714
"513","Croatia",1999,0.497540151841787
"514","Croatia",2000,0.500552816767164
"515","Croatia",2001,0.492340396217416
"516","Croatia",2002,0.486291113676733
"517","Croatia",2003,0.483560090032163
"518","Croatia",2004,0.481230971904915
"519","Croatia",2005,0.479081068473204
"520","Croatia",2006,0.477209041813274
"521","Croatia",2007,0.475478721090957
"522","Croatia",2008,0.47414866205476
"523","Croatia",2009,0.472874023582732
"524","Croatia",2010,0.471258555020928
"525","Croatia",2011,0.456548652074585
"526","Croatia",2012,0.468344327018963
"527","Croatia",2013,0.466073575247907
"528","Croatia",2014,0.463509933002568
"529","Croatia",2015,0.460575209849888
"530","Croatia",2016,0.510195837225445
"531","Cuba",1992,0.283315454101068
"532","Cuba",1993,0.28077784522722
"533","Cuba",1994,0.278252378435335
"534","Cuba",1995,0.275890083406427
"535","Cuba",1996,0.273704179649256
"536","Cuba",1997,0.272459520219935
"537","Cuba",1998,0.269894515695075
"538","Cuba",1999,0.267401188787676
"539","Cuba",2000,0.264654364007267
"540","Cuba",2001,0.262095040853779
"541","Cuba",2002,0.259216544128032
"542","Cuba",2003,0.256833419190349
"543","Cuba",2004,0.255177431030764
"544","Cuba",2005,0.253673394397935
"545","Cuba",2006,0.252069081747561
"546","Cuba",2007,0.25067493761018
"547","Cuba",2008,0.249455596529396
"548","Cuba",2009,0.248342233184921
"549","Cuba",2010,0.247278700268855
"550","Cuba",2011,0.246266689678625
"551","Cuba",2012,0.245374974838764
"552","Cuba",2013,0.245030734225598
"553","Cuba",2014,0.244793040346562
"554","Cuba",2015,0.244463823116341
"555","Cyprus",1999,0.340194272668063
"556","Cyprus",2000,0.337898609508358
"557","Cyprus",2004,0.462179471400212
"558","Cyprus",2005,0.465011750211047
"559","Cyprus",2006,0.467119971629893
"560","Cyprus",2007,0.467464213998164
"561","Cyprus",2008,0.465628785799862
"562","Cyprus",2009,0.462388633623358
"563","Cyprus",2010,0.458694265654659
"564","Cyprus",2011,0.457816415903179
"565","Cyprus",2012,0.456349333051703
"566","Cyprus",2013,0.462375325485199
"567","Cyprus",2014,0.472037812228588
"568","Cyprus",2015,0.482077488763099
"569","Cyprus",2016,0.544790502498787
"570","Czech Republic",1990,0.263683565510554
"571","Czech Republic",1991,0.264893378340483
"572","Czech Republic",1992,0.266134202363771
"573","Czech Republic",1993,0.267193945710375
"574","Czech Republic",1994,0.268103369282951
"575","Czech Republic",1995,0.268739851119131
"576","Czech Republic",1996,0.26926174282185
"577","Czech Republic",1997,0.269724394359243
"578","Czech Republic",1998,0.270250474572508
"579","Czech Republic",1999,0.271046384965969
"580","Czech Republic",2000,0.271651406762886
"581","Czech Republic",2001,0.271280871356658
"582","Czech Republic",2002,0.273846076232632
"583","Czech Republic",2003,0.274599168635421
"584","Czech Republic",2004,0.275458290891392
"585","Czech Republic",2005,0.276135059611335
"586","Czech Republic",2006,0.277079993292653
"587","Czech Republic",2007,0.278357873912133
"588","Czech Republic",2008,0.279094952874335
"589","Czech Republic",2009,0.280357211860477
"590","Czech Republic",2010,0.281679619887798
"591","Czech Republic",2011,0.284114210333828
"592","Czech Republic",2012,0.283903019289885
"593","Czech Republic",2013,0.282622913798744
"594","Czech Republic",2014,0.28117936455298
"595","Czech Republic",2015,0.280011984792568
"596","Czech Republic",2016,0.31273234330835
"597","Denmark",1994,0.160706032799435
"598","Denmark",1995,0.160787228572288
"599","Denmark",1996,0.160483362722762
"600","Denmark",1997,0.160210001375245
"601","Denmark",1998,0.159884157879881
"602","Denmark",1999,0.159497777521447
"603","Denmark",2000,0.159164815985881
"604","Denmark",2001,0.158570611017102
"605","Denmark",2002,0.157293180642872
"606","Denmark",2003,0.156063616717661
"607","Denmark",2004,0.153774900806792
"608","Denmark",2005,0.150598455397435
"609","Denmark",2006,0.147910335290691
"610","Denmark",2007,0.145840387360067
"611","Denmark",2008,0.143796467078326
"612","Denmark",2009,0.141949098278748
"613","Denmark",2010,0.140399012148064
"614","Denmark",2011,0.13854864209669
"615","Denmark",2012,0.136411828768969
"616","Denmark",2013,0.134638967231913
"617","Denmark",2014,0.133075815010094
"618","Denmark",2015,0.131701647074035
"619","Dominica",1985,0.502296652158853
"620","Ecuador",1985,0.575984810881932
"621","Ecuador",1986,0.564836186309849
"622","Ecuador",1987,0.537154707884034
"623","Ecuador",1988,0.526490303205988
"624","Ecuador",1989,0.531305151644437
"625","Ecuador",1990,0.521415681562889
"626","Ecuador",1991,0.509616077343503
"627","Ecuador",1992,0.506454122247588
"628","Ecuador",1993,0.49928840054955
"629","Ecuador",1994,0.492125554329881
"630","Ecuador",1995,0.485094619140041
"631","Ecuador",1996,0.478106139076795
"632","Ecuador",1997,0.471326478690466
"633","Ecuador",1998,0.464676078246342
"634","Ecuador",1999,0.458020759175264
"635","Ecuador",2000,0.451301260267896
"636","Ecuador",2001,0.44476180026198
"637","Ecuador",2002,0.440105531575611
"638","Ecuador",2003,0.43674689404123
"639","Ecuador",2004,0.433488097618223
"640","Ecuador",2005,0.430449847777526
"641","Ecuador",2006,0.427381454892314
"642","Ecuador",2007,0.424638893523136
"643","Ecuador",2008,0.422123020178585
"644","Ecuador",2009,0.419641661694654
"645","Ecuador",2010,0.41706689512485
"646","Ecuador",2011,0.415078115786193
"647","Ecuador",2012,0.413085119118879
"648","Ecuador",2013,0.410910964897364
"649","Ecuador",2014,0.408715238025551
"650","Ecuador",2015,0.406574366013544
"651","El Salvador",1990,0.590979199224574
"652","El Salvador",1991,0.584293026021928
"653","El Salvador",1992,0.584361315366906
"654","El Salvador",1993,0.566523748690167
"655","El Salvador",1995,0.533824139369837
"656","El Salvador",1996,0.518593972028407
"657","El Salvador",1997,0.502990825172757
"658","El Salvador",1998,0.487105247966628
"659","El Salvador",1999,0.479142404538236
"660","El Salvador",2000,0.471043474353238
"661","El Salvador",2001,0.462608126034401
"662","El Salvador",2002,0.454126492531535
"663","El Salvador",2003,0.445745213013313
"664","El Salvador",2004,0.437616007437226
"665","El Salvador",2005,0.429871460229639
"666","El Salvador",2006,0.421830358746336
"667","El Salvador",2007,0.414171754883353
"668","El Salvador",2008,0.403576608462768
"669","El Salvador",2009,0.393284862064157
"670","El Salvador",2010,0.38301818520574
"671","El Salvador",2011,0.373330628849727
"672","El Salvador",2012,0.363310365300639
"673","El Salvador",2013,0.353174713301566
"674","El Salvador",2014,0.343218001766049
"675","Estonia",1995,0.314509542609306
"676","Estonia",1996,0.31523323968133
"677","Estonia",1997,0.316201121514984
"678","Estonia",1998,0.317425778531005
"679","Estonia",1999,0.32243932564676
"680","Estonia",2000,0.32074029213537
"681","Estonia",2001,0.322082420861022
"682","Estonia",2002,0.323536805522328
"683","Estonia",2003,0.325188710495494
"684","Estonia",2004,0.326953086769863
"685","Estonia",2005,0.328732103165241
"686","Estonia",2006,0.330595598147181
"687","Estonia",2007,0.332643795418194
"688","Estonia",2008,0.334789550049604
"689","Estonia",2009,0.336827080938927
"690","Estonia",2010,0.338710886235814
"691","Estonia",2011,0.340351744958493
"692","Estonia",2012,0.338443727868894
"693","Estonia",2013,0.337987301071437
"694","Estonia",2014,0.335883554655825
"695","Estonia",2015,0.334116905290196
"696","Fiji",2001,0.585092986406472
"697","Fiji",2002,0.578708440958644
"698","Fiji",2003,0.573030022381724
"699","Fiji",2004,0.56759457941898
"700","Fiji",2005,0.562332106665502
"701","Fiji",2006,0.557797928865756
"702","Fiji",2007,0.552872535755702
"703","Fiji",2008,0.546672964828921
"704","Fiji",2009,0.540209652625117
"705","Fiji",2011,0.528488032089612
"706","Fiji",2012,0.522234143101643
"707","Finland",1987,0.242741977256241
"708","Finland",1988,0.234855353320236
"709","Finland",1989,0.227286116647806
"710","Finland",1990,0.220070111854268
"711","Finland",1991,0.215094133213976
"712","Finland",1992,0.212235969362628
"713","Finland",1993,0.209358319055406
"714","Finland",1994,0.206371554441458
"715","Finland",1995,0.203369333995078
"716","Finland",1996,0.200374994715965
"717","Finland",1997,0.197507215643719
"718","Finland",1998,0.194590802188135
"719","Finland",1999,0.191719967041208
"720","Finland",2000,0.188914136753478
"721","Finland",2001,0.186722389785311
"722","Finland",2002,0.185113968445454
"723","Finland",2003,0.183592140705095
"724","Finland",2004,0.18215401901728
"725","Finland",2005,0.180745437377879
"726","Finland",2006,0.179390253428843
"727","Finland",2007,0.178080215985504
"728","Finland",2008,0.176767699906994
"729","Finland",2009,0.17545584698463
"730","Finland",2010,0.171911298421347
"731","Finland",2011,0.166193536513864
"732","Finland",2012,0.160593262708125
"733","Finland",2013,0.15754208894516
"734","Finland",2014,0.156914269435042
"735","Finland",2015,0.156239397985024
"736","France",1985,0.291259350611698
"737","France",1986,0.29071092981256
"738","France",1987,0.290177390518501
"739","France",1988,0.289694727332264
"740","France",1989,0.289149197332415
"741","France",1990,0.286680478563394
"742","France",1991,0.283230074128284
"743","France",1992,0.280952564866621
"744","France",1993,0.27860890310186
"745","France",1994,0.276222484220862
"746","France",1995,0.273946133234068
"747","France",1996,0.271743784234376
"748","France",1997,0.269618783195379
"749","France",1998,0.267644851319812
"750","France",1999,0.268019991645137
"751","France",2000,0.265934658853171
"752","France",2001,0.26387179051001
"753","France",2002,0.260986302120238
"754","France",2003,0.258078087198915
"755","France",2004,0.255139765652162
"756","France",2005,0.25278068731433
"757","France",2006,0.248909682631125
"758","France",2007,0.246294085039128
"759","France",2008,0.243617475091209
"760","France",2009,0.240933581765399
"761","France",2010,0.238181257730337
"762","France",2011,0.235387341779319
"763","France",2012,0.232545600022053
"764","France",2013,0.229854847440505
"765","France",2014,0.226708875869325
"766","Georgia",1990,0.432992653418768
"767","Georgia",1991,0.435558989038868
"768","Georgia",1992,0.443916562648273
"769","Georgia",1994,0.49402432140027
"770","Georgia",1995,0.495407122117705
"771","Georgia",1996,0.4969131284204
"772","Georgia",1997,0.498405296796374
"773","Georgia",1998,0.499767298267554
"774","Georgia",1999,0.500999940063294
"775","Georgia",2000,0.502351281363722
"776","Georgia",2001,0.504235379747309
"777","Georgia",2004,0.485566833608364
"778","Georgia",2005,0.470462132027558
"779","Georgia",2006,0.456711998869075
"780","Georgia",2007,0.448205384436356
"781","Georgia",2009,0.429006930205728
"782","Georgia",2010,0.416256279208289
"783","Georgia",2011,0.406448054431054
"784","Georgia",2012,0.397869409443355
"785","Georgia",2013,0.390109624073457
"786","Georgia",2014,0.46104781275635
"787","Georgia",2015,0.457350087511541
"788","Germany",1990,0.28486564239468
"789","Germany",1991,0.283306970533407
"790","Germany",1992,0.282121543560415
"791","Germany",1993,0.280087490850939
"792","Germany",1994,0.27746498628281
"793","Germany",1995,0.274670385574385
"794","Germany",1996,0.272062513760312
"795","Germany",1997,0.269617624278127
"796","Germany",1998,0.26745096114374
"797","Germany",1999,0.265208913285067
"798","Germany",2000,0.263050962086674
"799","Germany",2001,0.260738217056888
"800","Germany",2002,0.258331967084067
"801","Germany",2003,0.25594499153606
"802","Germany",2004,0.253594756065445
"803","Germany",2005,0.251221809976265
"804","Germany",2006,0.248929901998624
"805","Germany",2007,0.246684490744496
"806","Germany",2008,0.244515736093266
"807","Germany",2009,0.242516581206679
"808","Germany",2010,0.240417639683984
"809","Germany",2011,0.233948437729138
"810","Germany",2012,0.233876647861477
"811","Germany",2013,0.238166059968509
"812","Germany",2014,0.238188826466554
"813","Germany",2015,0.238358553838809
"814","Greece",1985,0.315763167543915
"815","Greece",1986,0.312780767861499
"816","Greece",1987,0.310008382511837
"817","Greece",1988,0.307057322004516
"818","Greece",1989,0.304151634305785
"819","Greece",1990,0.302532047152745
"820","Greece",1991,0.301121627133429
"821","Greece",1992,0.298653692294489
"822","Greece",1993,0.296229378738392
"823","Greece",1994,0.293826498290786
"824","Greece",1995,0.29152058879985
"825","Greece",1996,0.289346641148777
"826","Greece",1997,0.287544199046777
"827","Greece",1998,0.286160759705201
"828","Greece",1999,0.284590273030363
"829","Greece",2000,0.283402864157277
"830","Greece",2001,0.281781118284389
"831","Greece",2002,0.2776664975521
"832","Greece",2003,0.273428615933599
"833","Greece",2004,0.269295594480137
"834","Greece",2005,0.265244972109033
"835","Greece",2006,0.26124721863637
"836","Greece",2007,0.257202641137374
"837","Greece",2008,0.253261710511098
"838","Greece",2009,0.249377986288505
"839","Greece",2010,0.245603487904719
"840","Greece",2011,0.241697405796122
"841","Greece",2012,0.240982777382082
"842","Greece",2013,0.238040740886314
"843","Greece",2014,0.233975123471323
"844","Greece",2015,0.229943955675609
"845","Grenada",1985,0.781952773613193
"846","Grenada",1988,0.748914674516901
"847","Grenada",1989,0.788903014448818
"848","Grenada",1990,0.7816733942269
"849","Grenada",1991,0.778376476013641
"850","Grenada",1992,0.770989716146488
"851","Grenada",1993,0.760752593634605
"852","Grenada",1994,0.751197766467135
"853","Grenada",1995,0.742893004952846
"854","Grenada",1996,0.733026633843138
"855","Grenada",2001,0.713945042443336
"856","Grenada",2002,0.711932454928244
"857","Grenada",2003,0.708830265318469
"858","Grenada",2004,0.705996588092658
"859","Grenada",2005,0.704427555878146
"860","Grenada",2006,0.703305109054788
"861","Grenada",2007,0.703417744309938
"862","Grenada",2008,0.704575730023471
"863","Grenada",2009,0.705922087242868
"864","Grenada",2010,0.706825575641444
"865","Grenada",2011,0.708663238804244
"866","Grenada",2012,0.708876942584384
"867","Grenada",2013,0.708115606454103
"868","Grenada",2014,0.706848974002531
"869","Grenada",2015,0.705623729268368
"870","Guatemala",1986,0.723014059841521
"871","Guatemala",1987,0.716990673876007
"872","Guatemala",1988,0.710644832924365
"873","Guatemala",1989,0.704640890717057
"874","Guatemala",1990,0.699343817726018
"875","Guatemala",1991,0.694061390242906
"876","Guatemala",1992,0.689912094331456
"877","Guatemala",1993,0.686417219031615
"878","Guatemala",1994,0.682818100371688
"879","Guatemala",1995,0.67867363041634
"880","Guatemala",1996,0.675168503158907
"881","Guatemala",1997,0.670253198567127
"882","Guatemala",1998,0.664406218559707
"883","Guatemala",1999,0.658441108050981
"884","Guatemala",2000,0.652880103768241
"885","Guatemala",2001,0.646929465892396
"886","Guatemala",2002,0.64143815119478
"887","Guatemala",2003,0.636490476460121
"888","Guatemala",2004,0.631505880719469
"889","Guatemala",2005,0.626055490604289
"890","Guatemala",2006,0.620531475673492
"891","Guatemala",2007,0.614221860240829
"892","Guatemala",2008,0.607530313176739
"893","Guatemala",2009,0.601098014505889
"894","Guatemala",2010,0.59523462579537
"895","Guatemala",2011,0.589109928193488
"896","Guatemala",2012,0.584026262078167
"897","Guatemala",2013,0.579507045913543
"898","Guatemala",2014,0.575030484633071
"899","Guatemala",2015,0.570255368099558
"900","Guyana",1988,0.805153497888975
"901","Guyana",1989,0.801712263321638
"902","Guyana",1990,0.801032096928961
"903","Guyana",1991,0.801648587503303
"904","Guyana",1992,0.804235938323227
"905","Guyana",1993,0.808400320567307
"906","Guyana",1994,0.812477765852285
"907","Guyana",1995,0.815305818647298
"908","Guyana",1996,0.82020608482829
"909","Guyana",1997,0.821603290829322
"910","Guyana",1998,0.82047208145003
"911","Guyana",1999,0.818593962821205
"912","Guyana",2001,0.813217812112467
"913","Guyana",2002,0.810847263291292
"914","Guyana",2003,0.810928440543639
"915","Guyana",2004,0.811497368338113
"916","Guyana",2005,0.811756600919561
"917","Guyana",2006,0.812146455239232
"918","Guyana",2007,0.812481963668661
"919","Guyana",2008,0.812884196433641
"920","Guyana",2009,0.813740382836235
"921","Guyana",2010,0.815267643705364
"922","Guyana",2011,0.816453521777504
"923","Guyana",2012,0.815881782332411
"924","Guyana",2013,0.815870899062392
"925","Hungary",1991,0.3645022472867
"926","Hungary",1992,0.365803867715665
"927","Hungary",1993,0.366990213177132
"928","Hungary",1994,0.368092700222918
"929","Hungary",1995,0.369051874918676
"930","Hungary",1996,0.36975271562785
"931","Hungary",1997,0.370330533174803
"932","Hungary",1998,0.370938593483258
"933","Hungary",1999,0.378270534116537
"934","Hungary",2000,0.379681191472478
"935","Hungary",2001,0.370883021544734
"936","Hungary",2002,0.366448712392816
"937","Hungary",2003,0.362165002474998
"938","Hungary",2004,0.35793612594749
"939","Hungary",2005,0.353086041504665
"940","Hungary",2006,0.3476267765017
"941","Hungary",2007,0.342222278863367
"942","Hungary",2008,0.336859041630268
"943","Hungary",2009,0.331557068325754
"944","Hungary",2010,0.326771603885892
"945","Hungary",2011,0.321804437951211
"946","Hungary",2012,0.318205235020335
"947","Hungary",2013,0.315096894255479
"948","Hungary",2014,0.312080085934148
"949","Hungary",2015,0.309248289582428
"950","Hungary",2016,0.341791322457612
"951","Iceland",1985,0.114397481156378
"952","Iceland",1986,0.111403007633794
"953","Iceland",1987,0.108359448761309
"954","Iceland",1988,0.105758700878268
"955","Iceland",1989,0.103275416916306
"956","Iceland",1990,0.101032571656358
"957","Iceland",1991,0.0990966549527132
"958","Iceland",1992,0.0974911870118193
"959","Iceland",1993,0.095542222277662
"960","Iceland",1994,0.0936048883193724
"961","Iceland",1995,0.091487161883278
"962","Iceland",1996,0.0894884807769542
"963","Iceland",1997,0.0875708030369984
"964","Iceland",1998,0.0855962640830274
"965","Iceland",1999,0.083847690377256
"966","Iceland",2000,0.0822758004651091
"967","Iceland",2001,0.0806896211785136
"968","Iceland",2002,0.0791800522412706
"969","Iceland",2003,0.077803161021276
"970","Iceland",2004,0.0762033808438486
"971","Iceland",2005,0.0751536754810315
"972","Iceland",2006,0.073434628975265
"973","Iceland",2007,0.0722887823466672
"974","Iceland",2008,0.0706279877508532
"975","Iceland",2009,0.0697726236896744
"976","Iceland",2010,0.0693670851704393
"977","Iceland",2011,0.0692374338355738
"978","Iceland",2012,0.0690555411638446
"979","Iceland",2013,0.0686088192320365
"980","Iceland",2014,0.0680947079051344
"981","Iceland",2015,0.0675438738636548
"982","Iceland",2016,0.0781883664342533
"983","Ireland",1985,0.482209811667037
"984","Ireland",1986,0.479481617968223
"985","Ireland",1987,0.476220244536569
"986","Ireland",1988,0.472267675191688
"987","Ireland",1989,0.470530692935377
"988","Ireland",1990,0.46944898590292
"989","Ireland",1991,0.466511033943903
"990","Ireland",1992,0.462842948515883
"991","Ireland",1993,0.459543789643493
"992","Ireland",1994,0.456289700454089
"993","Ireland",1995,0.453556157220432
"994","Ireland",1996,0.450696294005482
"995","Ireland",1997,0.447460171760655
"996","Ireland",1998,0.444910094926214
"997","Ireland",1999,0.443107041269754
"998","Ireland",2000,0.441117427967544
"999","Ireland",2001,0.439212081785687
"1000","Ireland",2002,0.435924643928108
"1001","Ireland",2003,0.433560182778933
"1002","Ireland",2004,0.43166030676743
"1003","Ireland",2005,0.42889889230278
"1004","Ireland",2006,0.42612402189264
"1005","Ireland",2007,0.426707623199894
"1006","Ireland",2008,0.426113766498062
"1007","Ireland",2009,0.425795620239417
"1008","Ireland",2010,0.411208063668239
"1009","Ireland",2011,0.415338066060656
"1010","Ireland",2012,0.414728747369875
"1011","Ireland",2013,0.414093460747191
"1012","Ireland",2014,0.405288162504817
"1013","Israel",1985,0.114714502540428
"1014","Israel",1986,0.113452441732676
"1015","Israel",1987,0.112162628049141
"1016","Israel",1988,0.110844599892433
"1017","Israel",1989,0.109492151527654
"1018","Israel",1990,0.108099153509503
"1019","Israel",1991,0.106706884900777
"1020","Israel",1992,0.105331320069882
"1021","Israel",1993,0.10410470551098
"1022","Israel",1994,0.102889615288321
"1023","Israel",1995,0.10174978368528
"1024","Israel",1996,0.101009835803469
"1025","Israel",1997,0.100260800561613
"1026","Israel",1998,0.0994311593912243
"1027","Israel",1999,0.0987322650266106
"1028","Israel",2000,0.0980355083522171
"1029","Israel",2001,0.0973294875886807
"1030","Israel",2002,0.0966191383983978
"1031","Israel",2003,0.0959136636766699
"1032","Israel",2004,0.0952156259676867
"1033","Israel",2005,0.0944902812504119
"1034","Israel",2006,0.0937600935577093
"1035","Israel",2007,0.0930690367144972
"1036","Israel",2008,0.0923729320825521
"1037","Israel",2009,0.0915929918673004
"1038","Israel",2010,0.0909735517369346
"1039","Israel",2011,0.0903179174168643
"1040","Israel",2012,0.089636594952674
"1041","Israel",2013,0.088881981741235
"1042","Israel",2014,0.0880653976994817
"1043","Israel",2015,0.0871996030963065
"1044","Italy",1985,0.346933174406711
"1045","Italy",1986,0.346183768439973
"1046","Italy",1987,0.345430878132466
"1047","Italy",1988,0.344820100791684
"1048","Italy",1989,0.344544760160579
"1049","Italy",1990,0.344194319267972
"1050","Italy",1991,0.346956911311621
"1051","Italy",1992,0.348806393305248
"1052","Italy",1993,0.348482552551579
"1053","Italy",1994,0.347907367612279
"1054","Italy",1995,0.347295005965238
"1055","Italy",1996,0.346703832827769
"1056","Italy",1997,0.346057909309894
"1057","Italy",1998,0.345087121904824
"1058","Italy",1999,0.34432568526231
"1059","Italy",2000,0.343735652921593
"1060","Italy",2001,0.3430787200869
"1061","Italy",2002,0.341327426566765
"1062","Italy",2003,0.339043347948529
"1063","Italy",2004,0.339682397429687
"1064","Italy",2005,0.338532348746416
"1065","Italy",2006,0.332673141882797
"1066","Italy",2007,0.330757674412925
"1067","Italy",2008,0.32924908418419
"1068","Italy",2009,0.327574668017138
"1069","Italy",2010,0.32573973447029
"1070","Italy",2011,0.330996808876147
"1071","Italy",2012,0.328293507646066
"1072","Italy",2013,0.324940700827562
"1073","Italy",2014,0.321498611797587
"1074","Italy",2015,0.318033123060036
"1075","Jamaica",1985,0.592715187854945
"1076","Jamaica",1986,0.591105522349956
"1077","Jamaica",1987,0.587913815259221
"1078","Jamaica",1988,0.583487355807221
"1079","Jamaica",1989,0.578936922085797
"1080","Jamaica",1990,0.57511771236794
"1081","Jamaica",1991,0.570925583199835
"1082","Jamaica",2000,0.540676278231402
"1083","Jamaica",2001,0.536761289669671
"1084","Jamaica",2002,0.532781144156727
"1085","Jamaica",2003,0.528658304468849
"1086","Jamaica",2004,0.524571205510124
"1087","Jamaica",2005,0.520746068825211
"1088","Jamaica",2006,0.516352397001032
"1089","Jamaica",2009,0.506951656828413
"1090","Jamaica",2010,0.503800471110737
"1091","Jamaica",2011,0.501164150619868
"1092","Japan",1985,0.249281013877583
"1093","Japan",1986,0.247570982788633
"1094","Japan",1987,0.245833841020191
"1095","Japan",1988,0.244073385599835
"1096","Japan",1989,0.242337497690708
"1097","Japan",1990,0.240811893527201
"1098","Japan",1991,0.239000049322785
"1099","Japan",1992,0.237103705218575
"1100","Japan",1993,0.235395088670361
"1101","Japan",1994,0.234111361345445
"1102","Japan",1995,0.233009093971592
"1103","Japan",1996,0.231377629908005
"1104","Japan",1997,0.230049258944656
"1105","Japan",1998,0.228803296277772
"1106","Japan",1999,0.227509952923624
"1107","Japan",2000,0.226151542469691
"1108","Japan",2001,0.211904409142435
"1109","Japan",2002,0.194609995967934
"1110","Japan",2003,0.178260997730296
"1111","Japan",2004,0.162855517320701
"1112","Japan",2005,0.148489143336194
"1113","Japan",2006,0.136453015389529
"1114","Japan",2007,0.125706181023776
"1115","Japan",2008,0.115711388569747
"1116","Japan",2009,0.106383489025499
"1117","Japan",2010,0.0971463502338714
"1118","Japan",2011,0.0944103873046517
"1119","Japan",2012,0.0935745136573942
"1120","Japan",2013,0.0927860987703827
"1121","Japan",2014,0.0920225560634671
"1122","Japan",2015,0.0910335506127946
"1123","Kazakhstan",1990,0.483936774721856
"1124","Kazakhstan",1991,0.482145920352983
"1125","Kazakhstan",1992,0.476535238939991
"1126","Kazakhstan",1993,0.468756312616179
"1127","Kazakhstan",1994,0.466064934990746
"1128","Kazakhstan",1995,0.465080424755802
"1129","Kazakhstan",1996,0.473722711422606
"1130","Kazakhstan",1997,0.469089000799675
"1131","Kazakhstan",1998,0.479152390231838
"1132","Kazakhstan",1999,0.476627014634947
"1133","Kazakhstan",2000,0.474441498057386
"1134","Kazakhstan",2001,0.472838399044138
"1135","Kazakhstan",2002,0.471906503636333
"1136","Kazakhstan",2003,0.471529838405591
"1137","Kazakhstan",2004,0.47192443861167
"1138","Kazakhstan",2005,0.472804005744
"1139","Kazakhstan",2006,0.473974860655363
"1140","Kazakhstan",2007,0.475642993607284
"1141","Kazakhstan",2008,0.477605318606696
"1142","Kazakhstan",2009,0.484275087059473
"1143","Kazakhstan",2010,0.478934380413518
"1144","Kazakhstan",2011,0.480440676316072
"1145","Kazakhstan",2012,0.480920421604747
"1146","Kazakhstan",2013,0.480924469663366
"1147","Kazakhstan",2014,0.480500128169024
"1148","Kazakhstan",2015,0.479965396015391
"1149","Kiribati",1991,0.771226720124159
"1150","Kiribati",1992,0.766581287684745
"1151","Kiribati",1993,0.760888972419302
"1152","Kiribati",1994,0.754948205697373
"1153","Kiribati",1995,0.749787634245495
"1154","Kiribati",1996,0.736022762822709
"1155","Kiribati",1997,0.718743139808866
"1156","Kiribati",1998,0.701686047347314
"1157","Kiribati",1999,0.683714176968945
"1158","Kiribati",2000,0.664637429080217
"1159","Kiribati",2001,0.657165682716785
"1160","Kuwait",1985,0.0248412637321092
"1161","Kuwait",1986,0.0249110760691226
"1162","Kuwait",1987,0.0250121241286658
"1163","Kuwait",1993,0.0228581505397372
"1164","Kuwait",1994,0.0189268788325914
"1165","Kuwait",1995,0.0202944740292012
"1166","Kuwait",1996,0.017423333063471
"1167","Kuwait",1997,0.0156210104352331
"1168","Kuwait",1998,0.0130252107744307
"1169","Kuwait",1999,0.0117295982885141
"1170","Kuwait",2000,0.0103930053102799
"1171","Kuwait",2001,0.000952156234072477
"1172","Kuwait",2002,0
"1173","Kuwait",2003,0
"1174","Kuwait",2004,0
"1175","Kuwait",2005,0
"1176","Kuwait",2006,0
"1177","Kuwait",2007,0
"1178","Kuwait",2008,0
"1179","Kuwait",2009,0
"1180","Kuwait",2010,0
"1181","Kuwait",2011,0
"1182","Kuwait",2012,0
"1183","Kuwait",2013,0
"1184","Kuwait",2014,0
"1185","Latvia",1995,0.327022223008286
"1186","Latvia",1996,0.325945110457345
"1187","Latvia",1997,0.32442123224987
"1188","Latvia",1998,0.324361876898649
"1189","Latvia",1999,0.325574129778808
"1190","Latvia",2000,0.332743866048621
"1191","Latvia",2001,0.334070843821413
"1192","Latvia",2002,0.335392201798612
"1193","Latvia",2003,0.336370177864061
"1194","Latvia",2004,0.33578432505438
"1195","Latvia",2005,0.335113329765856
"1196","Latvia",2006,0.335949614602008
"1197","Latvia",2007,0.337318441036946
"1198","Latvia",2008,0.338740913070185
"1199","Latvia",2009,0.339512499772203
"1200","Latvia",2010,0.339328248253062
"1201","Latvia",2011,0.338759692303282
"1202","Latvia",2012,0.338115227266373
"1203","Latvia",2013,0.33755232121895
"1204","Latvia",2014,0.337356299385125
"1205","Latvia",2015,0.337614628026423
"1206","Lithuania",1995,0.350519168032121
"1207","Lithuania",1996,0.349739745979751
"1208","Lithuania",1997,0.348919261629701
"1209","Lithuania",1998,0.348411238046013
"1210","Lithuania",1999,0.348400592418732
"1211","Lithuania",2000,0.348504702385369
"1212","Lithuania",2001,0.348552687060261
"1213","Lithuania",2002,0.348797629187333
"1214","Lithuania",2003,0.349095671712975
"1215","Lithuania",2004,0.349488204978638
"1216","Lithuania",2005,0.349182875136744
"1217","Lithuania",2006,0.348293283442661
"1218","Lithuania",2007,0.347661558071783
"1219","Lithuania",2008,0.347204443575569
"1220","Lithuania",2009,0.34767468766762
"1221","Lithuania",2010,0.349057780724932
"1222","Lithuania",2011,0.349718349083237
"1223","Lithuania",2012,0.348875226366046
"1224","Lithuania",2013,0.34790894981451
"1225","Lithuania",2014,0.346750657360678
"1226","Lithuania",2015,0.345666025279537
"1227","Lithuania",2016,0.382783359240207
"1228","Luxembourg",1985,0.205591051070038
"1229","Luxembourg",1986,0.205201719070176
"1230","Luxembourg",1987,0.203943320139324
"1231","Luxembourg",1988,0.203144470211552
"1232","Luxembourg",1989,0.202756885883833
"1233","Luxembourg",1990,0.202769780463265
"1234","Luxembourg",1991,0.20123118977352
"1235","Luxembourg",1992,0.197230609227854
"1236","Luxembourg",1993,0.19385431759592
"1237","Luxembourg",1994,0.18722496757303
"1238","Luxembourg",1995,0.182943776645442
"1239","Luxembourg",1996,0.183499655662482
"1240","Luxembourg",1997,0.183985776908362
"1241","Luxembourg",1998,0.182583761396878
"1242","Luxembourg",1999,0.176413933462246
"1243","Luxembourg",2000,0.16789828483659
"1244","Luxembourg",2001,0.161674288709954
"1245","Luxembourg",2002,0.156878502392928
"1246","Luxembourg",2003,0.151984515702635
"1247","Luxembourg",2004,0.147216300226211
"1248","Luxembourg",2005,0.142543884721006
"1249","Luxembourg",2006,0.138032741186362
"1250","Luxembourg",2007,0.133704119129317
"1251","Luxembourg",2008,0.129493105575491
"1252","Luxembourg",2009,0.125419321838836
"1253","Luxembourg",2010,0.121471609690782
"1254","Luxembourg",2011,0.117616619521843
"1255","Luxembourg",2012,0.113925894879701
"1256","Luxembourg",2013,0.11049757163198
"1257","Luxembourg",2014,0.107206333664164
"1258","Luxembourg",2015,0.10402808745344
"1259","Maldives",2000,0.819364722621954
"1260","Maldives",2001,0.799181226125618
"1261","Maldives",2002,0.780726299346346
"1262","Maldives",2003,0.76352297408043
"1263","Maldives",2004,0.747047521272462
"1264","Maldives",2005,0.731055558824242
"1265","Maldives",2007,0.712754920026052
"1266","Maldives",2008,0.707748666082663
"1267","Maldives",2010,0.698832790445168
"1268","Maldives",2011,0.694679768575944
"1269","Malta",1985,0.111405887350627
"1270","Malta",1986,0.10934100905317
"1271","Malta",1987,0.108229022592871
"1272","Malta",1988,0.106676724823177
"1273","Malta",1989,0.105379304384863
"1274","Malta",1990,0.104055882541593
"1275","Malta",1991,0.104522054044577
"1276","Malta",1992,0.103248270271402
"1277","Malta",1993,0.102001474677303
"1278","Malta",1994,0.100526483680177
"1279","Malta",1995,0.0990777063563167
"1280","Malta",1996,0.0962202865586256
"1281","Malta",1997,0.0929449402256272
"1282","Malta",1998,0.0894762606783795
"1283","Malta",1999,0.0862680363666019
"1284","Malta",2000,0.0820868155411013
"1285","Malta",2001,0.0780559288825558
"1286","Malta",2002,0.0750259709392534
"1287","Malta",2003,0.0721651940516589
"1288","Malta",2004,0.0694530858266456
"1289","Malta",2005,0.0668138459615945
"1290","Malta",2006,0.0652628361383176
"1291","Malta",2007,0.0644637779876258
"1292","Malta",2008,0.0636936308931921
"1293","Malta",2009,0.0629453349376626
"1294","Malta",2010,0.0622154703126978
"1295","Malta",2011,0.0615225112505802
"1296","Malta",2012,0.0609186273453609
"1297","Malta",2013,0.0605121558169389
"1298","Malta",2014,0.0604290992458047
"1299","Malta",2015,0.0605423755229667
"1300","Mauritius",1985,0.666277262534228
"1301","Mauritius",1986,0.656805860365371
"1302","Mauritius",1987,0.648582630766344
"1303","Mauritius",1988,0.639826335322881
"1304","Mauritius",1989,0.635736267835494
"1305","Mauritius",1990,0.631146922593856
"1306","Mauritius",1991,0.641440527192701
"1307","Mauritius",1992,0.644362918524814
"1308","Mauritius",1993,0.64665173051056
"1309","Mauritius",1994,0.64740167824663
"1310","Mauritius",1995,0.648347440322395
"1311","Mauritius",1996,0.647790303728338
"1312","Mauritius",1997,0.646521057110747
"1313","Mauritius",1998,0.645439300945824
"1314","Mauritius",1999,0.644986910027907
"1315","Mauritius",2000,0.644305228610874
"1316","Mauritius",2001,0.642836695517462
"1317","Mauritius",2002,0.642085804570662
"1318","Mauritius",2003,0.640603899344006
"1319","Mauritius",2004,0.639528706581137
"1320","Mauritius",2005,0.638284005555042
"1321","Mauritius",2006,0.636023040925903
"1322","Mauritius",2007,0.634548471944991
"1323","Mauritius",2008,0.631938331563809
"1324","Mauritius",2009,0.627548398001987
"1325","Mauritius",2010,0.627329320509695
"1326","Mauritius",2011,0.625010546698223
"1327","Mauritius",2012,0.624117782589103
"1328","Mauritius",2013,0.644776715173816
"1329","Mauritius",2014,0.64489740973142
"1330","Mauritius",2015,0.645051430966299
"1331","Mauritius",2016,0.752278491344
"1332","Mexico",1985,0.355511642608536
"1333","Mexico",1986,0.348756510466679
"1334","Mexico",1987,0.355870166261159
"1335","Mexico",1988,0.348131230104655
"1336","Mexico",1989,0.340660808858577
"1337","Mexico",1990,0.333841934539616
"1338","Mexico",1991,0.328094232895287
"1339","Mexico",1992,0.327900821563949
"1340","Mexico",1993,0.323146814351934
"1341","Mexico",1994,0.318320997391728
"1342","Mexico",1995,0.313363285877215
"1343","Mexico",1996,0.300642196016231
"1344","Mexico",1997,0.2971884248535
"1345","Mexico",1998,0.293804451560926
"1346","Mexico",1999,0.290418608269999
"1347","Mexico",2000,0.286668800421126
"1348","Mexico",2001,0.282477979926244
"1349","Mexico",2002,0.278242264618938
"1350","Mexico",2003,0.273996985458228
"1351","Mexico",2004,0.269790125161318
"1352","Mexico",2005,0.265680115878
"1353","Mexico",2006,0.261443132670193
"1354","Mexico",2007,0.257360882071282
"1355","Mexico",2008,0.253398629750472
"1356","Mexico",2009,0.24956258313823
"1357","Mexico",2010,0.245827580605672
"1358","Mexico",2011,0.242140072861016
"1359","Mexico",2012,0.238577008357212
"1360","Mexico",2013,0.235069890264849
"1361","Mexico",2014,0.231561205577048
"1362","Mexico",2015,0.228041205903729
"1363","Mongolia",2016,0.44278484399725
"1364","Montenegro",2000,0.433387653390799
"1365","Montenegro",2001,0.424481007277044
"1366","Montenegro",2002,0.415551895816088
"1367","Montenegro",2003,0.405917655846497
"1368","Montenegro",2004,0.399390327771894
"1369","Montenegro",2005,0.395318851985399
"1370","Montenegro",2006,0.391137760178907
"1371","Montenegro",2007,0.386581409803404
"1372","Montenegro",2008,0.381975543855962
"1373","Montenegro",2009,0.377844943307977
"1374","Netherlands",1985,0.354152841826598
"1375","Netherlands",1986,0.349881468374176
"1376","Netherlands",1987,0.345810456136281
"1377","Netherlands",1988,0.341888512172715
"1378","Netherlands",1989,0.337970799826926
"1379","Netherlands",1990,0.334102642721888
"1380","Netherlands",1991,0.327461789932426
"1381","Netherlands",1992,0.318029154173613
"1382","Netherlands",1993,0.308721474072108
"1383","Netherlands",1994,0.299564492970093
"1384","Netherlands",1995,0.290414378166756
"1385","Netherlands",1996,0.281291954534451
"1386","Netherlands",1997,0.272409833918959
"1387","Netherlands",1998,0.26383707302288
"1388","Netherlands",1999,0.255539154831503
"1389","Netherlands",2000,0.2474691352899
"1390","Netherlands",2001,0.236557922823652
"1391","Netherlands",2002,0.222931651341918
"1392","Netherlands",2003,0.209803887262571
"1393","Netherlands",2004,0.197162138633246
"1394","Netherlands",2005,0.18502942052646
"1395","Netherlands",2006,0.174047014262366
"1396","Netherlands",2007,0.164194975755904
"1397","Netherlands",2008,0.154816120034844
"1398","Netherlands",2009,0.145277610938525
"1399","Netherlands",2010,0.136236131743419
"1400","Netherlands",2011,0.128287223508913
"1401","Netherlands",2012,0.120715648671827
"1402","Netherlands",2013,0.114284220978145
"1403","Netherlands",2014,0.109360735605106
"1404","Netherlands",2015,0.103671323456191
"1405","New Zealand",1985,0.175211125913436
"1406","New Zealand",1986,0.174002784441101
"1407","New Zealand",1987,0.171666446238572
"1408","New Zealand",1988,0.169070381948684
"1409","New Zealand",1989,0.166844387086498
"1410","New Zealand",1990,0.164452914982548
"1411","New Zealand",1991,0.164178918137608
"1412","New Zealand",1992,0.162602558226431
"1413","New Zealand",1993,0.160930233126533
"1414","New Zealand",1994,0.159173020282265
"1415","New Zealand",1995,0.157299141235657
"1416","New Zealand",1996,0.15547730357544
"1417","New Zealand",1997,0.154937134765393
"1418","New Zealand",1998,0.153991905335187
"1419","New Zealand",1999,0.151910756512339
"1420","New Zealand",2000,0.150899448217543
"1421","New Zealand",2001,0.149868119477946
"1422","New Zealand",2002,0.149331641884777
"1423","New Zealand",2003,0.148791997470921
"1424","New Zealand",2004,0.147472025721951
"1425","New Zealand",2005,0.146689472657361
"1426","New Zealand",2006,0.145976979947422
"1427","New Zealand",2007,0.146608609788306
"1428","New Zealand",2008,0.147272827609564
"1429","New Zealand",2009,0.147855563405413
"1430","New Zealand",2010,0.148475232593206
"1431","New Zealand",2011,0.148974895494664
"1432","New Zealand",2012,0.14803593706282
"1433","New Zealand",2013,0.148210881426597
"1434","Nicaragua",2010,0.483997620720253
"1435","Nicaragua",2011,0.481042394999384
"1436","Nicaragua",2012,0.477772589786733
"1437","Nicaragua",2013,0.474314878196397
"1438","Nicaragua",2014,0.470885019227477
"1439","Nicaragua",2015,0.46760677105968
"1440","Norway",1986,0.30426558676136
"1441","Norway",1987,0.302923195591501
"1442","Norway",1988,0.301861525905456
"1443","Norway",1989,0.301027023351276
"1444","Norway",1990,0.300274833949755
"1445","Norway",1991,0.2975357958174
"1446","Norway",1992,0.293670787089381
"1447","Norway",1993,0.289641368996043
"1448","Norway",1994,0.285433941082007
"1449","Norway",1995,0.281730988996033
"1450","Norway",1996,0.278673546181082
"1451","Norway",1997,0.274096615368564
"1452","Norway",1998,0.26799770717351
"1453","Norway",1999,0.262056865972105
"1454","Norway",2000,0.258361890029451
"1455","Norway",2001,0.252956510681587
"1456","Norway",2002,0.248814828604351
"1457","Norway",2003,0.244804914436156
"1458","Norway",2004,0.241243005224827
"1459","Norway",2005,0.238091777961857
"1460","Norway",2006,0.235053649227008
"1461","Norway",2007,0.232037162383952
"1462","Norway",2008,0.228959166743066
"1463","Norway",2009,0.225943156290054
"1464","Norway",2010,0.222950341771539
"1465","Norway",2011,0.219157017819866
"1466","Norway",2012,0.214600986787451
"1467","Norway",2013,0.210041895240504
"1468","Norway",2014,0.205481710953748
"1469","Norway",2015,0.200991212207475
"1470","Oman",2009,0.280560296063354
"1471","Oman",2010,0.274871463495123
"1472","Oman",2014,0.216585116517065
"1473","Panama",1985,0.559076928421894
"1474","Panama",1986,0.555688666586594
"1475","Panama",1987,0.552195298770548
"1476","Panama",1988,0.537459714161287
"1477","Panama",1989,0.532613799893964
"1478","Panama",1996,0.46388380703738
"1479","Panama",1997,0.454073313749327
"1480","Panama",1998,0.444487046383044
"1481","Panama",1999,0.434946906012078
"1482","Panama",2000,0.426084178193803
"1483","Panama",2001,0.422432074861565
"1484","Panama",2002,0.418462975800049
"1485","Panama",2003,0.414301679104151
"1486","Panama",2004,0.410175044732588
"1487","Panama",2005,0.406219648333757
"1488","Panama",2006,0.402210694018354
"1489","Panama",2007,0.398469038683766
"1490","Panama",2008,0.394901251316295
"1491","Panama",2009,0.391386691736294
"1492","Panama",2010,0.387863667902918
"1493","Panama",2011,0.384357289562209
"1494","Panama",2012,0.380700361829559
"1495","Panama",2013,0.376897530737077
"1496","Panama",2014,0.372952042120167
"1497","Panama",2015,0.36890251474654
"1498","Paraguay",1985,0.656458308622939
"1499","Paraguay",1986,0.647346707346025
"1500","Paraguay",1987,0.637695065812869
"1501","Paraguay",1989,0.617524630858727
"1502","Paraguay",1990,0.607236611117821
"1503","Paraguay",1991,0.59679787092598
"1504","Paraguay",1994,0.568002964366681
"1505","Paraguay",1995,0.559015384524815
"1506","Paraguay",1996,0.550107941722232
"1507","Paraguay",1997,0.54146022823009
"1508","Paraguay",1998,0.532881352842179
"1509","Paraguay",1999,0.52414518341818
"1510","Paraguay",2000,0.51513290427756
"1511","Paraguay",2001,0.506401506812456
"1512","Paraguay",2002,0.4970427794879
"1513","Paraguay",2003,0.490338970305803
"1514","Paraguay",2004,0.48439739645639
"1515","Paraguay",2005,0.478961692459004
"1516","Paraguay",2006,0.473465198648942
"1517","Paraguay",2007,0.4689361750236
"1518","Paraguay",2008,0.465013368213936
"1519","Paraguay",2009,0.461175234654168
"1520","Paraguay",2010,0.457087136005828
"1521","Paraguay",2011,0.453381160324392
"1522","Paraguay",2012,0.449076815133363
"1523","Paraguay",2013,0.444774539733103
"1524","Paraguay",2014,0.440652001371309
"1525","Philippines",1992,0.625813111493176
"1526","Philippines",1993,0.625283643971098
"1527","Philippines",1997,0.623997742967703
"1528","Philippines",1998,0.62420463353904
"1529","Philippines",1999,0.624479371085595
"1530","Philippines",2000,0.624746921571567
"1531","Philippines",2001,0.625263738404846
"1532","Philippines",2002,0.625687602406976
"1533","Philippines",2003,0.626023421915594
"1534","Philippines",2006,0.624660165590565
"1535","Philippines",2007,0.623382559281403
"1536","Philippines",2008,0.621899002849255
"1537","Philippines",2009,0.6204822197384
"1538","Philippines",2010,0.619113777428939
"1539","Philippines",2011,0.616442115562229
"1540","Poland",1990,0.419746609685065
"1541","Poland",1991,0.417996784466264
"1542","Poland",1992,0.416344278779503
"1543","Poland",1993,0.414738370089394
"1544","Poland",1994,0.413197374493955
"1545","Poland",1995,0.411627662405168
"1546","Poland",1996,0.409888299081808
"1547","Poland",1999,0.405129940365878
"1548","Poland",2000,0.40423907867187
"1549","Poland",2001,0.402962513890538
"1550","Poland",2002,0.401925012777358
"1551","Poland",2003,0.402750982456403
"1552","Poland",2004,0.403493940615255
"1553","Poland",2005,0.4044944586354
"1554","Poland",2006,0.405660214624463
"1555","Poland",2007,0.407033281848254
"1556","Poland",2008,0.408817189403815
"1557","Poland",2009,0.410717872089489
"1558","Poland",2010,0.412952756027902
"1559","Poland",2011,0.414583157331942
"1560","Poland",2012,0.415853917010499
"1561","Poland",2013,0.416804717006404
"1562","Poland",2014,0.417406018381053
"1563","Poland",2015,0.418132299390222
"1564","Portugal",1985,0.588700624902632
"1565","Portugal",1986,0.581408731332324
"1566","Portugal",1987,0.573826606063126
"1567","Portugal",1988,0.566324045937219
"1568","Portugal",1989,0.559041794973294
"1569","Portugal",1990,0.551943648187551
"1570","Portugal",1991,0.545412532458396
"1571","Portugal",1992,0.538510106516388
"1572","Portugal",1993,0.531702323985878
"1573","Portugal",1994,0.524681618607865
"1574","Portugal",1995,0.517413785004927
"1575","Portugal",1996,0.510073654148015
"1576","Portugal",1997,0.502797090933423
"1577","Portugal",1998,0.495632628135414
"1578","Portugal",1999,0.48870706678421
"1579","Portugal",2000,0.481750982486192
"1580","Portugal",2001,0.4749118128613
"1581","Portugal",2002,0.468510876401253
"1582","Portugal",2003,0.462037329926903
"1583","Portugal",2007,0.434659435598499
"1584","Portugal",2008,0.427784126657509
"1585","Portugal",2009,0.421008666836021
"1586","Portugal",2010,0.414169529839632
"1587","Portugal",2011,0.407422435230854
"1588","Portugal",2012,0.400877640001687
"1589","Portugal",2013,0.394284669869781
"1590","Portugal",2014,0.387659066368181
"1591","Puerto Rico",1985,0.171813407359803
"1592","Puerto Rico",1986,0.144953822552233
"1593","Puerto Rico",1987,0.122375957115458
"1594","Puerto Rico",1988,0.102930800182099
"1595","Puerto Rico",1989,0.0863121729970848
"1596","Puerto Rico",1990,0.0779153939090531
"1597","Puerto Rico",1991,0.0758593612197698
"1598","Puerto Rico",1992,0.0734176606899052
"1599","Puerto Rico",1993,0.0717756793791225
"1600","Puerto Rico",1994,0.0700897977494486
"1601","Puerto Rico",1995,0.0684315238855697
"1602","Puerto Rico",1996,0.0670516758068613
"1603","Puerto Rico",1997,0.065490780299689
"1604","Puerto Rico",1998,0.0637196287846319
"1605","Puerto Rico",1999,0.0620378604423713
"1606","Puerto Rico",2000,0.0609032366082869
"1607","Puerto Rico",2001,0.0614414857931647
"1608","Puerto Rico",2002,0.0620871112886895
"1609","Puerto Rico",2003,0.0628000296672915
"1610","Puerto Rico",2004,0.0635586933423476
"1611","Puerto Rico",2005,0.0642019060663128
"1612","Puerto Rico",2006,0.0646412141397762
"1613","Puerto Rico",2007,0.0649805131164359
"1614","Puerto Rico",2008,0.0653038914106005
"1615","Puerto Rico",2009,0.0656520709719542
"1616","Puerto Rico",2010,0.0660284221837845
"1617","Puerto Rico",2011,0.0659151917576013
"1618","Puerto Rico",2012,0.0656635392966743
"1619","Puerto Rico",2013,0.065348164253128
"1620","Puerto Rico",2014,0.0646591127461389
"1621","Puerto Rico",2015,0.0638272361437685
"1622","Qatar",1995,0.0554169813356349
"1623","Qatar",2001,0.0399529921183946
"1624","Qatar",2004,0.0316742016546375
"1625","Qatar",2005,0.0282707291691511
"1626","Qatar",2006,0.0250316192794102
"1627","Qatar",2007,0.0222146519883817
"1628","Qatar",2008,0.0197303859848329
"1629","Qatar",2009,0.0175694421398467
"1630","Qatar",2010,0.0157890095425348
"1631","Qatar",2011,0.014718874353993
"1632","Qatar",2012,0.0137223872400968
"1633","Qatar",2013,0.0128049265928302
"1634","Qatar",2014,0.0119368490147148
"1635","Qatar",2015,0.0111207961436579
"1636","Qatar",2016,0.0114376884780866
"1637","Romania",1989,0.515391107058441
"1638","Romania",1990,0.507175227097817
"1639","Romania",1991,0.493831275336412
"1640","Romania",1992,0.491523925005115
"1641","Romania",1993,0.490635430990096
"1642","Romania",1994,0.489742191632741
"1643","Romania",1995,0.488882469179841
"1644","Romania",1996,0.490323475843986
"1645","Romania",1997,0.491176213618971
"1646","Romania",1998,0.49246679730126
"1647","Romania",1999,0.493944502602225
"1648","Romania",2000,0.495401613149513
"1649","Romania",2001,0.490520187009869
"1650","Romania",2002,0.495693333438322
"1651","Romania",2003,0.491794389481219
"1652","Romania",2004,0.488729823168161
"1653","Romania",2005,0.485326928913477
"1654","Romania",2006,0.482127791297929
"1655","Romania",2007,0.474917664333239
"1656","Romania",2008,0.46669484546294
"1657","Romania",2009,0.462488750487166
"1658","Romania",2010,0.459400648200249
"1659","Romania",2011,0.457128830297232
"1660","Romania",2012,0.484828660624281
"1661","Romania",2013,0.484393064253
"1662","Romania",2014,0.484272093277015
"1663","Romania",2015,0.484390790719727
"1664","Romania",2016,0.545678960277697
"1665","Russian Federation",1989,0.29013317486564
"1666","Russian Federation",1990,0.289260193395073
"1667","Russian Federation",1991,0.288093447199628
"1668","Russian Federation",1992,0.286518186240129
"1669","Russian Federation",1993,0.287121321615064
"1670","Russian Federation",1994,0.285196854873279
"1671","Russian Federation",1995,0.284062919680812
"1672","Russian Federation",1996,0.28332539003849
"1673","Russian Federation",1997,0.282878335054922
"1674","Russian Federation",1998,0.282780009194945
"1675","Russian Federation",1999,0.282780917209032
"1676","Russian Federation",2000,0.282679970006446
"1677","Russian Federation",2001,0.282926394569111
"1678","Russian Federation",2002,0.28359970332138
"1679","Russian Federation",2003,0.281094203936219
"1680","Russian Federation",2004,0.279385927219112
"1681","Russian Federation",2005,0.279706939500504
"1682","Russian Federation",2006,0.279974817494917
"1683","Russian Federation",2007,0.280219261217802
"1684","Russian Federation",2008,0.280437315061582
"1685","Russian Federation",2009,0.280681941932634
"1686","Russian Federation",2010,0.278706118254218
"1687","Russian Federation",2011,0.278694698446242
"1688","Russian Federation",2012,0.278697101326343
"1689","Russian Federation",2013,0.278429942707572
"1690","Russian Federation",2014,0.278107941936204
"1691","Russian Federation",2015,0.272904876569476
"1692","San Marino",1999,0.0740681935458262
"1693","San Marino",2000,0.0709105242412298
"1694","San Marino",2005,0.0573854590482929
"1695","Seychelles",1985,0.577372122650565
"1696","Seychelles",1986,0.580146687339942
"1697","Seychelles",1987,0.596130426579304
"1698","Seychelles",2001,0.531765829839181
"1699","Seychelles",2002,0.53478967557376
"1700","Seychelles",2003,0.516064436309835
"1701","Seychelles",2004,0.502821811979532
"1702","Seychelles",2005,0.494987701017293
"1703","Seychelles",2006,0.497404886647407
"1704","Seychelles",2007,0.492797454209785
"1705","Seychelles",2008,0.496990386123207
"1706","Seychelles",2009,0.492113148747453
"1707","Seychelles",2010,0.49936819016284
"1708","Seychelles",2011,0.50135038033648
"1709","Seychelles",2012,0.498775007694675
"1710","Seychelles",2013,0.495432628237746
"1711","Seychelles",2014,0.490661450754955
"1712","Seychelles",2015,0.484758580570099
"1713","Singapore",1985,0
"1714","Singapore",1986,0
"1715","Singapore",1987,0
"1716","Singapore",1988,0
"1717","Singapore",1989,0
"1718","Singapore",1990,0
"1719","Singapore",1991,0
"1720","Singapore",1992,0
"1721","Singapore",1993,0
"1722","Singapore",1994,0
"1723","Singapore",1995,0
"1724","Singapore",1996,0
"1725","Singapore",1997,0
"1726","Singapore",1998,0
"1727","Singapore",1999,0
"1728","Singapore",2000,0
"1729","Singapore",2001,0
"1730","Singapore",2002,0
"1731","Singapore",2003,0
"1732","Singapore",2004,0
"1733","Singapore",2005,0
"1734","Singapore",2006,0
"1735","Singapore",2007,0
"1736","Singapore",2008,0
"1737","Singapore",2009,0
"1738","Singapore",2010,0
"1739","Singapore",2011,0
"1740","Singapore",2012,0
"1741","Singapore",2013,0
"1742","Singapore",2014,0
"1743","Singapore",2015,0
"1744","Slovenia",1995,0.521527854815364
"1745","Slovenia",1996,0.518412910880085
"1746","Slovenia",1997,0.51997052923694
"1747","Slovenia",1998,0.519556709271548
"1748","Slovenia",1999,0.518512779392497
"1749","Slovenia",2000,0.519201859119929
"1750","Slovenia",2001,0.515687168620298
"1751","Slovenia",2002,0.51422230965965
"1752","Slovenia",2003,0.511783454515907
"1753","Slovenia",2004,0.509672340204721
"1754","Slovenia",2005,0.507145554650076
"1755","Slovenia",2006,0.504621929550692
"1756","Slovenia",2007,0.502789087303543
"1757","Slovenia",2008,0.496978792123921
"1758","Slovenia",2009,0.499582912383795
"1759","Slovenia",2010,0.498690079829286
"1760","Slovenia",2011,0.497406613931569
"1761","Slovenia",2012,0.495708351897159
"1762","Slovenia",2013,0.493430348969885
"1763","Slovenia",2014,0.490650362975058
"1764","Slovenia",2015,0.487939679725043
"1765","South Africa",1996,0.511427660967818
"1766","South Africa",1997,0.504816269700721
"1767","South Africa",1998,0.498433835504974
"1768","South Africa",1999,0.492154080776823
"1769","South Africa",2000,0.485918627626911
"1770","South Africa",2001,0.480140048949147
"1771","South Africa",2002,0.473615468462979
"1772","South Africa",2003,0.466811441434708
"1773","South Africa",2004,0.460048981679829
"1774","South Africa",2005,0.45344335096447
"1775","South Africa",2006,0.447101705304138
"1776","South Africa",2007,0.44075139270011
"1777","South Africa",2008,0.448324927501547
"1778","South Africa",2009,0.428189291528158
"1779","South Africa",2010,0.422072768610826
"1780","South Africa",2011,0.415971075960428
"1781","South Africa",2012,0.409929210854031
"1782","South Africa",2013,0.403952486579918
"1783","South Africa",2014,0.397939774857484
"1784","South Africa",2015,0.391860264622444
"1785","Spain",1985,0.275582207528899
"1786","Spain",1986,0.272221702448121
"1787","Spain",1987,0.268977747332852
"1788","Spain",1988,0.265880317239788
"1789","Spain",1989,0.262871872302101
"1790","Spain",1990,0.259903469214314
"1791","Spain",1991,0.258017910606392
"1792","Spain",1992,0.258116930720147
"1793","Spain",1993,0.257742308281527
"1794","Spain",1994,0.257536784366443
"1795","Spain",1995,0.257301074510438
"1796","Spain",1996,0.257043044759058
"1797","Spain",1997,0.256814910925948
"1798","Spain",1998,0.256639109620434
"1799","Spain",1999,0.254562988141185
"1800","Spain",2000,0.251304821344323
"1801","Spain",2001,0.249628185306394
"1802","Spain",2002,0.247142672818613
"1803","Spain",2003,0.245241905531294
"1804","Spain",2004,0.243185614968642
"1805","Spain",2005,0.240934636518375
"1806","Spain",2006,0.238908968768789
"1807","Spain",2007,0.236618525139816
"1808","Spain",2008,0.23428362629786
"1809","Spain",2009,0.232293993801392
"1810","Spain",2010,0.230323770487761
"1811","Spain",2011,0.228419512030593
"1812","Spain",2012,0.222663195759097
"1813","Spain",2013,0.219957657234417
"1814","Spain",2014,0.217121646791829
"1815","Spain",2015,0.214405096177616
"1816","Sri Lanka",1985,0.950295882925894
"1817","Sri Lanka",1986,0.947454724534108
"1818","Sri Lanka",1996,0.899696705284625
"1819","Sri Lanka",1997,0.898448324064807
"1820","Sri Lanka",1998,0.896669734541262
"1821","Sri Lanka",1999,0.895092668232171
"1822","Sri Lanka",2000,0.894370550227612
"1823","Sri Lanka",2001,0.89417420389296
"1824","Sri Lanka",2002,0.894581993654157
"1825","Sri Lanka",2003,0.895448437416278
"1826","Sri Lanka",2006,0.89834955131635
"1827","Suriname",1985,0.399050514253132
"1828","Suriname",1986,0.399534163870118
"1829","Suriname",1987,0.398856674718536
"1830","Suriname",1988,0.396944159805896
"1831","Suriname",1989,0.394844761937629
"1832","Suriname",1990,0.400738741787377
"1833","Suriname",1991,0.391337997135618
"1834","Suriname",1992,0.38994854063399
"1835","Suriname",1995,0.386551622305253
"1836","Suriname",1996,0.384877945256009
"1837","Suriname",1997,0.383280863083757
"1838","Suriname",1998,0.381642120964557
"1839","Suriname",1999,0.379981805160366
"1840","Suriname",2000,0.378315616631901
"1841","Suriname",2001,0.376810296902826
"1842","Suriname",2002,0.375147904234768
"1843","Suriname",2003,0.373416952060686
"1844","Suriname",2004,0.37172132446493
"1845","Suriname",2005,0.371528631387922
"1846","Suriname",2006,0.371421196839137
"1847","Suriname",2007,0.371415439775032
"1848","Suriname",2008,0.37152907764797
"1849","Suriname",2009,0.371700226804606
"1850","Suriname",2010,0.371943880198213
"1851","Suriname",2011,0.372304899879964
"1852","Suriname",2012,0.37269413612888
"1853","Suriname",2013,0.373109107157365
"1854","Suriname",2014,0.37333183310495
"1855","Sweden",1987,0.179444787021774
"1856","Sweden",1988,0.179773647407779
"1857","Sweden",1989,0.180206762227958
"1858","Sweden",1990,0.180676620323442
"1859","Sweden",1991,0.1799969929491
"1860","Sweden",1992,0.178650327175057
"1861","Sweden",1993,0.177154739333776
"1862","Sweden",1994,0.175408647385199
"1863","Sweden",1995,0.173429591469745
"1864","Sweden",1996,0.171877116870658
"1865","Sweden",1997,0.170911990794221
"1866","Sweden",1998,0.169992790818352
"1867","Sweden",1999,0.169185322440378
"1868","Sweden",2000,0.168537220022003
"1869","Sweden",2001,0.167908947144781
"1870","Sweden",2002,0.167275171752229
"1871","Sweden",2003,0.166745460241634
"1872","Sweden",2004,0.166280199875151
"1873","Sweden",2005,0.165826113689265
"1874","Sweden",2006,0.164858626558046
"1875","Sweden",2007,0.163388325167224
"1876","Sweden",2008,0.161864785713998
"1877","Sweden",2009,0.160336037674155
"1878","Sweden",2010,0.1588401888401
"1879","Sweden",2011,0.156372933302344
"1880","Sweden",2012,0.152966785899065
"1881","Sweden",2013,0.149621534910698
"1882","Sweden",2014,0.14630559464152
"1883","Sweden",2015,0.144571110397964
"1884","Sweden",2016,0.160560005208069
"1885","Switzerland",1995,0.280308080044113
"1886","Switzerland",1996,0.280654177466977
"1887","Switzerland",1997,0.280935210789907
"1888","Switzerland",1998,0.280248612376672
"1889","Switzerland",1999,0.280528489965524
"1890","Switzerland",2000,0.280814557117242
"1891","Switzerland",2001,0.28036600895185
"1892","Switzerland",2002,0.27912243296647
"1893","Switzerland",2003,0.279826478837024
"1894","Switzerland",2004,0.279332386656903
"1895","Switzerland",2005,0.278913211440284
"1896","Switzerland",2006,0.27856277704307
"1897","Switzerland",2007,0.278242401159531
"1898","Switzerland",2008,0.277991130020635
"1899","Switzerland",2009,0.277795724088842
"1900","Switzerland",2010,0.277616200134747
"1901","Switzerland",2011,0.277521763980803
"1902","Switzerland",2012,0.277388911884683
"1903","Switzerland",2013,0.277244181630785
"1904","Switzerland",2014,0.275806178583291
"1905","Switzerland",2015,0.27580337948557
"1906","Thailand",1985,0.808156257232183
"1907","Thailand",1986,0.802133172887567
"1908","Thailand",1987,0.796162327957731
"1909","Thailand",1990,0.779522341289015
"1910","Thailand",1991,0.776048345861127
"1911","Thailand",1992,0.772745847804473
"1912","Thailand",1994,0.78133491903105
"1913","Thailand",1995,0.762977076616443
"1914","Thailand",1996,0.759677050796373
"1915","Thailand",1997,0.755935761859632
"1916","Thailand",1998,0.751932590443793
"1917","Thailand",1999,0.747913472212086
"1918","Thailand",2000,0.74144238378078
"1919","Thailand",2002,0.72873760006069
"1920","Thailand",2003,0.698130612381679
"1921","Thailand",2004,0.683704945034284
"1922","Thailand",2005,0.669293276628384
"1923","Thailand",2006,0.654936222625053
"1924","Thailand",2007,0.674404023017894
"1925","Thailand",2008,0.660302062385229
"1926","Thailand",2009,0.646030790374758
"1927","Thailand",2010,0.631317740667041
"1928","Thailand",2011,0.619720810682941
"1929","Thailand",2012,0.612966216432854
"1930","Thailand",2013,0.603387495423464
"1931","Thailand",2014,0.593718261325824
"1932","Thailand",2015,0.586211155866046
"1933","Thailand",2016,0.664281233326551
"1934","Trinidad and Tobago",1985,0.54358676231472
"1935","Trinidad and Tobago",1986,0.519873285725993
"1936","Trinidad and Tobago",1987,0.514621613074642
"1937","Trinidad and Tobago",1988,0.508560141876468
"1938","Trinidad and Tobago",1989,0.522413530454644
"1939","Trinidad and Tobago",1990,0.51498253102202
"1940","Trinidad and Tobago",1991,0.509953257755664
"1941","Trinidad and Tobago",1992,0.49723424224418
"1942","Trinidad and Tobago",1993,0.491195252812634
"1943","Trinidad and Tobago",1994,0.485364618312307
"1944","Trinidad and Tobago",1995,0.491003103098399
"1945","Trinidad and Tobago",1996,0.487330758199805
"1946","Trinidad and Tobago",1997,0.483698252038256
"1947","Trinidad and Tobago",1998,0.480089046813794
"1948","Trinidad and Tobago",1999,0.476781697757648
"1949","Trinidad and Tobago",2000,0.474486661167517
"1950","Trinidad and Tobago",2001,0.476133535583151
"1951","Trinidad and Tobago",2002,0.478005990910169
"1952","Trinidad and Tobago",2003,0.480065870825202
"1953","Trinidad and Tobago",2004,0.482236315292592
"1954","Trinidad and Tobago",2005,0.484497358710945
"1955","Trinidad and Tobago",2006,0.487301765812014
"1956","Trinidad and Tobago",2007,0.48973672743328
"1957","Trinidad and Tobago",2008,0.491892725308918
"1958","Trinidad and Tobago",2009,0.493943341675523
"1959","Trinidad and Tobago",2010,0.496013413452282
"1960","Trinidad and Tobago",2011,0.498058902979097
"1961","Turkey",2009,0.321847318518635
"1962","Turkey",2010,0.315062865422945
"1963","Turkey",2011,0.308574029610157
"1964","Turkey",2012,0.302986802450228
"1965","Turkey",2013,0.297909528304758
"1966","Turkey",2014,0.292380382454202
"1967","Turkey",2015,0.287352885098893
"1968","Turkmenistan",1987,0.649059966751787
"1969","Turkmenistan",1988,0.652894558693723
"1970","Turkmenistan",1989,0.655714686323879
"1971","Turkmenistan",1990,0.656996344893712
"1972","Turkmenistan",1991,0.659108408187065
"1973","Turkmenistan",1992,0.660535626506924
"1974","Turkmenistan",1993,0.664402850589039
"1975","Turkmenistan",1994,0.664383259506512
"1976","Turkmenistan",1995,0.608396467341557
"1977","Turkmenistan",1996,0.60241921737306
"1978","Turkmenistan",1997,0.595251698469524
"1979","Turkmenistan",1998,0.587160766207854
"1980","Turkmenistan",1999,0.612718139920253
"1981","Turkmenistan",2000,0.60664416727369
"1982","Turkmenistan",2001,0.600185743003753
"1983","Turkmenistan",2002,0.596741360906805
"1984","Turkmenistan",2003,0.595242979399632
"1985","Turkmenistan",2004,0.594073238168312
"1986","Turkmenistan",2005,0.591997330530924
"1987","Turkmenistan",2006,0.591125770264417
"1988","Turkmenistan",2007,0.58786047623368
"1989","Turkmenistan",2008,0.58318941211241
"1990","Turkmenistan",2009,0.578779913247235
"1991","Turkmenistan",2010,0.57575563820068
"1992","Turkmenistan",2011,0.572367283342153
"1993","Turkmenistan",2012,0.570862541388072
"1994","Turkmenistan",2013,0.570290240890166
"1995","Turkmenistan",2014,0.568968878631401
"1996","Turkmenistan",2015,0.565842937144366
"1997","Ukraine",1987,0.369965458625888
"1998","Ukraine",1988,0.364071651800074
"1999","Ukraine",1989,0.360772117391715
"2000","Ukraine",1990,0.359597295908469
"2001","Ukraine",1991,0.358216197345755
"2002","Ukraine",1992,0.356704449274254
"2003","Ukraine",1993,0.355067935722354
"2004","Ukraine",1994,0.353352262421023
"2005","Ukraine",1995,0.351630572326711
"2006","Ukraine",1996,0.349852674135639
"2007","Ukraine",1997,0.348087174256888
"2008","Ukraine",1998,0.346382047211307
"2009","Ukraine",1999,0.344604319596496
"2010","Ukraine",2000,0.342845358493607
"2011","Ukraine",2001,0.341336457721098
"2012","Ukraine",2002,0.342388316044514
"2013","Ukraine",2003,0.340809705868502
"2014","Ukraine",2004,0.339249402955381
"2015","Ukraine",2005,0.337623834618946
"2016","Ukraine",2006,0.336323434216333
"2017","Ukraine",2007,0.335182529122537
"2018","Ukraine",2008,0.334098950468126
"2019","Ukraine",2009,0.333024618126498
"2020","Ukraine",2010,0.332708922435625
"2021","Ukraine",2011,0.332236938021662
"2022","Ukraine",2012,0.331655728072667
"2023","Ukraine",2014,0.347190919491582
"2024","Ukraine",2015,0.346264722262217
"2025","United Arab Emirates",2005,0.18977584983205
"2026","United Arab Emirates",2006,0.184731756257261
"2027","United Arab Emirates",2007,0.180163430423553
"2028","United Arab Emirates",2008,0.175926703888372
"2029","United Arab Emirates",2009,0.171858706006951
"2030","United Arab Emirates",2010,0.167877315272183
"2031","United Kingdom",1985,0.23054728571586
"2032","United Kingdom",1986,0.231123827253454
"2033","United Kingdom",1987,0.231626627881552
"2034","United Kingdom",1988,0.232365832344493
"2035","United Kingdom",1989,0.233007032458321
"2036","United Kingdom",1990,0.233659880516126
"2037","United Kingdom",1991,0.233179251605297
"2038","United Kingdom",1992,0.232424117163657
"2039","United Kingdom",1993,0.231452949942896
"2040","United Kingdom",1994,0.230486985280407
"2041","United Kingdom",1995,0.22940776717029
"2042","United Kingdom",1996,0.22824931876939
"2043","United Kingdom",1997,0.22716189926957
"2044","United Kingdom",1998,0.226123022552118
"2045","United Kingdom",1999,0.225014820893753
"2046","United Kingdom",2000,0.223981600426551
"2047","United Kingdom",2001,0.226055214070598
"2048","United Kingdom",2002,0.22250278555605
"2049","United Kingdom",2003,0.219394645410154
"2050","United Kingdom",2004,0.216457947081829
"2051","United Kingdom",2005,0.213550258959734
"2052","United Kingdom",2006,0.211035917488408
"2053","United Kingdom",2007,0.20861245463315
"2054","United Kingdom",2008,0.206186278323218
"2055","United Kingdom",2009,0.203628013864345
"2056","United Kingdom",2010,0.20094769956542
"2057","United Kingdom",2011,0.198000205598149
"2058","United Kingdom",2012,0.19377240452892
"2059","United Kingdom",2013,0.191002285603256
"2060","United Kingdom",2014,0.188120193791421
"2061","United Kingdom",2015,0.185247917737035
"2062","United States",1985,0.274936887977524
"2063","United States",1986,0.273098467959173
"2064","United States",1987,0.271260627359512
"2065","United States",1988,0.269477678898111
"2066","United States",1989,0.267924025030071
"2067","United States",1990,0.268129118711936
"2068","United States",1991,0.263878657835725
"2069","United States",1992,0.260286479603616
"2070","United States",1993,0.25667421728181
"2071","United States",1994,0.252885789931322
"2072","United States",1995,0.249048197682684
"2073","United States",1996,0.244909807140918
"2074","United States",1997,0.241311905837455
"2075","United States",1998,0.237326687804694
"2076","United States",1999,0.233768013572106
"2077","United States",2000,0.225335179329582
"2078","United States",2001,0.222948422908041
"2079","United States",2002,0.220363893288112
"2080","United States",2003,0.218532345032566
"2081","United States",2004,0.216652093392388
"2082","United States",2005,0.214830339436806
"2083","United States",2006,0.21284825181674
"2084","United States",2007,0.211773049240567
"2085","United States",2008,0.21068067770975
"2086","United States",2009,0.208636254739983
"2087","United States",2010,0.206641771975772
"2088","United States",2011,0.204561163408042
"2089","United States",2012,0.202457573526256
"2090","United States",2013,0.200252071239063
"2091","United States",2014,0.19815074831838
"2092","United States",2015,0.196093321070587
"2093","Uruguay",1985,0.140901899283298
"2094","Uruguay",1986,0.136757275617466
"2095","Uruguay",1987,0.132517495225631
"2096","Uruguay",1988,0.128427229451625
"2097","Uruguay",1989,0.124481467550088
"2098","Uruguay",1990,0.121008425896815
"2099","Uruguay",1993,0.110392513851633
"2100","Uruguay",1994,0.106946998884018
"2101","Uruguay",1995,0.103607663112211
"2102","Uruguay",1996,0.100321540374195
"2103","Uruguay",1997,0.0967966645975833
"2104","Uruguay",1998,0.093362672178867
"2105","Uruguay",1999,0.0900378735706796
"2106","Uruguay",2000,0.0868049977542235
"2107","Uruguay",2001,0.0836605385450952
"2108","Uruguay",2002,0.0806741227002751
"2109","Uruguay",2003,0.0777993021662074
"2110","Uruguay",2004,0.0750349748409419
"2111","Uruguay",2005,0.0723684189097769
"2112","Uruguay",2006,0.0697825404572493
"2113","Uruguay",2007,0.0672823270264686
"2114","Uruguay",2008,0.0648595584611931
"2115","Uruguay",2009,0.0625298019752067
"2116","Uruguay",2010,0.0602739033935587
"2117","Uruguay",2012,0.0566965107203817
"2118","Uruguay",2013,0.0555353147293984
"2119","Uruguay",2014,0.0543981299364372
"2120","Uruguay",2015,0.0532885837891235
"2121","Uzbekistan",1990,0.700585312536901
"2122","Uzbekistan",1991,0.702482176271217
"2123","Uzbekistan",1992,0.677786948688889
"2124","Uzbekistan",1993,0.678319078608101
"2125","Uzbekistan",1994,0.663255540005561
"2126","Uzbekistan",1995,0.654160485016558
"2127","Uzbekistan",1996,0.652632468577276
"2128","Uzbekistan",1997,0.642860317179558
"2129","Uzbekistan",1998,0.632207417013047
"2130","Uzbekistan",1999,0.619544839297781
"2131","Uzbekistan",2000,0.609487106102932
"2132","Uzbekistan",2001,0.59957723103873
"2133","Uzbekistan",2002,0.590831086797927
"2134","Uzbekistan",2003,0.583254172974984
"2135","Uzbekistan",2004,0.576609849549643
"2136","Uzbekistan",2005,0.570598492869681
"2137","Uzbekistan",2009,0.543838262601192
"2138","Uzbekistan",2010,0.546088451391919
"2139","Uzbekistan",2011,0.55170796114412
"2140","Uzbekistan",2012,0.552449069967888
"2141","Uzbekistan",2013,0.552715505557693
"2142","Uzbekistan",2014,0.553477422233717
