"","Country","Year","traffic_mortality"
"1","Albania",2000,15.4
"2","Albania",2001,15.842
"3","Albania",2002,15.724
"4","Albania",2003,15.606
"5","Albania",2004,15.488
"6","Albania",2005,15.9
"7","Albania",2006,15.252
"8","Albania",2007,15.134
"9","Albania",2008,15.016
"10","Albania",2009,14.898
"11","Albania",2010,15.4
"12","Albania",2011,14.662
"13","Albania",2012,14.544
"14","Albania",2013,14.426
"15","Albania",2014,14.308
"16","Albania",2015,13.6
"17","Antigua and Barbuda",2000,8.9
"18","Antigua and Barbuda",2001,7.012
"19","Antigua and Barbuda",2002,7.16399999999999
"20","Antigua and Barbuda",2003,7.31600000000003
"21","Antigua and Barbuda",2004,7.46800000000002
"22","Antigua and Barbuda",2005,5.9
"23","Antigua and Barbuda",2006,7.77199999999999
"24","Antigua and Barbuda",2007,7.92400000000004
"25","Antigua and Barbuda",2008,8.07600000000002
"26","Antigua and Barbuda",2009,8.22800000000001
"27","Antigua and Barbuda",2010,5.7
"28","Antigua and Barbuda",2011,8.53199999999998
"29","Antigua and Barbuda",2012,8.68400000000003
"30","Antigua and Barbuda",2013,8.83600000000001
"31","Antigua and Barbuda",2014,8.988
"32","Antigua and Barbuda",2015,11.5
"33","Argentina",2000,11.4
"34","Argentina",2001,11.164
"35","Argentina",2002,11.358
"36","Argentina",2003,11.552
"37","Argentina",2004,11.746
"38","Argentina",2005,11.3
"39","Argentina",2006,12.134
"40","Argentina",2007,12.328
"41","Argentina",2008,12.522
"42","Argentina",2009,12.716
"43","Argentina",2010,12.9
"44","Argentina",2011,13.104
"45","Argentina",2012,13.298
"46","Argentina",2013,13.492
"47","Argentina",2014,13.686
"48","Argentina",2015,14.1
"49","Armenia",2000,19.8
"50","Armenia",2001,18.702
"51","Armenia",2002,18.4440000000001
"52","Armenia",2003,18.186
"53","Armenia",2004,17.928
"54","Armenia",2005,16.6
"55","Armenia",2006,17.412
"56","Armenia",2007,17.154
"57","Armenia",2008,16.8960000000001
"58","Armenia",2009,16.638
"59","Armenia",2010,16
"60","Armenia",2011,16.1220000000001
"61","Armenia",2012,15.864
"62","Armenia",2013,15.606
"63","Armenia",2014,15.3480000000001
"64","Armenia",2015,15.7
"65","Australia",2000,9.5
"66","Australia",2001,9.16999999999996
"67","Australia",2002,8.88999999999999
"68","Australia",2003,8.61000000000001
"69","Australia",2004,8.33000000000004
"70","Australia",2005,8.1
"71","Australia",2006,7.76999999999998
"72","Australia",2007,7.49000000000001
"73","Australia",2008,7.21000000000004
"74","Australia",2009,6.92999999999995
"75","Australia",2010,6.4
"76","Australia",2011,6.37
"77","Australia",2012,6.09000000000003
"78","Australia",2013,5.80999999999995
"79","Australia",2014,5.52999999999997
"80","Australia",2015,5.4
"81","Austria",2000,12.2
"82","Austria",2001,11.3480000000001
"83","Austria",2002,10.9060000000001
"84","Austria",2003,10.4640000000001
"85","Austria",2004,10.022
"86","Austria",2005,9.3
"87","Austria",2006,9.13800000000003
"88","Austria",2007,8.69600000000003
"89","Austria",2008,8.25400000000002
"90","Austria",2009,7.81200000000001
"91","Austria",2010,6.7
"92","Austria",2011,6.92800000000011
"93","Austria",2012,6.4860000000001
"94","Austria",2013,6.0440000000001
"95","Austria",2014,5.60200000000009
"96","Austria",2015,5.7
"97","Azerbaijan",2000,8
"98","Azerbaijan",2001,10.284
"99","Azerbaijan",2002,10.348
"100","Azerbaijan",2003,10.412
"101","Azerbaijan",2004,10.476
"102","Azerbaijan",2005,13.8
"103","Azerbaijan",2006,10.604
"104","Azerbaijan",2007,10.668
"105","Azerbaijan",2008,10.732
"106","Azerbaijan",2009,10.796
"107","Azerbaijan",2010,11
"108","Azerbaijan",2011,10.924
"109","Azerbaijan",2012,10.988
"110","Azerbaijan",2013,11.052
"111","Azerbaijan",2014,11.116
"112","Azerbaijan",2015,10
"113","Bahrain",2000,12.4
"114","Bahrain",2001,14.242
"115","Bahrain",2002,13.824
"116","Bahrain",2003,13.4059999999999
"117","Bahrain",2004,12.9879999999999
"118","Bahrain",2005,15.8
"119","Bahrain",2006,12.152
"120","Bahrain",2007,11.734
"121","Bahrain",2008,11.316
"122","Bahrain",2009,10.898
"123","Bahrain",2010,10.8
"124","Bahrain",2011,10.062
"125","Bahrain",2012,9.64400000000001
"126","Bahrain",2013,9.226
"127","Bahrain",2014,8.80799999999999
"128","Bahrain",2015,7.1
"129","Barbados",2000,14.2
"130","Barbados",2001,12.682
"131","Barbados",2002,12.154
"132","Barbados",2003,11.626
"133","Barbados",2004,11.098
"134","Barbados",2005,8.8
"135","Barbados",2006,10.0419999999999
"136","Barbados",2007,9.5139999999999
"137","Barbados",2008,8.98599999999988
"138","Barbados",2009,8.45800000000008
"139","Barbados",2010,8.5
"140","Barbados",2011,7.40200000000004
"141","Barbados",2012,6.87400000000002
"142","Barbados",2013,6.346
"143","Barbados",2014,5.81799999999998
"144","Barbados",2015,5.5
"145","Belarus",2000,19
"146","Belarus",2001,22.354
"147","Belarus",2002,21.938
"148","Belarus",2003,21.522
"149","Belarus",2004,21.106
"150","Belarus",2005,24.3
"151","Belarus",2006,20.274
"152","Belarus",2007,19.8580000000001
"153","Belarus",2008,19.442
"154","Belarus",2009,19.0260000000001
"155","Belarus",2010,22.7
"156","Belarus",2011,18.1940000000001
"157","Belarus",2012,17.778
"158","Belarus",2013,17.3620000000001
"159","Belarus",2014,16.946
"160","Belarus",2015,12.6
"161","Belgium",2000,14.8
"162","Belgium",2001,13.6300000000001
"163","Belgium",2002,13.1100000000001
"164","Belgium",2003,12.5900000000001
"165","Belgium",2004,12.0700000000002
"166","Belgium",2005,11
"167","Belgium",2006,11.03
"168","Belgium",2007,10.51
"169","Belgium",2008,9.99000000000001
"170","Belgium",2009,9.47000000000003
"171","Belgium",2010,8.1
"172","Belgium",2011,8.43000000000006
"173","Belgium",2012,7.91000000000008
"174","Belgium",2013,7.3900000000001
"175","Belgium",2014,6.87000000000012
"176","Belgium",2015,7.1
"177","Belize",2000,30.8
"178","Belize",2001,31.498
"179","Belize",2002,30.5060000000001
"180","Belize",2003,29.5140000000001
"181","Belize",2004,28.5219999999999
"182","Belize",2005,34.6
"183","Belize",2006,26.538
"184","Belize",2007,25.546
"185","Belize",2008,24.5540000000001
"186","Belize",2009,23.5620000000001
"187","Belize",2010,13.5
"188","Belize",2011,21.578
"189","Belize",2012,20.586
"190","Belize",2013,19.5940000000001
"191","Belize",2014,18.6020000000001
"192","Belize",2015,21.3
"193","Bosnia and Herzegovina",2000,18.4
"194","Bosnia and Herzegovina",2001,18.066
"195","Bosnia and Herzegovina",2002,17.952
"196","Bosnia and Herzegovina",2003,17.838
"197","Bosnia and Herzegovina",2004,17.724
"198","Bosnia and Herzegovina",2005,17.3
"199","Bosnia and Herzegovina",2006,17.496
"200","Bosnia and Herzegovina",2007,17.382
"201","Bosnia and Herzegovina",2008,17.268
"202","Bosnia and Herzegovina",2009,17.154
"203","Bosnia and Herzegovina",2010,17
"204","Bosnia and Herzegovina",2011,16.926
"205","Bosnia and Herzegovina",2012,16.812
"206","Bosnia and Herzegovina",2013,16.698
"207","Bosnia and Herzegovina",2014,16.584
"208","Bosnia and Herzegovina",2015,16.6
"209","Brazil",2000,15.9
"210","Brazil",2001,16.424
"211","Brazil",2002,16.8779999999999
"212","Brazil",2003,17.332
"213","Brazil",2004,17.7859999999999
"214","Brazil",2005,18.2
"215","Brazil",2006,18.694
"216","Brazil",2007,19.1479999999999
"217","Brazil",2008,19.602
"218","Brazil",2009,20.0559999999999
"219","Brazil",2010,20.8
"220","Brazil",2011,20.9639999999999
"221","Brazil",2012,21.4179999999999
"222","Brazil",2013,21.872
"223","Brazil",2014,22.3259999999999
"224","Brazil",2015,22.6
"225","Bulgaria",2000,12.6
"226","Bulgaria",2001,12.972
"227","Bulgaria",2002,12.634
"228","Bulgaria",2003,12.296
"229","Bulgaria",2004,11.958
"230","Bulgaria",2005,12.4
"231","Bulgaria",2006,11.282
"232","Bulgaria",2007,10.944
"233","Bulgaria",2008,10.606
"234","Bulgaria",2009,10.268
"235","Bulgaria",2010,10.5
"236","Bulgaria",2011,9.59199999999998
"237","Bulgaria",2012,9.25400000000002
"238","Bulgaria",2013,8.91600000000005
"239","Bulgaria",2014,8.57799999999997
"240","Bulgaria",2015,7.6
"241","Cabo Verde",2000,22.8
"242","Cabo Verde",2001,22.484
"243","Cabo Verde",2002,22.398
"244","Cabo Verde",2003,22.312
"245","Cabo Verde",2004,22.226
"246","Cabo Verde",2005,21.7
"247","Cabo Verde",2006,22.054
"248","Cabo Verde",2007,21.968
"249","Cabo Verde",2008,21.882
"250","Cabo Verde",2009,21.796
"251","Cabo Verde",2010,21.9
"252","Cabo Verde",2011,21.624
"253","Cabo Verde",2012,21.538
"254","Cabo Verde",2013,21.452
"255","Cabo Verde",2014,21.366
"256","Cabo Verde",2015,21.3
"257","Canada",2000,9.4
"258","Canada",2001,9.65200000000004
"259","Canada",2002,9.39400000000012
"260","Canada",2003,9.13600000000008
"261","Canada",2004,8.87800000000004
"262","Canada",2005,9.4
"263","Canada",2006,8.36200000000008
"264","Canada",2007,8.10400000000004
"265","Canada",2008,7.84600000000012
"266","Canada",2009,7.58800000000008
"267","Canada",2010,7.3
"268","Canada",2011,7.07200000000012
"269","Canada",2012,6.81400000000008
"270","Canada",2013,6.55600000000004
"271","Canada",2014,6.29800000000012
"272","Canada",2015,5.8
"273","Chile",2000,17.3
"274","Chile",2001,17.3599999999999
"275","Chile",2002,16.92
"276","Chile",2003,16.4799999999999
"277","Chile",2004,16.04
"278","Chile",2005,17
"279","Chile",2006,15.16
"280","Chile",2007,14.7199999999999
"281","Chile",2008,14.28
"282","Chile",2009,13.8399999999999
"283","Chile",2010,12.1
"284","Chile",2011,12.9599999999999
"285","Chile",2012,12.52
"286","Chile",2013,12.0799999999999
"287","Chile",2014,11.64
"288","Chile",2015,11.6
"289","Colombia",2000,20.4
"290","Colombia",2001,19.234
"291","Colombia",2002,19.148
"292","Colombia",2003,19.062
"293","Colombia",2004,18.976
"294","Colombia",2005,17.6
"295","Colombia",2006,18.804
"296","Colombia",2007,18.718
"297","Colombia",2008,18.632
"298","Colombia",2009,18.546
"299","Colombia",2010,17.8
"300","Colombia",2011,18.374
"301","Colombia",2012,18.288
"302","Colombia",2013,18.202
"303","Colombia",2014,18.116
"304","Colombia",2015,18.9
"305","Costa Rica",2000,17.8
"306","Costa Rica",2001,16.334
"307","Costa Rica",2002,16.148
"308","Costa Rica",2003,15.962
"309","Costa Rica",2004,15.776
"310","Costa Rica",2005,14.2
"311","Costa Rica",2006,15.404
"312","Costa Rica",2007,15.218
"313","Costa Rica",2008,15.032
"314","Costa Rica",2009,14.846
"315","Costa Rica",2010,13.6
"316","Costa Rica",2011,14.474
"317","Costa Rica",2012,14.288
"318","Costa Rica",2013,14.102
"319","Costa Rica",2014,13.916
"320","Costa Rica",2015,14.9
"321","Croatia",2000,14.6
"322","Croatia",2001,14.472
"323","Croatia",2002,14.0839999999999
"324","Croatia",2003,13.696
"325","Croatia",2004,13.308
"326","Croatia",2005,13.6
"327","Croatia",2006,12.532
"328","Croatia",2007,12.144
"329","Croatia",2008,11.756
"330","Croatia",2009,11.3679999999999
"331","Croatia",2010,10.4
"332","Croatia",2011,10.592
"333","Croatia",2012,10.204
"334","Croatia",2013,9.81600000000003
"335","Croatia",2014,9.428
"336","Croatia",2015,9.2
"337","Cuba",2000,15.7
"338","Cuba",2001,14.3120000000001
"339","Cuba",2002,13.7640000000001
"340","Cuba",2003,13.2160000000001
"341","Cuba",2004,12.6680000000001
"342","Cuba",2005,11.4
"343","Cuba",2006,11.5720000000001
"344","Cuba",2007,11.0240000000001
"345","Cuba",2008,10.4760000000001
"346","Cuba",2009,9.92800000000011
"347","Cuba",2010,8.3
"348","Cuba",2011,8.83200000000011
"349","Cuba",2012,8.28400000000011
"350","Cuba",2013,7.7360000000001
"351","Cuba",2014,7.1880000000001
"352","Cuba",2015,7.6
"353","Cyprus",2000,11.6
"354","Cyprus",2001,11.7579999999999
"355","Cyprus",2002,11.376
"356","Cyprus",2003,10.9939999999999
"357","Cyprus",2004,10.612
"358","Cyprus",2005,11.4
"359","Cyprus",2006,9.84799999999996
"360","Cyprus",2007,9.46600000000001
"361","Cyprus",2008,9.08399999999995
"362","Cyprus",2009,8.702
"363","Cyprus",2010,7.6
"364","Cyprus",2011,7.93799999999999
"365","Cyprus",2012,7.55599999999993
"366","Cyprus",2013,7.17399999999998
"367","Cyprus",2014,6.79199999999992
"368","Cyprus",2015,6.5
"369","Czech Republic",2000,14.5
"370","Czech Republic",2001,14.0699999999999
"371","Czech Republic",2002,13.49
"372","Czech Republic",2003,12.9099999999999
"373","Czech Republic",2004,12.3299999999999
"374","Czech Republic",2005,12.6
"375","Czech Republic",2006,11.1699999999998
"376","Czech Republic",2007,10.5899999999999
"377","Czech Republic",2008,10.01
"378","Czech Republic",2009,9.43000000000006
"379","Czech Republic",2010,7.6
"380","Czech Republic",2011,8.26999999999998
"381","Czech Republic",2012,7.69000000000005
"382","Czech Republic",2013,7.1099999999999
"383","Czech Republic",2014,6.52999999999997
"384","Czech Republic",2015,6.5
"385","Denmark",2000,9.5
"386","Denmark",2001,8.62399999999991
"387","Denmark",2002,8.22799999999995
"388","Denmark",2003,7.83199999999999
"389","Denmark",2004,7.43599999999992
"390","Denmark",2005,6.4
"391","Denmark",2006,6.64399999999989
"392","Denmark",2007,6.24799999999993
"393","Denmark",2008,5.85199999999998
"394","Denmark",2009,5.4559999999999
"395","Denmark",2010,4.9
"396","Denmark",2011,4.66399999999999
"397","Denmark",2012,4.26799999999992
"398","Denmark",2013,3.87199999999996
"399","Denmark",2014,3.47599999999989
"400","Denmark",2015,3.4
"401","Ecuador",2000,13.7
"402","Ecuador",2001,15.144
"403","Ecuador",2002,15.7180000000001
"404","Ecuador",2003,16.2920000000001
"405","Ecuador",2004,16.866
"406","Ecuador",2005,16.7
"407","Ecuador",2006,18.0140000000001
"408","Ecuador",2007,18.588
"409","Ecuador",2008,19.162
"410","Ecuador",2009,19.7360000000001
"411","Ecuador",2010,24.4
"412","Ecuador",2011,20.884
"413","Ecuador",2012,21.4580000000001
"414","Ecuador",2013,22.0320000000002
"415","Ecuador",2014,22.606
"416","Ecuador",2015,20.7
"417","El Salvador",2000,35.6
"418","El Salvador",2001,34.0360000000001
"419","El Salvador",2002,32.8919999999998
"420","El Salvador",2003,31.748
"421","El Salvador",2004,30.6039999999998
"422","El Salvador",2005,29.6
"423","El Salvador",2006,28.3159999999998
"424","El Salvador",2007,27.172
"425","El Salvador",2008,26.0279999999998
"426","El Salvador",2009,24.884
"427","El Salvador",2010,22.2
"428","El Salvador",2011,22.596
"429","El Salvador",2012,21.4520000000002
"430","El Salvador",2013,20.308
"431","El Salvador",2014,19.1640000000002
"432","El Salvador",2015,19
"433","Estonia",2000,17.4
"434","Estonia",2001,16.4159999999999
"435","Estonia",2002,15.6019999999999
"436","Estonia",2003,14.788
"437","Estonia",2004,13.9739999999999
"438","Estonia",2005,14.1
"439","Estonia",2006,12.346
"440","Estonia",2007,11.5319999999999
"441","Estonia",2008,10.7179999999998
"442","Estonia",2009,9.904
"443","Estonia",2010,6.7
"444","Estonia",2011,8.27599999999984
"445","Estonia",2012,7.46199999999999
"446","Estonia",2013,6.64799999999991
"447","Estonia",2014,5.83399999999983
"448","Estonia",2015,6.3
"449","Fiji",2000,9.8
"450","Fiji",2001,10.1180000000001
"451","Fiji",2002,9.84600000000012
"452","Fiji",2003,9.57400000000007
"453","Fiji",2004,9.30200000000002
"454","Fiji",2005,9.7
"455","Fiji",2006,8.75800000000004
"456","Fiji",2007,8.4860000000001
"457","Fiji",2008,8.21400000000006
"458","Fiji",2009,7.94200000000001
"459","Fiji",2010,8.1
"460","Fiji",2011,7.39800000000002
"461","Fiji",2012,7.12600000000009
"462","Fiji",2013,6.85400000000004
"463","Fiji",2014,6.58200000000011
"464","Fiji",2015,5.8
"465","Finland",2000,8.1
"466","Finland",2001,7.96600000000001
"467","Finland",2002,7.702
"468","Finland",2003,7.43799999999999
"469","Finland",2004,7.17399999999998
"470","Finland",2005,7.3
"471","Finland",2006,6.64599999999996
"472","Finland",2007,6.38199999999995
"473","Finland",2008,6.11799999999994
"474","Finland",2009,5.85400000000004
"475","Finland",2010,5.2
"476","Finland",2011,5.32600000000002
"477","Finland",2012,5.06200000000001
"478","Finland",2013,4.798
"479","Finland",2014,4.53399999999999
"480","Finland",2015,4.4
"481","France",2000,12.9
"482","France",2001,11.604
"483","France",2002,11.0880000000002
"484","France",2003,10.5720000000001
"485","France",2004,10.056
"486","France",2005,8.7
"487","France",2006,9.02400000000011
"488","France",2007,8.50800000000004
"489","France",2008,7.99200000000019
"490","France",2009,7.47600000000011
"491","France",2010,6.3
"492","France",2011,6.44400000000019
"493","France",2012,5.92800000000011
"494","France",2013,5.41200000000003
"495","France",2014,4.89600000000019
"496","France",2015,5.1
"497","Georgia",2000,10.8
"498","Georgia",2001,12.03
"499","Georgia",2002,12.16
"500","Georgia",2003,12.29
"501","Georgia",2004,12.42
"502","Georgia",2005,12.5
"503","Georgia",2006,12.68
"504","Georgia",2007,12.81
"505","Georgia",2008,12.94
"506","Georgia",2009,13.07
"507","Georgia",2010,16.6
"508","Georgia",2011,13.33
"509","Georgia",2012,13.46
"510","Georgia",2013,13.59
"511","Georgia",2014,13.72
"512","Georgia",2015,11.6
"513","Germany",2000,9.4
"514","Germany",2001,8.53800000000001
"515","Germany",2002,8.18600000000004
"516","Germany",2003,7.83400000000006
"517","Germany",2004,7.48200000000008
"518","Germany",2005,6.7
"519","Germany",2006,6.77800000000002
"520","Germany",2007,6.42600000000004
"521","Germany",2008,6.07400000000007
"522","Germany",2009,5.72199999999998
"523","Germany",2010,4.7
"524","Germany",2011,5.01800000000003
"525","Germany",2012,4.66600000000005
"526","Germany",2013,4.31400000000008
"527","Germany",2014,3.96199999999999
"528","Germany",2015,4.2
"529","Greece",2000,20
"530","Greece",2001,19.586
"531","Greece",2002,18.7919999999999
"532","Greece",2003,17.998
"533","Greece",2004,17.204
"534","Greece",2005,16.8
"535","Greece",2006,15.616
"536","Greece",2007,14.8220000000001
"537","Greece",2008,14.028
"538","Greece",2009,13.2339999999999
"539","Greece",2010,12.8
"540","Greece",2011,11.646
"541","Greece",2012,10.8520000000001
"542","Greece",2013,10.058
"543","Greece",2014,9.26400000000012
"544","Greece",2015,8.1
"545","Grenada",2000,4.9
"546","Grenada",2001,7.40600000000001
"547","Grenada",2002,7.38200000000001
"548","Grenada",2003,7.358
"549","Grenada",2004,7.334
"550","Grenada",2005,11.9
"551","Grenada",2006,7.286
"552","Grenada",2007,7.262
"553","Grenada",2008,7.23800000000001
"554","Grenada",2009,7.21400000000001
"555","Grenada",2010,5.6
"556","Grenada",2011,7.166
"557","Grenada",2012,7.142
"558","Grenada",2013,7.118
"559","Grenada",2014,7.094
"560","Grenada",2015,6.6
"561","Guatemala",2000,7.8
"562","Guatemala",2001,5.68599999999992
"563","Guatemala",2002,6.5920000000001
"564","Guatemala",2003,7.49800000000005
"565","Guatemala",2004,8.404
"566","Guatemala",2005,4.8
"567","Guatemala",2006,10.2160000000001
"568","Guatemala",2007,11.1220000000001
"569","Guatemala",2008,12.028
"570","Guatemala",2009,12.934
"571","Guatemala",2010,13.8
"572","Guatemala",2011,14.7460000000001
"573","Guatemala",2012,15.652
"574","Guatemala",2013,16.558
"575","Guatemala",2014,17.4639999999999
"576","Guatemala",2015,19.9
"577","Guyana",2000,26.2
"578","Guyana",2001,27.1800000000003
"579","Guyana",2002,26.3100000000002
"580","Guyana",2003,25.4400000000003
"581","Guyana",2004,24.5700000000002
"582","Guyana",2005,27.7
"583","Guyana",2006,22.8300000000002
"584","Guyana",2007,21.9600000000003
"585","Guyana",2008,21.0900000000001
"586","Guyana",2009,20.2200000000003
"587","Guyana",2010,16.9
"588","Guyana",2011,18.4800000000002
"589","Guyana",2012,17.6100000000001
"590","Guyana",2013,16.7400000000002
"591","Guyana",2014,15.8700000000001
"592","Guyana",2015,15.3
"593","Hungary",2000,12.6
"594","Hungary",2001,13.73
"595","Hungary",2002,13.3099999999999
"596","Hungary",2003,12.89
"597","Hungary",2004,12.47
"598","Hungary",2005,14.8
"599","Hungary",2006,11.63
"600","Hungary",2007,11.21
"601","Hungary",2008,10.79
"602","Hungary",2009,10.37
"603","Hungary",2010,9.1
"604","Hungary",2011,9.52999999999997
"605","Hungary",2012,9.11000000000001
"606","Hungary",2013,8.69000000000005
"607","Hungary",2014,8.26999999999998
"608","Hungary",2015,7.5
"609","Iceland",2000,10.9
"610","Iceland",2001,9.16599999999994
"611","Iceland",2002,8.65200000000004
"612","Iceland",2003,8.13800000000015
"613","Iceland",2004,7.62400000000002
"614","Iceland",2005,6.3
"615","Iceland",2006,6.596
"616","Iceland",2007,6.08200000000011
"617","Iceland",2008,5.56799999999998
"618","Iceland",2009,5.05400000000009
"619","Iceland",2010,2.5
"620","Iceland",2011,4.02600000000007
"621","Iceland",2012,3.51199999999994
"622","Iceland",2013,2.99800000000005
"623","Iceland",2014,2.48399999999992
"624","Iceland",2015,3.6
"625","Ireland",2000,11
"626","Ireland",2001,10.692
"627","Ireland",2002,10.174
"628","Ireland",2003,9.65599999999995
"629","Ireland",2004,9.13799999999992
"630","Ireland",2005,9.6
"631","Ireland",2006,8.10200000000009
"632","Ireland",2007,7.58400000000006
"633","Ireland",2008,7.06600000000003
"634","Ireland",2009,6.548
"635","Ireland",2010,4.7
"636","Ireland",2011,5.51199999999994
"637","Ireland",2012,4.99399999999991
"638","Ireland",2013,4.47600000000011
"639","Ireland",2014,3.95800000000008
"640","Ireland",2015,4
"641","Israel",2000,7.6
"642","Israel",2001,7.52599999999995
"643","Israel",2002,7.22199999999998
"644","Israel",2003,6.91799999999989
"645","Israel",2004,6.61399999999992
"646","Israel",2005,6.7
"647","Israel",2006,6.00599999999997
"648","Israel",2007,5.702
"649","Israel",2008,5.39799999999991
"650","Israel",2009,5.09399999999994
"651","Israel",2010,4.7
"652","Israel",2011,4.48599999999999
"653","Israel",2012,4.1819999999999
"654","Israel",2013,3.87799999999993
"655","Israel",2014,3.57399999999996
"656","Israel",2015,3.2
"657","Italy",2000,13.8
"658","Italy",2001,12.9399999999998
"659","Italy",2002,12.3799999999999
"660","Italy",2003,11.8199999999999
"661","Italy",2004,11.26
"662","Italy",2005,10.6
"663","Italy",2006,10.1399999999999
"664","Italy",2007,9.57999999999993
"665","Italy",2008,9.01999999999998
"666","Italy",2009,8.45999999999981
"667","Italy",2010,7.2
"668","Italy",2011,7.33999999999992
"669","Italy",2012,6.77999999999997
"670","Italy",2013,6.2199999999998
"671","Italy",2014,5.65999999999985
"672","Italy",2015,5.6
"673","Jamaica",2000,11.2
"674","Jamaica",2001,11.276
"675","Jamaica",2002,11.172
"676","Jamaica",2003,11.068
"677","Jamaica",2004,10.964
"678","Jamaica",2005,11.4
"679","Jamaica",2006,10.756
"680","Jamaica",2007,10.652
"681","Jamaica",2008,10.548
"682","Jamaica",2009,10.444
"683","Jamaica",2010,9.8
"684","Jamaica",2011,10.236
"685","Jamaica",2012,10.132
"686","Jamaica",2013,10.028
"687","Jamaica",2014,9.92400000000001
"688","Jamaica",2015,10
"689","Japan",2000,12.3
"690","Japan",2001,11.3579999999999
"691","Japan",2002,10.826
"692","Japan",2003,10.2940000000001
"693","Japan",2004,9.76199999999994
"694","Japan",2005,9.2
"695","Japan",2006,8.69800000000009
"696","Japan",2007,8.16599999999994
"697","Japan",2008,7.63400000000001
"698","Japan",2009,7.10200000000009
"699","Japan",2010,5.4
"700","Japan",2011,6.03800000000001
"701","Japan",2012,5.50600000000009
"702","Japan",2013,4.97400000000016
"703","Japan",2014,4.44200000000001
"704","Japan",2015,4.7
"705","Kazakhstan",2000,14
"706","Kazakhstan",2001,20.7620000000001
"707","Kazakhstan",2002,21.2140000000001
"708","Kazakhstan",2003,21.6660000000001
"709","Kazakhstan",2004,22.1180000000001
"710","Kazakhstan",2005,31.3
"711","Kazakhstan",2006,23.022
"712","Kazakhstan",2007,23.474
"713","Kazakhstan",2008,23.926
"714","Kazakhstan",2009,24.378
"715","Kazakhstan",2010,26.3
"716","Kazakhstan",2011,25.282
"717","Kazakhstan",2012,25.734
"718","Kazakhstan",2013,26.186
"719","Kazakhstan",2014,26.638
"720","Kazakhstan",2015,23.2
"721","Kiribati",2000,8.8
"722","Kiribati",2001,10.408
"723","Kiribati",2002,9.92600000000004
"724","Kiribati",2003,9.44400000000007
"725","Kiribati",2004,8.96199999999999
"726","Kiribati",2005,11.4
"727","Kiribati",2006,7.99800000000005
"728","Kiribati",2007,7.51600000000008
"729","Kiribati",2008,7.03399999999999
"730","Kiribati",2009,6.55200000000002
"731","Kiribati",2010,6.5
"732","Kiribati",2011,5.58800000000008
"733","Kiribati",2012,5.10599999999999
"734","Kiribati",2013,4.62400000000002
"735","Kiribati",2014,4.14200000000005
"736","Kiribati",2015,2.4
"737","Kuwait",2000,26.4
"738","Kuwait",2001,27.47
"739","Kuwait",2002,26.79
"740","Kuwait",2003,26.1099999999999
"741","Kuwait",2004,25.4300000000001
"742","Kuwait",2005,28
"743","Kuwait",2006,24.0699999999999
"744","Kuwait",2007,23.3899999999999
"745","Kuwait",2008,22.71
"746","Kuwait",2009,22.03
"747","Kuwait",2010,20.1
"748","Kuwait",2011,20.6700000000001
"749","Kuwait",2012,19.99
"750","Kuwait",2013,19.3099999999999
"751","Kuwait",2014,18.6299999999999
"752","Kuwait",2015,17.7
"753","Latvia",2000,28.8
"754","Latvia",2001,26.556
"755","Latvia",2002,25.232
"756","Latvia",2003,23.9079999999999
"757","Latvia",2004,22.5839999999998
"758","Latvia",2005,21.3
"759","Latvia",2006,19.9360000000001
"760","Latvia",2007,18.6120000000001
"761","Latvia",2008,17.288
"762","Latvia",2009,15.9639999999999
"763","Latvia",2010,11.8
"764","Latvia",2011,13.3159999999998
"765","Latvia",2012,11.9920000000002
"766","Latvia",2013,10.6680000000001
"767","Latvia",2014,9.34400000000005
"768","Latvia",2015,9.9
"769","Lithuania",2000,23.7
"770","Lithuania",2001,25.1919999999998
"771","Lithuania",2002,24.2739999999999
"772","Lithuania",2003,23.3559999999998
"773","Lithuania",2004,22.4379999999999
"774","Lithuania",2005,27
"775","Lithuania",2006,20.6019999999999
"776","Lithuania",2007,19.6839999999997
"777","Lithuania",2008,18.7659999999998
"778","Lithuania",2009,17.8479999999997
"779","Lithuania",2010,13.2
"780","Lithuania",2011,16.0119999999997
"781","Lithuania",2012,15.0939999999998
"782","Lithuania",2013,14.1759999999997
"783","Lithuania",2014,13.2579999999998
"784","Lithuania",2015,13
"785","Luxembourg",2000,17.1
"786","Luxembourg",2001,14.4380000000001
"787","Luxembourg",2002,13.7860000000001
"788","Luxembourg",2003,13.134
"789","Luxembourg",2004,12.4820000000002
"790","Luxembourg",2005,10.2
"791","Luxembourg",2006,11.1780000000001
"792","Luxembourg",2007,10.5260000000001
"793","Luxembourg",2008,9.87400000000002
"794","Luxembourg",2009,9.22199999999998
"795","Luxembourg",2010,5.8
"796","Luxembourg",2011,7.91800000000012
"797","Luxembourg",2012,7.26600000000008
"798","Luxembourg",2013,6.61400000000003
"799","Luxembourg",2014,5.96199999999999
"800","Luxembourg",2015,7.7
"801","Maldives",2000,2.5
"802","Maldives",2001,2.66199999999999
"803","Maldives",2002,2.714
"804","Maldives",2003,2.76599999999999
"805","Maldives",2004,2.818
"806","Maldives",2005,3
"807","Maldives",2006,2.922
"808","Maldives",2007,2.97399999999999
"809","Maldives",2008,3.026
"810","Maldives",2009,3.07799999999999
"811","Maldives",2010,3.2
"812","Maldives",2011,3.182
"813","Maldives",2012,3.23399999999999
"814","Maldives",2013,3.286
"815","Maldives",2014,3.33799999999999
"816","Maldives",2015,3.3
"817","Malta",2000,4.7
"818","Malta",2001,4.264
"819","Malta",2002,4.30799999999999
"820","Malta",2003,4.35199999999999
"821","Malta",2004,4.396
"822","Malta",2005,4.1
"823","Malta",2006,4.48399999999999
"824","Malta",2007,4.52799999999999
"825","Malta",2008,4.572
"826","Malta",2009,4.616
"827","Malta",2010,3.9
"828","Malta",2011,4.70399999999999
"829","Malta",2012,4.74799999999999
"830","Malta",2013,4.792
"831","Malta",2014,4.836
"832","Malta",2015,5.5
"833","Mauritius",2000,15.7
"834","Mauritius",2001,13.656
"835","Mauritius",2002,13.532
"836","Mauritius",2003,13.408
"837","Mauritius",2004,13.284
"838","Mauritius",2005,10.3
"839","Mauritius",2006,13.036
"840","Mauritius",2007,12.912
"841","Mauritius",2008,12.788
"842","Mauritius",2009,12.664
"843","Mauritius",2010,12.5
"844","Mauritius",2011,12.416
"845","Mauritius",2012,12.292
"846","Mauritius",2013,12.168
"847","Mauritius",2014,12.044
"848","Mauritius",2015,12.9
"849","Mexico",2000,13.6
"850","Mexico",2001,14.48
"851","Mexico",2002,14.36
"852","Mexico",2003,14.24
"853","Mexico",2004,14.12
"854","Mexico",2005,15
"855","Mexico",2006,13.88
"856","Mexico",2007,13.76
"857","Mexico",2008,13.64
"858","Mexico",2009,13.52
"859","Mexico",2010,14.4
"860","Mexico",2011,13.28
"861","Mexico",2012,13.16
"862","Mexico",2013,13.04
"863","Mexico",2014,12.92
"864","Mexico",2015,11.8
"865","Mongolia",2000,17.8
"866","Mongolia",2001,19.014
"867","Mongolia",2002,19.158
"868","Mongolia",2003,19.302
"869","Mongolia",2004,19.446
"870","Mongolia",2005,21.5
"871","Mongolia",2006,19.734
"872","Mongolia",2007,19.878
"873","Mongolia",2008,20.022
"874","Mongolia",2009,20.166
"875","Mongolia",2010,19.7
"876","Mongolia",2011,20.454
"877","Mongolia",2012,20.598
"878","Mongolia",2013,20.742
"879","Mongolia",2014,20.886
"880","Mongolia",2015,20.8
"881","Montenegro",2000,16.9
"882","Montenegro",2001,16.864
"883","Montenegro",2002,16.4580000000001
"884","Montenegro",2003,16.052
"885","Montenegro",2004,15.6460000000001
"886","Montenegro",2005,15.1
"887","Montenegro",2006,14.8340000000001
"888","Montenegro",2007,14.428
"889","Montenegro",2008,14.022
"890","Montenegro",2009,13.616
"891","Montenegro",2010,14.6
"892","Montenegro",2011,12.8040000000001
"893","Montenegro",2012,12.398
"894","Montenegro",2013,11.9920000000001
"895","Montenegro",2014,11.586
"896","Montenegro",2015,10.3
"897","Netherlands",2000,7.3
"898","Netherlands",2001,6.524
"899","Netherlands",2002,6.27799999999996
"900","Netherlands",2003,6.03199999999998
"901","Netherlands",2004,5.786
"902","Netherlands",2005,5
"903","Netherlands",2006,5.29399999999998
"904","Netherlands",2007,5.048
"905","Netherlands",2008,4.80199999999996
"906","Netherlands",2009,4.55599999999998
"907","Netherlands",2010,3.8
"908","Netherlands",2011,4.06399999999996
"909","Netherlands",2012,3.81799999999998
"910","Netherlands",2013,3.572
"911","Netherlands",2014,3.32599999999996
"912","Netherlands",2015,3.6
"913","New Zealand",2000,12
"914","New Zealand",2001,11.8559999999999
"915","New Zealand",2002,11.4819999999999
"916","New Zealand",2003,11.1079999999999
"917","New Zealand",2004,10.7339999999999
"918","New Zealand",2005,10.3
"919","New Zealand",2006,9.98599999999988
"920","New Zealand",2007,9.61199999999985
"921","New Zealand",2008,9.23799999999994
"922","New Zealand",2009,8.86399999999992
"923","New Zealand",2010,9.3
"924","New Zealand",2011,8.11599999999987
"925","New Zealand",2012,7.74199999999985
"926","New Zealand",2013,7.36799999999994
"927","New Zealand",2014,6.99399999999991
"928","New Zealand",2015,6.1
"929","Nicaragua",2000,16.9
"930","Nicaragua",2001,17.248
"931","Nicaragua",2002,17.106
"932","Nicaragua",2003,16.9639999999999
"933","Nicaragua",2004,16.8219999999999
"934","Nicaragua",2005,17.3
"935","Nicaragua",2006,16.538
"936","Nicaragua",2007,16.396
"937","Nicaragua",2008,16.254
"938","Nicaragua",2009,16.112
"939","Nicaragua",2010,16.2
"940","Nicaragua",2011,15.828
"941","Nicaragua",2012,15.686
"942","Nicaragua",2013,15.544
"943","Nicaragua",2014,15.402
"944","Nicaragua",2015,14.9
"945","Norway",2000,8
"946","Norway",2001,7.18799999999999
"947","Norway",2002,6.88600000000008
"948","Norway",2003,6.58400000000006
"949","Norway",2004,6.28200000000004
"950","Norway",2005,5.3
"951","Norway",2006,5.678
"952","Norway",2007,5.37599999999998
"953","Norway",2008,5.07400000000007
"954","Norway",2009,4.77200000000005
"955","Norway",2010,4.3
"956","Norway",2011,4.16800000000001
"957","Norway",2012,3.86599999999999
"958","Norway",2013,3.56400000000008
"959","Norway",2014,3.26200000000006
"960","Norway",2015,3.3
"961","Oman",2000,32.2
"962","Oman",2001,33.0759999999999
"963","Oman",2002,32.5719999999999
"964","Oman",2003,32.0679999999999
"965","Oman",2004,31.564
"966","Oman",2005,32.8
"967","Oman",2006,30.5559999999999
"968","Oman",2007,30.0519999999999
"969","Oman",2008,29.5479999999999
"970","Oman",2009,29.0439999999999
"971","Oman",2010,29.2
"972","Oman",2011,28.0359999999999
"973","Oman",2012,27.5319999999999
"974","Oman",2013,27.0279999999999
"975","Oman",2014,26.5239999999999
"976","Oman",2015,25
"977","Panama",2000,15.1
"978","Panama",2001,14.894
"979","Panama",2002,14.6180000000001
"980","Panama",2003,14.342
"981","Panama",2004,14.066
"982","Panama",2005,13.6
"983","Panama",2006,13.514
"984","Panama",2007,13.2380000000001
"985","Panama",2008,12.962
"986","Panama",2009,12.686
"987","Panama",2010,13
"988","Panama",2011,12.134
"989","Panama",2012,11.8580000000001
"990","Panama",2013,11.582
"991","Panama",2014,11.306
"992","Panama",2015,10.7
"993","Paraguay",2000,9.4
"994","Paraguay",2001,11.0660000000003
"995","Paraguay",2002,12.1020000000003
"996","Paraguay",2003,13.1380000000004
"997","Paraguay",2004,14.1740000000004
"998","Paraguay",2005,14.3
"999","Paraguay",2006,16.2460000000001
"1000","Paraguay",2007,17.2820000000002
"1001","Paraguay",2008,18.3180000000002
"1002","Paraguay",2009,19.3540000000003
"1003","Paraguay",2010,24.1
"1004","Paraguay",2011,21.4260000000004
"1005","Paraguay",2012,22.4620000000004
"1006","Paraguay",2013,23.498
"1007","Paraguay",2014,24.5340000000001
"1008","Paraguay",2015,23.4
"1009","Philippines",2000,10.4
"1010","Philippines",2001,9.50999999999999
"1011","Philippines",2002,9.41999999999999
"1012","Philippines",2003,9.33000000000001
"1013","Philippines",2004,9.24000000000001
"1014","Philippines",2005,10
"1015","Philippines",2006,9.06
"1016","Philippines",2007,8.97
"1017","Philippines",2008,8.88
"1018","Philippines",2009,8.78999999999999
"1019","Philippines",2010,4.6
"1020","Philippines",2011,8.61000000000001
"1021","Philippines",2012,8.52000000000001
"1022","Philippines",2013,8.43000000000001
"1023","Philippines",2014,8.34
"1024","Philippines",2015,10.7
"1025","Poland",2000,18.6
"1026","Poland",2001,18.096
"1027","Poland",2002,17.462
"1028","Poland",2003,16.828
"1029","Poland",2004,16.194
"1030","Poland",2005,16
"1031","Poland",2006,14.9259999999999
"1032","Poland",2007,14.2919999999999
"1033","Poland",2008,13.6580000000001
"1034","Poland",2009,13.0240000000001
"1035","Poland",2010,11.9
"1036","Poland",2011,11.7560000000001
"1037","Poland",2012,11.1220000000001
"1038","Poland",2013,10.4880000000001
"1039","Poland",2014,9.85400000000004
"1040","Poland",2015,9.4
"1041","Portugal",2000,19.3
"1042","Portugal",2001,18.8120000000001
"1043","Portugal",2002,18.0140000000001
"1044","Portugal",2003,17.2160000000001
"1045","Portugal",2004,16.4180000000001
"1046","Portugal",2005,16.3
"1047","Portugal",2006,14.8220000000001
"1048","Portugal",2007,14.0240000000001
"1049","Portugal",2008,13.2260000000001
"1050","Portugal",2009,12.4280000000001
"1051","Portugal",2010,11.2
"1052","Portugal",2011,10.8320000000001
"1053","Portugal",2012,10.0340000000001
"1054","Portugal",2013,9.2360000000001
"1055","Portugal",2014,8.4380000000001
"1056","Portugal",2015,7.7
"1057","Puerto Rico",2000,15.2
"1058","Puerto Rico",2001,14.354
"1059","Puerto Rico",2002,13.888
"1060","Puerto Rico",2003,13.422
"1061","Puerto Rico",2004,12.956
"1062","Puerto Rico",2005,12.1
"1063","Puerto Rico",2006,12.024
"1064","Puerto Rico",2007,11.558
"1065","Puerto Rico",2008,11.092
"1066","Puerto Rico",2009,10.626
"1067","Puerto Rico",2010,9.8
"1068","Puerto Rico",2011,9.69399999999996
"1069","Puerto Rico",2012,9.22799999999995
"1070","Puerto Rico",2013,8.76200000000006
"1071","Puerto Rico",2014,8.29600000000005
"1072","Puerto Rico",2015,8.2
"1073","Qatar",2000,27.8
"1074","Qatar",2001,29.9219999999996
"1075","Qatar",2002,28.7339999999999
"1076","Qatar",2003,27.5459999999998
"1077","Qatar",2004,26.3579999999997
"1078","Qatar",2005,31.3
"1079","Qatar",2006,23.982
"1080","Qatar",2007,22.7939999999999
"1081","Qatar",2008,21.6059999999998
"1082","Qatar",2009,20.4179999999997
"1083","Qatar",2010,16.9
"1084","Qatar",2011,18.0419999999999
"1085","Qatar",2012,16.8539999999998
"1086","Qatar",2013,15.6659999999997
"1087","Qatar",2014,14.4779999999996
"1088","Qatar",2015,12.8
"1089","Romania",2000,12.3
"1090","Romania",2001,12.824
"1091","Romania",2002,12.578
"1092","Romania",2003,12.332
"1093","Romania",2004,12.086
"1094","Romania",2005,12.9
"1095","Romania",2006,11.594
"1096","Romania",2007,11.348
"1097","Romania",2008,11.102
"1098","Romania",2009,10.856
"1099","Romania",2010,10.8
"1100","Romania",2011,10.364
"1101","Romania",2012,10.118
"1102","Romania",2013,9.87200000000001
"1103","Romania",2014,9.62600000000003
"1104","Romania",2015,8.9
"1105","Russian Federation",2000,20.1
"1106","Russian Federation",2001,21.616
"1107","Russian Federation",2002,21.352
"1108","Russian Federation",2003,21.088
"1109","Russian Federation",2004,20.824
"1110","Russian Federation",2005,23.6
"1111","Russian Federation",2006,20.2959999999999
"1112","Russian Federation",2007,20.0319999999999
"1113","Russian Federation",2008,19.768
"1114","Russian Federation",2009,19.504
"1115","Russian Federation",2010,18.5
"1116","Russian Federation",2011,18.976
"1117","Russian Federation",2012,18.712
"1118","Russian Federation",2013,18.448
"1119","Russian Federation",2014,18.184
"1120","Russian Federation",2015,17.4
"1121","Seychelles",2000,13.5
"1122","Seychelles",2001,13.0300000000001
"1123","Seychelles",2002,12.76
"1124","Seychelles",2003,12.49
"1125","Seychelles",2004,12.22
"1126","Seychelles",2005,10.2
"1127","Seychelles",2006,11.6800000000001
"1128","Seychelles",2007,11.4100000000001
"1129","Seychelles",2008,11.14
"1130","Seychelles",2009,10.87
"1131","Seychelles",2010,13.5
"1132","Seychelles",2011,10.33
"1133","Seychelles",2012,10.0600000000001
"1134","Seychelles",2013,9.79000000000008
"1135","Seychelles",2014,9.51999999999998
"1136","Seychelles",2015,7.9
"1137","Singapore",2000,6.7
"1138","Singapore",2001,6.20599999999996
"1139","Singapore",2002,6.03199999999998
"1140","Singapore",2003,5.85799999999995
"1141","Singapore",2004,5.68399999999997
"1142","Singapore",2005,4.8
"1143","Singapore",2006,5.33599999999996
"1144","Singapore",2007,5.16199999999998
"1145","Singapore",2008,4.98799999999994
"1146","Singapore",2009,4.81399999999996
"1147","Singapore",2010,5.1
"1148","Singapore",2011,4.46599999999995
"1149","Singapore",2012,4.29199999999997
"1150","Singapore",2013,4.11799999999994
"1151","Singapore",2014,3.94399999999996
"1152","Singapore",2015,3.7
"1153","Slovenia",2000,15.8
"1154","Slovenia",2001,15.1079999999999
"1155","Slovenia",2002,14.4259999999999
"1156","Slovenia",2003,13.7439999999999
"1157","Slovenia",2004,13.0619999999999
"1158","Slovenia",2005,13.3
"1159","Slovenia",2006,11.6979999999999
"1160","Slovenia",2007,11.0159999999998
"1161","Slovenia",2008,10.3339999999998
"1162","Slovenia",2009,9.65199999999982
"1163","Slovenia",2010,7.1
"1164","Slovenia",2011,8.28799999999978
"1165","Slovenia",2012,7.60599999999977
"1166","Slovenia",2013,6.92399999999975
"1167","Slovenia",2014,6.24199999999996
"1168","Slovenia",2015,6.5
"1169","South Africa",2000,37.3
"1170","South Africa",2001,36.5659999999998
"1171","South Africa",2002,35.4519999999998
"1172","South Africa",2003,34.3379999999997
"1173","South Africa",2004,33.2239999999997
"1174","South Africa",2005,33.2
"1175","South Africa",2006,30.9959999999996
"1176","South Africa",2007,29.8819999999996
"1177","South Africa",2008,28.7679999999996
"1178","South Africa",2009,27.6539999999995
"1179","South Africa",2010,25.5
"1180","South Africa",2011,25.4259999999995
"1181","South Africa",2012,24.3119999999994
"1182","South Africa",2013,23.1979999999994
"1183","South Africa",2014,22.0839999999998
"1184","South Africa",2015,21.3
"1185","Spain",2000,15.6
"1186","Spain",2001,14.194
"1187","Spain",2002,13.3680000000002
"1188","Spain",2003,12.5420000000001
"1189","Spain",2004,11.7160000000001
"1190","Spain",2005,10.7
"1191","Spain",2006,10.0640000000001
"1192","Spain",2007,9.23800000000006
"1193","Spain",2008,8.41200000000003
"1194","Spain",2009,7.58600000000001
"1195","Spain",2010,5.4
"1196","Spain",2011,5.93399999999997
"1197","Spain",2012,5.10800000000017
"1198","Spain",2013,4.28200000000015
"1199","Spain",2014,3.45600000000013
"1200","Spain",2015,3.6
"1201","Sri Lanka",2000,18.4
"1202","Sri Lanka",2001,18.88
"1203","Sri Lanka",2002,18.81
"1204","Sri Lanka",2003,18.74
"1205","Sri Lanka",2004,18.67
"1206","Sri Lanka",2005,19
"1207","Sri Lanka",2006,18.53
"1208","Sri Lanka",2007,18.46
"1209","Sri Lanka",2008,18.39
"1210","Sri Lanka",2009,18.32
"1211","Sri Lanka",2010,19.1
"1212","Sri Lanka",2011,18.18
"1213","Sri Lanka",2012,18.11
"1214","Sri Lanka",2013,18.04
"1215","Sri Lanka",2014,17.97
"1216","Sri Lanka",2015,17.2
"1217","Suriname",2000,25.9
"1218","Suriname",2001,26.55
"1219","Suriname",2002,26.05
"1220","Suriname",2003,25.55
"1221","Suriname",2004,25.05
"1222","Suriname",2005,26
"1223","Suriname",2006,24.05
"1224","Suriname",2007,23.55
"1225","Suriname",2008,23.05
"1226","Suriname",2009,22.55
"1227","Suriname",2010,22.6
"1228","Suriname",2011,21.55
"1229","Suriname",2012,21.05
"1230","Suriname",2013,20.55
"1231","Suriname",2014,20.05
"1232","Suriname",2015,18.7
"1233","Sweden",2000,6.7
"1234","Sweden",2001,6.21800000000007
"1235","Sweden",2002,5.94600000000014
"1236","Sweden",2003,5.67400000000009
"1237","Sweden",2004,5.40200000000004
"1238","Sweden",2005,5.2
"1239","Sweden",2006,4.85800000000006
"1240","Sweden",2007,4.58600000000013
"1241","Sweden",2008,4.31400000000008
"1242","Sweden",2009,4.04200000000003
"1243","Sweden",2010,3
"1244","Sweden",2011,3.49800000000005
"1245","Sweden",2012,3.22600000000011
"1246","Sweden",2013,2.95400000000006
"1247","Sweden",2014,2.68200000000013
"1248","Sweden",2015,2.9
"1249","Switzerland",2000,8.2
"1250","Switzerland",2001,7.28800000000001
"1251","Switzerland",2002,6.9860000000001
"1252","Switzerland",2003,6.68400000000008
"1253","Switzerland",2004,6.38200000000006
"1254","Switzerland",2005,5.4
"1255","Switzerland",2006,5.77800000000002
"1256","Switzerland",2007,5.476
"1257","Switzerland",2008,5.17400000000009
"1258","Switzerland",2009,4.87200000000007
"1259","Switzerland",2010,4.1
"1260","Switzerland",2011,4.26800000000003
"1261","Switzerland",2012,3.96600000000001
"1262","Switzerland",2013,3.6640000000001
"1263","Switzerland",2014,3.36200000000008
"1264","Switzerland",2015,3.6
"1265","Thailand",2000,26.5
"1266","Thailand",2001,27.77
"1267","Thailand",2002,28.14
"1268","Thailand",2003,28.51
"1269","Thailand",2004,28.88
"1270","Thailand",2005,29.8
"1271","Thailand",2006,29.62
"1272","Thailand",2007,29.99
"1273","Thailand",2008,30.36
"1274","Thailand",2009,30.73
"1275","Thailand",2010,32.7
"1276","Thailand",2011,31.4699999999999
"1277","Thailand",2012,31.8399999999999
"1278","Thailand",2013,32.2099999999999
"1279","Thailand",2014,32.5799999999999
"1280","Thailand",2015,31.7
"1281","Trinidad and Tobago",2000,13.4
"1282","Trinidad and Tobago",2001,16.036
"1283","Trinidad and Tobago",2002,16.042
"1284","Trinidad and Tobago",2003,16.048
"1285","Trinidad and Tobago",2004,16.054
"1286","Trinidad and Tobago",2005,18.7
"1287","Trinidad and Tobago",2006,16.066
"1288","Trinidad and Tobago",2007,16.072
"1289","Trinidad and Tobago",2008,16.078
"1290","Trinidad and Tobago",2009,16.084
"1291","Trinidad and Tobago",2010,18.7
"1292","Trinidad and Tobago",2011,16.096
"1293","Trinidad and Tobago",2012,16.102
"1294","Trinidad and Tobago",2013,16.108
"1295","Trinidad and Tobago",2014,16.114
"1296","Trinidad and Tobago",2015,13.5
"1297","Turkey",2000,12
"1298","Turkey",2001,10.782
"1299","Turkey",2002,10.554
"1300","Turkey",2003,10.326
"1301","Turkey",2004,10.098
"1302","Turkey",2005,9.1
"1303","Turkey",2006,9.64200000000005
"1304","Turkey",2007,9.41400000000004
"1305","Turkey",2008,9.18600000000004
"1306","Turkey",2009,8.95800000000003
"1307","Turkey",2010,7.3
"1308","Turkey",2011,8.50200000000001
"1309","Turkey",2012,8.27400000000006
"1310","Turkey",2013,8.04600000000005
"1311","Turkey",2014,7.81800000000004
"1312","Turkey",2015,8.8
"1313","Turkmenistan",2000,18.5
"1314","Turkmenistan",2001,18.842
"1315","Turkmenistan",2002,18.774
"1316","Turkmenistan",2003,18.706
"1317","Turkmenistan",2004,18.638
"1318","Turkmenistan",2005,18.9
"1319","Turkmenistan",2006,18.502
"1320","Turkmenistan",2007,18.434
"1321","Turkmenistan",2008,18.366
"1322","Turkmenistan",2009,18.298
"1323","Turkmenistan",2010,18.8
"1324","Turkmenistan",2011,18.162
"1325","Turkmenistan",2012,18.094
"1326","Turkmenistan",2013,18.026
"1327","Turkmenistan",2014,17.958
"1328","Turkmenistan",2015,17.4
"1329","Ukraine",2000,13.4
"1330","Ukraine",2001,18.378
"1331","Ukraine",2002,17.966
"1332","Ukraine",2003,17.554
"1333","Ukraine",2004,17.1420000000001
"1334","Ukraine",2005,24.6
"1335","Ukraine",2006,16.318
"1336","Ukraine",2007,15.9060000000001
"1337","Ukraine",2008,15.494
"1338","Ukraine",2009,15.082
"1339","Ukraine",2010,15.1
"1340","Ukraine",2011,14.258
"1341","Ukraine",2012,13.846
"1342","Ukraine",2013,13.434
"1343","Ukraine",2014,13.022
"1344","Ukraine",2015,9.7
"1345","United Arab Emirates",2000,9.6
"1346","United Arab Emirates",2001,14.004
"1347","United Arab Emirates",2002,13.838
"1348","United Arab Emirates",2003,13.672
"1349","United Arab Emirates",2004,13.506
"1350","United Arab Emirates",2005,20.6
"1351","United Arab Emirates",2006,13.174
"1352","United Arab Emirates",2007,13.008
"1353","United Arab Emirates",2008,12.842
"1354","United Arab Emirates",2009,12.676
"1355","United Arab Emirates",2010,11.7
"1356","United Arab Emirates",2011,12.344
"1357","United Arab Emirates",2012,12.178
"1358","United Arab Emirates",2013,12.012
"1359","United Arab Emirates",2014,11.846
"1360","United Arab Emirates",2015,9.8
"1361","United Kingdom",2000,6.9
"1362","United Kingdom",2001,6.84800000000007
"1363","United Kingdom",2002,6.55600000000004
"1364","United Kingdom",2003,6.26400000000001
"1365","United Kingdom",2004,5.97199999999998
"1366","United Kingdom",2005,6.3
"1367","United Kingdom",2006,5.38800000000003
"1368","United Kingdom",2007,5.096
"1369","United Kingdom",2008,4.80399999999997
"1370","United Kingdom",2009,4.51200000000006
"1371","United Kingdom",2010,3.7
"1372","United Kingdom",2011,3.928
"1373","United Kingdom",2012,3.63600000000008
"1374","United Kingdom",2013,3.34400000000005
"1375","United Kingdom",2014,3.05200000000002
"1376","United Kingdom",2015,2.9
"1377","United States",2000,15.5
"1378","United States",2001,15.6399999999999
"1379","United States",2002,15.2799999999999
"1380","United States",2003,14.92
"1381","United States",2004,14.5599999999999
"1382","United States",2005,15.4
"1383","United States",2006,13.8399999999999
"1384","United States",2007,13.4799999999999
"1385","United States",2008,13.1199999999999
"1386","United States",2009,12.7599999999999
"1387","United States",2010,11.5
"1388","United States",2011,12.04
"1389","United States",2012,11.6799999999999
"1390","United States",2013,11.3199999999999
"1391","United States",2014,10.9599999999999
"1392","United States",2015,10.8
"1393","Uruguay",2000,16.2
"1394","Uruguay",2001,14.502
"1395","Uruguay",2002,14.644
"1396","Uruguay",2003,14.786
"1397","Uruguay",2004,14.928
"1398","Uruguay",2005,12.3
"1399","Uruguay",2006,15.212
"1400","Uruguay",2007,15.354
"1401","Uruguay",2008,15.496
"1402","Uruguay",2009,15.638
"1403","Uruguay",2010,15.8
"1404","Uruguay",2011,15.922
"1405","Uruguay",2012,16.064
"1406","Uruguay",2013,16.206
"1407","Uruguay",2014,16.348
"1408","Uruguay",2015,17.4
"1409","Uzbekistan",2000,10.3
"1410","Uzbekistan",2001,11.962
"1411","Uzbekistan",2002,11.914
"1412","Uzbekistan",2003,11.866
"1413","Uzbekistan",2004,11.818
"1414","Uzbekistan",2005,14.1
"1415","Uzbekistan",2006,11.722
"1416","Uzbekistan",2007,11.674
"1417","Uzbekistan",2008,11.626
"1418","Uzbekistan",2009,11.578
"1419","Uzbekistan",2010,12
"1420","Uzbekistan",2011,11.482
"1421","Uzbekistan",2012,11.434
"1422","Uzbekistan",2013,11.386
"1423","Uzbekistan",2014,11.338
"1424","Uzbekistan",2015,10.2
