"","Country","Year","unemployment_rate"
"1","Albania",1991,22.3239994
"2","Albania",1992,22.64699936
"3","Albania",1993,24.82600021
"4","Albania",1994,24.58300018
"5","Albania",1995,23.86100006
"6","Albania",1996,23.39800072
"7","Albania",1997,23.19499969
"8","Albania",1998,23.03300095
"9","Albania",1999,23.29000092
"10","Albania",2000,22.72999954
"11","Albania",2001,22.68000031
"12","Albania",2002,21.48800087
"13","Albania",2003,20.15299988
"14","Albania",2004,18.81800079
"15","Albania",2005,17.46299934
"16","Albania",2006,16.04000092
"17","Albania",2007,13.5
"18","Albania",2008,13.05000019
"19","Albania",2009,13.76000023
"20","Albania",2010,14.19999981
"21","Albania",2011,13.97999954
"22","Albania",2012,13.43999958
"23","Albania",2013,15.64000034
"24","Albania",2014,17.48999977
"25","Albania",2015,17.07999992
"26","Albania",2016,15.22000027
"27","Argentina",1991,5.440000057
"28","Argentina",1992,6.360000134
"29","Argentina",1993,10.10000038
"30","Argentina",1994,11.76000023
"31","Argentina",1995,18.79999924
"32","Argentina",1996,17.11000061
"33","Argentina",1997,14.81999969
"34","Argentina",1998,12.64999962
"35","Argentina",1999,14.05000019
"36","Argentina",2000,15
"37","Argentina",2001,17.31999969
"38","Argentina",2002,19.59000015
"39","Argentina",2003,15.35999966
"40","Argentina",2004,13.52000046
"41","Argentina",2005,11.51000023
"42","Argentina",2006,10.07999992
"43","Argentina",2007,8.470000267
"44","Argentina",2008,7.840000153
"45","Argentina",2009,8.649999619
"46","Argentina",2010,7.710000038
"47","Argentina",2011,7.179999828
"48","Argentina",2012,7.21999979
"49","Argentina",2013,7.099999905
"50","Argentina",2014,7.269999981
"51","Argentina",2015,7.151000023
"52","Argentina",2016,8.696000099
"53","Armenia",1991,1.978999972
"54","Armenia",1992,1.799999952
"55","Armenia",1993,5.300000191
"56","Armenia",1994,6.599999905
"57","Armenia",1995,6.699999809
"58","Armenia",1996,9.300000191
"59","Armenia",1997,10.80000019
"60","Armenia",1998,9.399999619
"61","Armenia",1999,11.19999981
"62","Armenia",2000,11.94299984
"63","Armenia",2001,12.73900032
"64","Armenia",2002,13.72599983
"65","Armenia",2003,14.52900028
"66","Armenia",2004,15.32299995
"67","Armenia",2005,16.06599998
"68","Armenia",2006,16.82799911
"69","Armenia",2007,17.51799965
"70","Armenia",2008,17.98500061
"71","Armenia",2009,18.73999977
"72","Armenia",2010,19.01000023
"73","Armenia",2011,18.44000053
"74","Armenia",2012,17.30999947
"75","Armenia",2013,16.18000031
"76","Armenia",2014,17.5
"77","Armenia",2015,18.26000023
"78","Armenia",2016,18.04000092
"79","Australia",1991,9.579999924
"80","Australia",1992,10.72999954
"81","Australia",1993,10.86999989
"82","Australia",1994,9.720000267
"83","Australia",1995,8.470000267
"84","Australia",1996,8.510000229
"85","Australia",1997,8.359999657
"86","Australia",1998,7.679999828
"87","Australia",1999,6.869999886
"88","Australia",2000,6.28000021
"89","Australia",2001,6.739999771
"90","Australia",2002,6.369999886
"91","Australia",2003,5.929999828
"92","Australia",2004,5.389999866
"93","Australia",2005,5.03000021
"94","Australia",2006,4.78000021
"95","Australia",2007,4.380000114
"96","Australia",2008,4.230000019
"97","Australia",2009,5.559999943
"98","Australia",2010,5.210000038
"99","Australia",2011,5.079999924
"100","Australia",2012,5.21999979
"101","Australia",2013,5.659999847
"102","Australia",2014,6.070000172
"103","Australia",2015,6.059999943
"104","Australia",2016,5.71999979
"105","Austria",1991,3.420000076
"106","Austria",1992,3.589999914
"107","Austria",1993,4.25
"108","Austria",1994,3.529999971
"109","Austria",1995,4.349999905
"110","Austria",1996,5.28000021
"111","Austria",1997,5.150000095
"112","Austria",1998,5.519999981
"113","Austria",1999,4.699999809
"114","Austria",2000,4.690000057
"115","Austria",2001,4.010000229
"116","Austria",2002,4.849999905
"117","Austria",2003,4.78000021
"118","Austria",2004,5.829999924
"119","Austria",2005,5.630000114
"120","Austria",2006,5.239999771
"121","Austria",2007,4.860000134
"122","Austria",2008,4.130000114
"123","Austria",2009,5.300000191
"124","Austria",2010,4.820000172
"125","Austria",2011,4.559999943
"126","Austria",2012,4.869999886
"127","Austria",2013,5.329999924
"128","Austria",2014,5.619999886
"129","Austria",2015,5.71999979
"130","Austria",2016,6.010000229
"131","Azerbaijan",1991,9.126999855
"132","Azerbaijan",1992,7.781000137
"133","Azerbaijan",1993,7.790999889
"134","Azerbaijan",1994,8.404000282
"135","Azerbaijan",1995,8.390000343
"136","Azerbaijan",1996,11.54199982
"137","Azerbaijan",1997,12.0710001
"138","Azerbaijan",1998,11.92500019
"139","Azerbaijan",1999,12.27700043
"140","Azerbaijan",2000,11.80000019
"141","Azerbaijan",2001,10.89999962
"142","Azerbaijan",2002,10
"143","Azerbaijan",2003,9.25
"144","Azerbaijan",2004,8
"145","Azerbaijan",2005,7.300000191
"146","Azerbaijan",2006,6.619999886
"147","Azerbaijan",2007,6.539999962
"148","Azerbaijan",2008,6.050000191
"149","Azerbaijan",2009,5.739999771
"150","Azerbaijan",2010,5.630000114
"151","Azerbaijan",2011,5.420000076
"152","Azerbaijan",2012,5.190000057
"153","Azerbaijan",2013,4.96999979
"154","Azerbaijan",2014,4.909999847
"155","Azerbaijan",2015,4.960000038
"156","Azerbaijan",2016,5
"157","Bahrain",1991,1.279000044
"158","Bahrain",1992,1.274999976
"159","Bahrain",1993,1.282999992
"160","Bahrain",1994,1.299999952
"161","Bahrain",1995,1.300999999
"162","Bahrain",1996,1.30400002
"163","Bahrain",1997,1.315999985
"164","Bahrain",1998,1.315999985
"165","Bahrain",1999,1.317000031
"166","Bahrain",2000,1.31400001
"167","Bahrain",2001,1.355999947
"168","Bahrain",2002,1.353999972
"169","Bahrain",2003,1.33099997
"170","Bahrain",2004,1.307999969
"171","Bahrain",2005,1.274999976
"172","Bahrain",2006,1.271000028
"173","Bahrain",2007,1.243999958
"174","Bahrain",2008,1.207999945
"175","Bahrain",2009,1.175999999
"176","Bahrain",2010,1.129999995
"177","Bahrain",2011,1.230000019
"178","Bahrain",2012,1.200000048
"179","Bahrain",2013,1.207000017
"180","Bahrain",2014,1.213000059
"181","Bahrain",2015,1.208999991
"182","Bahrain",2016,1.215000033
"183","Barbados",1991,22.96100044
"184","Barbados",1992,22.94000053
"185","Barbados",1993,24.54000092
"186","Barbados",1994,22.97999954
"187","Barbados",1995,19.65999985
"188","Barbados",1996,14.71000004
"189","Barbados",1997,14.60999966
"190","Barbados",1998,12.39999962
"191","Barbados",1999,10.60999966
"192","Barbados",2000,9.350000381
"193","Barbados",2001,9.850000381
"194","Barbados",2002,10.31999969
"195","Barbados",2003,11
"196","Barbados",2004,9.75
"197","Barbados",2005,9.06000042
"198","Barbados",2006,8.720000267
"199","Barbados",2007,7.449999809
"200","Barbados",2008,8.069999695
"201","Barbados",2009,10.02000046
"202","Barbados",2010,10.68999958
"203","Barbados",2011,11.14000034
"204","Barbados",2012,11.57999992
"205","Barbados",2013,11.55000019
"206","Barbados",2014,12.17000008
"207","Barbados",2015,11.35000038
"208","Barbados",2016,9.720000267
"209","Belarus",1991,0.832000017
"210","Belarus",1992,0.588999987
"211","Belarus",1993,0.602999985
"212","Belarus",1994,0.619000018
"213","Belarus",1995,0.630999982
"214","Belarus",1996,0.896000028
"215","Belarus",1997,0.902999997
"216","Belarus",1998,0.893999994
"217","Belarus",1999,0.927999973
"218","Belarus",2000,0.907999992
"219","Belarus",2001,0.899999976
"220","Belarus",2002,0.916999996
"221","Belarus",2003,0.908999979
"222","Belarus",2004,0.899999976
"223","Belarus",2005,0.880999982
"224","Belarus",2006,0.875
"225","Belarus",2007,0.879000008
"226","Belarus",2008,0.870999992
"227","Belarus",2009,0.899999976
"228","Belarus",2010,1.149999976
"229","Belarus",2011,0.680000007
"230","Belarus",2012,0.620000005
"231","Belarus",2013,0.50999999
"232","Belarus",2014,0.49000001
"233","Belarus",2015,0.493000001
"234","Belarus",2016,0.488000005
"235","Belgium",1991,6.989999771
"236","Belgium",1992,6.699999809
"237","Belgium",1993,8.079999924
"238","Belgium",1994,9.649999619
"239","Belgium",1995,9.340000153
"240","Belgium",1996,9.479999542
"241","Belgium",1997,8.960000038
"242","Belgium",1998,9.319999695
"243","Belgium",1999,8.649999619
"244","Belgium",2000,6.590000153
"245","Belgium",2001,6.179999828
"246","Belgium",2002,6.909999847
"247","Belgium",2003,7.679999828
"248","Belgium",2004,7.360000134
"249","Belgium",2005,8.43999958
"250","Belgium",2006,8.25
"251","Belgium",2007,7.460000038
"252","Belgium",2008,6.980000019
"253","Belgium",2009,7.909999847
"254","Belgium",2010,8.289999962
"255","Belgium",2011,7.139999866
"256","Belgium",2012,7.539999962
"257","Belgium",2013,8.430000305
"258","Belgium",2014,8.520000458
"259","Belgium",2015,8.479999542
"260","Belgium",2016,7.829999924
"261","Belize",1991,3.799999952
"262","Belize",1992,6.784999847
"263","Belize",1993,9.770000458
"264","Belize",1994,11.10000038
"265","Belize",1995,12.47999954
"266","Belize",1996,13.81999969
"267","Belize",1997,12.68000031
"268","Belize",1998,14.31000042
"269","Belize",1999,12.84000015
"270","Belize",2000,10.95499992
"271","Belize",2001,9.069999695
"272","Belize",2002,10.03999996
"273","Belize",2003,10.28199959
"274","Belize",2004,10.52499962
"275","Belize",2005,11.01000023
"276","Belize",2006,9.390000343
"277","Belize",2007,8.510000229
"278","Belize",2008,8.180000305
"279","Belize",2009,9.902000427
"280","Belize",2010,11.41600037
"281","Belize",2011,12.93099976
"282","Belize",2012,14.27000046
"283","Belize",2013,11.68000031
"284","Belize",2014,11.56999969
"285","Belize",2015,9.970000267
"286","Belize",2016,7.909999847
"287","Bosnia and Herzegovina",1991,17.54999924
"288","Bosnia and Herzegovina",1992,18.48900032
"289","Bosnia and Herzegovina",1993,20.35099983
"290","Bosnia and Herzegovina",1994,24.1970005
"291","Bosnia and Herzegovina",1995,26.42300034
"292","Bosnia and Herzegovina",1996,26.07500076
"293","Bosnia and Herzegovina",1997,26.1779995
"294","Bosnia and Herzegovina",1998,26.34499931
"295","Bosnia and Herzegovina",1999,26.99099922
"296","Bosnia and Herzegovina",2000,26.0739994
"297","Bosnia and Herzegovina",2001,26.42399979
"298","Bosnia and Herzegovina",2002,27.71999931
"299","Bosnia and Herzegovina",2003,28.23999977
"300","Bosnia and Herzegovina",2004,29.5189991
"301","Bosnia and Herzegovina",2005,30.06999969
"302","Bosnia and Herzegovina",2006,31.10000038
"303","Bosnia and Herzegovina",2007,28.93000031
"304","Bosnia and Herzegovina",2008,23.29999924
"305","Bosnia and Herzegovina",2009,24.03000069
"306","Bosnia and Herzegovina",2010,27.20000076
"307","Bosnia and Herzegovina",2011,27.60000038
"308","Bosnia and Herzegovina",2012,28.04999924
"309","Bosnia and Herzegovina",2013,27.45000076
"310","Bosnia and Herzegovina",2014,27.52000046
"311","Bosnia and Herzegovina",2015,27.69400024
"312","Bosnia and Herzegovina",2016,25.05999947
"313","Brazil",1991,5.645999908
"314","Brazil",1992,6.420000076
"315","Brazil",1993,6.03000021
"316","Brazil",1994,6.097000122
"317","Brazil",1995,5.949999809
"318","Brazil",1996,6.769999981
"319","Brazil",1997,7.679999828
"320","Brazil",1998,8.899999619
"321","Brazil",1999,9.609999657
"322","Brazil",2000,9.795000076
"323","Brazil",2001,9.350000381
"324","Brazil",2002,9.109999657
"325","Brazil",2003,9.729999542
"326","Brazil",2004,8.890000343
"327","Brazil",2005,9.31000042
"328","Brazil",2006,8.390000343
"329","Brazil",2007,8.090000153
"330","Brazil",2008,7.626999855
"331","Brazil",2009,8.279999733
"332","Brazil",2010,7.256999969
"333","Brazil",2011,6.690000057
"334","Brazil",2012,7.190000057
"335","Brazil",2013,6.989999771
"336","Brazil",2014,6.670000076
"337","Brazil",2015,8.43999958
"338","Brazil",2016,11.60999966
"339","Bulgaria",1991,21.24399948
"340","Bulgaria",1992,21.48600006
"341","Bulgaria",1993,21.38999939
"342","Bulgaria",1994,20.17000008
"343","Bulgaria",1995,15.90999985
"344","Bulgaria",1996,13.75
"345","Bulgaria",1997,13.69999981
"346","Bulgaria",1998,12.19999981
"347","Bulgaria",1999,14.10000038
"348","Bulgaria",2000,16.21999931
"349","Bulgaria",2001,19.92000008
"350","Bulgaria",2002,18.11000061
"351","Bulgaria",2003,13.72999954
"352","Bulgaria",2004,12.03999996
"353","Bulgaria",2005,10.07999992
"354","Bulgaria",2006,8.949999809
"355","Bulgaria",2007,6.880000114
"356","Bulgaria",2008,5.610000134
"357","Bulgaria",2009,6.820000172
"358","Bulgaria",2010,10.27999973
"359","Bulgaria",2011,11.26000023
"360","Bulgaria",2012,12.27000046
"361","Bulgaria",2013,12.93999958
"362","Bulgaria",2014,11.42000008
"363","Bulgaria",2015,9.140000343
"364","Bulgaria",2016,7.570000172
"365","Cabo Verde",1991,11.83399963
"366","Cabo Verde",1992,11.77900028
"367","Cabo Verde",1993,11.73099995
"368","Cabo Verde",1994,11.67700005
"369","Cabo Verde",1995,11.63199997
"370","Cabo Verde",1996,11.58699989
"371","Cabo Verde",1997,11.56000042
"372","Cabo Verde",1998,11.54100037
"373","Cabo Verde",1999,11.52999973
"374","Cabo Verde",2000,11.51399994
"375","Cabo Verde",2001,11.47200012
"376","Cabo Verde",2002,11.42800045
"377","Cabo Verde",2003,11.38099957
"378","Cabo Verde",2004,11.31400013
"379","Cabo Verde",2005,11.23900032
"380","Cabo Verde",2006,11.13700008
"381","Cabo Verde",2007,11.02700043
"382","Cabo Verde",2008,10.90799999
"383","Cabo Verde",2009,10.78299999
"384","Cabo Verde",2010,10.67000008
"385","Cabo Verde",2011,10.57699966
"386","Cabo Verde",2012,10.50699997
"387","Cabo Verde",2013,10.42500019
"388","Cabo Verde",2014,10.34799957
"389","Cabo Verde",2015,10.27499962
"390","Cabo Verde",2016,10.32499981
"391","Canada",1991,10.31999969
"392","Canada",1992,11.19999981
"393","Canada",1993,11.38000011
"394","Canada",1994,10.39999962
"395","Canada",1995,9.489999771
"396","Canada",1996,9.619999886
"397","Canada",1997,9.100000381
"398","Canada",1998,8.279999733
"399","Canada",1999,7.579999924
"400","Canada",2000,6.829999924
"401","Canada",2001,7.21999979
"402","Canada",2002,7.659999847
"403","Canada",2003,7.570000172
"404","Canada",2004,7.190000057
"405","Canada",2005,6.760000229
"406","Canada",2006,6.320000172
"407","Canada",2007,6.039999962
"408","Canada",2008,6.139999866
"409","Canada",2009,8.340000153
"410","Canada",2010,8.06000042
"411","Canada",2011,7.510000229
"412","Canada",2012,7.289999962
"413","Canada",2013,7.070000172
"414","Canada",2014,6.909999847
"415","Canada",2015,6.909999847
"416","Canada",2016,7
"417","Chile",1991,5.230000019
"418","Chile",1992,4.349999905
"419","Chile",1993,4.489999771
"420","Chile",1994,5.869999886
"421","Chile",1995,4.699999809
"422","Chile",1996,6.329999924
"423","Chile",1997,6.119999886
"424","Chile",1998,6.340000153
"425","Chile",1999,9.81000042
"426","Chile",2000,9.159999847
"427","Chile",2001,9.130000114
"428","Chile",2002,8.93999958
"429","Chile",2003,8.5
"430","Chile",2004,8.81000042
"431","Chile",2005,8
"432","Chile",2006,7.690000057
"433","Chile",2007,7.139999866
"434","Chile",2008,7.800000191
"435","Chile",2009,9.68999958
"436","Chile",2010,8.420000076
"437","Chile",2011,7.340000153
"438","Chile",2012,6.659999847
"439","Chile",2013,6.210000038
"440","Chile",2014,6.659999847
"441","Chile",2015,6.510000229
"442","Chile",2016,6.739999771
"443","Colombia",1991,10.11999989
"444","Colombia",1992,9.43999958
"445","Colombia",1993,7.800000191
"446","Colombia",1994,8.25
"447","Colombia",1995,8.720000267
"448","Colombia",1996,11.81000042
"449","Colombia",1997,12.14000034
"450","Colombia",1998,15
"451","Colombia",1999,20.05999947
"452","Colombia",2000,20.52000046
"453","Colombia",2001,15.03999996
"454","Colombia",2002,15.63000011
"455","Colombia",2003,14.18999958
"456","Colombia",2004,13.72000027
"457","Colombia",2005,11.86999989
"458","Colombia",2006,12.69999981
"459","Colombia",2007,11.19999981
"460","Colombia",2008,11.27000046
"461","Colombia",2009,12.06999969
"462","Colombia",2010,10.88000011
"463","Colombia",2011,10.18999958
"464","Colombia",2012,9.81000042
"465","Colombia",2013,9.18999958
"466","Colombia",2014,8.529999733
"467","Colombia",2015,8.239999771
"468","Colombia",2016,8.350000381
"469","Costa Rica",1991,5.369999886
"470","Costa Rica",1992,3.930000067
"471","Costa Rica",1993,3.950000048
"472","Costa Rica",1994,4.039999962
"473","Costa Rica",1995,5.179999828
"474","Costa Rica",1996,6.159999847
"475","Costa Rica",1997,5.679999828
"476","Costa Rica",1998,5.329999924
"477","Costa Rica",1999,5.889999866
"478","Costa Rica",2000,5.079999924
"479","Costa Rica",2001,5.909999847
"480","Costa Rica",2002,6.329999924
"481","Costa Rica",2003,6.559999943
"482","Costa Rica",2004,6.389999866
"483","Costa Rica",2005,6.570000172
"484","Costa Rica",2006,5.739999771
"485","Costa Rica",2007,4.489999771
"486","Costa Rica",2008,4.78000021
"487","Costa Rica",2009,7.710000038
"488","Costa Rica",2010,8.920000076
"489","Costa Rica",2011,10.18000031
"490","Costa Rica",2012,9.899999619
"491","Costa Rica",2013,8.960000038
"492","Costa Rica",2014,9.119999886
"493","Costa Rica",2015,9.260000229
"494","Costa Rica",2016,8.979999542
"495","Croatia",1991,11.14000034
"496","Croatia",1992,10.85900021
"497","Croatia",1993,10.65600014
"498","Croatia",1994,11.64900017
"499","Croatia",1995,10.9289999
"500","Croatia",1996,9.949999809
"501","Croatia",1997,9.909999847
"502","Croatia",1998,11.39000034
"503","Croatia",1999,13.56000042
"504","Croatia",2000,16.05999947
"505","Croatia",2001,15.81999969
"506","Croatia",2002,15.05000019
"507","Croatia",2003,13.92000008
"508","Croatia",2004,13.65999985
"509","Croatia",2005,12.60000038
"510","Croatia",2006,11.13000011
"511","Croatia",2007,9.909999847
"512","Croatia",2008,8.529999733
"513","Croatia",2009,9.199999809
"514","Croatia",2010,11.61999989
"515","Croatia",2011,13.68000031
"516","Croatia",2012,15.93000031
"517","Croatia",2013,17.25
"518","Croatia",2014,17.29000092
"519","Croatia",2015,16.18000031
"520","Croatia",2016,13.10000038
"521","Cuba",1991,9.19299984
"522","Cuba",1992,9.050999641
"523","Cuba",1993,8.914999962
"524","Cuba",1994,8.461999893
"525","Cuba",1995,8.270000458
"526","Cuba",1996,7.610000134
"527","Cuba",1997,7.099999905
"528","Cuba",1998,6.230000019
"529","Cuba",1999,6.260000229
"530","Cuba",2000,5.449999809
"531","Cuba",2001,4.079999924
"532","Cuba",2002,3.309999943
"533","Cuba",2003,2.329999924
"534","Cuba",2004,1.850000024
"535","Cuba",2005,1.950000048
"536","Cuba",2006,1.899999976
"537","Cuba",2007,1.789999962
"538","Cuba",2008,1.580000043
"539","Cuba",2009,1.669999957
"540","Cuba",2010,2.5
"541","Cuba",2011,3.180000067
"542","Cuba",2012,3.460000038
"543","Cuba",2013,3.289999962
"544","Cuba",2014,2.700000048
"545","Cuba",2015,2.400000095
"546","Cuba",2016,2.489000082
"547","Cyprus",1991,2.792000055
"548","Cyprus",1992,2.089999914
"549","Cyprus",1993,3.323999882
"550","Cyprus",1994,3.111999989
"551","Cyprus",1995,3.405999899
"552","Cyprus",1996,4.840000153
"553","Cyprus",1997,5.092000008
"554","Cyprus",1998,5.112999916
"555","Cyprus",1999,5.699999809
"556","Cyprus",2000,4.980000019
"557","Cyprus",2001,3.970000029
"558","Cyprus",2002,3.309999943
"559","Cyprus",2003,4.130000114
"560","Cyprus",2004,4.320000172
"561","Cyprus",2005,5.309999943
"562","Cyprus",2006,4.539999962
"563","Cyprus",2007,3.910000086
"564","Cyprus",2008,3.650000095
"565","Cyprus",2009,5.360000134
"566","Cyprus",2010,6.260000229
"567","Cyprus",2011,7.869999886
"568","Cyprus",2012,11.78999996
"569","Cyprus",2013,15.88000011
"570","Cyprus",2014,16.07999992
"571","Cyprus",2015,14.92000008
"572","Cyprus",2016,12.94999981
"573","Czech Republic",1991,2.269999981
"574","Czech Republic",1992,3.295000076
"575","Czech Republic",1993,4.320000172
"576","Czech Republic",1994,4.300000191
"577","Czech Republic",1995,4.019999981
"578","Czech Republic",1996,3.890000105
"579","Czech Republic",1997,4.269999981
"580","Czech Republic",1998,5.900000095
"581","Czech Republic",1999,8.489999771
"582","Czech Republic",2000,8.760000229
"583","Czech Republic",2001,7.989999771
"584","Czech Republic",2002,7.019999981
"585","Czech Republic",2003,7.539999962
"586","Czech Republic",2004,8.210000038
"587","Czech Republic",2005,7.929999828
"588","Czech Republic",2006,7.150000095
"589","Czech Republic",2007,5.320000172
"590","Czech Republic",2008,4.389999866
"591","Czech Republic",2009,6.659999847
"592","Czech Republic",2010,7.28000021
"593","Czech Republic",2011,6.710000038
"594","Czech Republic",2012,6.980000019
"595","Czech Republic",2013,6.949999809
"596","Czech Republic",2014,6.110000134
"597","Czech Republic",2015,5.050000191
"598","Czech Republic",2016,3.950000048
"599","Denmark",1991,9.100000381
"600","Denmark",1992,9.029999733
"601","Denmark",1993,10.72000027
"602","Denmark",1994,8.039999962
"603","Denmark",1995,6.989999771
"604","Denmark",1996,6.840000153
"605","Denmark",1997,5.400000095
"606","Denmark",1998,5.039999962
"607","Denmark",1999,5.139999866
"608","Denmark",2000,4.480000019
"609","Denmark",2001,4.159999847
"610","Denmark",2002,4.269999981
"611","Denmark",2003,5.400000095
"612","Denmark",2004,5.199999809
"613","Denmark",2005,4.829999924
"614","Denmark",2006,3.900000095
"615","Denmark",2007,3.799999952
"616","Denmark",2008,3.430000067
"617","Denmark",2009,6.010000229
"618","Denmark",2010,7.460000038
"619","Denmark",2011,7.570000172
"620","Denmark",2012,7.53000021
"621","Denmark",2013,7
"622","Denmark",2014,6.590000153
"623","Denmark",2015,6.170000076
"624","Denmark",2016,6.179999828
"625","Ecuador",1991,5.809999943
"626","Ecuador",1992,8.899999619
"627","Ecuador",1993,8.329999924
"628","Ecuador",1994,7.130000114
"629","Ecuador",1995,6.849999905
"630","Ecuador",1996,10.38000011
"631","Ecuador",1997,9.170000076
"632","Ecuador",1998,11.48999977
"633","Ecuador",1999,14.42000008
"634","Ecuador",2000,8.979999542
"635","Ecuador",2001,10.71000004
"636","Ecuador",2002,9.069999695
"637","Ecuador",2003,11.43999958
"638","Ecuador",2004,8.550000191
"639","Ecuador",2005,7.739999771
"640","Ecuador",2006,7.690000057
"641","Ecuador",2007,6.070000172
"642","Ecuador",2008,7.309999943
"643","Ecuador",2009,6.46999979
"644","Ecuador",2010,4.090000153
"645","Ecuador",2011,3.460000038
"646","Ecuador",2012,3.230000019
"647","Ecuador",2013,3.079999924
"648","Ecuador",2014,3.480000019
"649","Ecuador",2015,3.619999886
"650","Ecuador",2016,4.599999905
"651","El Salvador",1991,7.53000021
"652","El Salvador",1992,7.880000114
"653","El Salvador",1993,9.93999958
"654","El Salvador",1994,7.679999828
"655","El Salvador",1995,7.650000095
"656","El Salvador",1996,7.679999828
"657","El Salvador",1997,7.980000019
"658","El Salvador",1998,7.099999905
"659","El Salvador",1999,6.679999828
"660","El Salvador",2000,6.960000038
"661","El Salvador",2001,6.960000038
"662","El Salvador",2002,5.730000019
"663","El Salvador",2003,6.260000229
"664","El Salvador",2004,6.050000191
"665","El Salvador",2005,7.21999979
"666","El Salvador",2006,6.570000172
"667","El Salvador",2007,6.409999847
"668","El Salvador",2008,5.880000114
"669","El Salvador",2009,7.329999924
"670","El Salvador",2010,4.889999866
"671","El Salvador",2011,4.300000191
"672","El Salvador",2012,3.849999905
"673","El Salvador",2013,3.690000057
"674","El Salvador",2014,4.159999847
"675","El Salvador",2015,4
"676","El Salvador",2016,4.420000076
"677","Estonia",1991,1.470000029
"678","Estonia",1992,3.680000067
"679","Estonia",1993,6.539999962
"680","Estonia",1994,7.559999943
"681","Estonia",1995,9.659999847
"682","Estonia",1996,9.920000076
"683","Estonia",1997,10.36999989
"684","Estonia",1998,9.510000229
"685","Estonia",1999,11.56999969
"686","Estonia",2000,13.35999966
"687","Estonia",2001,13.13000011
"688","Estonia",2002,10.02999973
"689","Estonia",2003,11.28999996
"690","Estonia",2004,10.25
"691","Estonia",2005,8.029999733
"692","Estonia",2006,5.909999847
"693","Estonia",2007,4.590000153
"694","Estonia",2008,5.449999809
"695","Estonia",2009,13.55000019
"696","Estonia",2010,16.70999908
"697","Estonia",2011,12.32999992
"698","Estonia",2012,10.02000046
"699","Estonia",2013,8.630000114
"700","Estonia",2014,7.349999905
"701","Estonia",2015,6.190000057
"702","Estonia",2016,6.760000229
"703","Fiji",1991,5.929999828
"704","Fiji",1992,5.349999905
"705","Fiji",1993,5.880000114
"706","Fiji",1994,5.699999809
"707","Fiji",1995,5.400000095
"708","Fiji",1996,5.78000021
"709","Fiji",1997,6.144000053
"710","Fiji",1998,6.639999866
"711","Fiji",1999,7.197999954
"712","Fiji",2000,7.522999763
"713","Fiji",2001,7.951000214
"714","Fiji",2002,8.329999924
"715","Fiji",2003,8.220000267
"716","Fiji",2004,4.699999809
"717","Fiji",2005,4.619999886
"718","Fiji",2006,6.631000042
"719","Fiji",2007,8.569999695
"720","Fiji",2008,8.93999958
"721","Fiji",2009,8.720000267
"722","Fiji",2010,8.909999847
"723","Fiji",2011,9.020000458
"724","Fiji",2012,9
"725","Fiji",2013,7.578999996
"726","Fiji",2014,6.170000076
"727","Fiji",2015,6.098999977
"728","Fiji",2016,6.237999916
"729","Finland",1991,6.5
"730","Finland",1992,11.59000015
"731","Finland",1993,16.20000076
"732","Finland",1994,16.43000031
"733","Finland",1995,17
"734","Finland",1996,15.56999969
"735","Finland",1997,14.97000027
"736","Finland",1998,13.21000004
"737","Finland",1999,11.68999958
"738","Finland",2000,11.13000011
"739","Finland",2001,10.28999996
"740","Finland",2002,10.42000008
"741","Finland",2003,10.47000027
"742","Finland",2004,10.35999966
"743","Finland",2005,8.380000114
"744","Finland",2006,7.71999979
"745","Finland",2007,6.849999905
"746","Finland",2008,6.369999886
"747","Finland",2009,8.25
"748","Finland",2010,8.390000343
"749","Finland",2011,7.78000021
"750","Finland",2012,7.690000057
"751","Finland",2013,8.18999958
"752","Finland",2014,8.659999847
"753","Finland",2015,9.380000114
"754","Finland",2016,8.819999695
"755","France",1991,9.130000114
"756","France",1992,10.21000004
"757","France",1993,11.31999969
"758","France",1994,12.59000015
"759","France",1995,11.84000015
"760","France",1996,12.36999989
"761","France",1997,12.56999969
"762","France",1998,12.06999969
"763","France",1999,11.97999954
"764","France",2000,10.22000027
"765","France",2001,8.609999657
"766","France",2002,8.699999809
"767","France",2003,8.31000042
"768","France",2004,8.909999847
"769","France",2005,8.489999771
"770","France",2006,8.449999809
"771","France",2007,7.659999847
"772","France",2008,7.059999943
"773","France",2009,8.739999771
"774","France",2010,8.869999886
"775","France",2011,8.81000042
"776","France",2012,9.399999619
"777","France",2013,9.920000076
"778","France",2014,10.30000019
"779","France",2015,10.35999966
"780","France",2016,10.06000042
"781","Georgia",1991,10.08699989
"782","Georgia",1992,9.395000458
"783","Georgia",1993,9.508999825
"784","Georgia",1994,10.13599968
"785","Georgia",1995,12.04699993
"786","Georgia",1996,14.43299961
"787","Georgia",1997,14.73999977
"788","Georgia",1998,14.55000019
"789","Georgia",1999,13.80000019
"790","Georgia",2000,10.81999969
"791","Georgia",2001,11.15999985
"792","Georgia",2002,12.59000015
"793","Georgia",2003,11.51000023
"794","Georgia",2004,12.61999989
"795","Georgia",2005,13.81000042
"796","Georgia",2006,13.57999992
"797","Georgia",2007,13.27999973
"798","Georgia",2008,16.46999931
"799","Georgia",2009,16.84000015
"800","Georgia",2010,16.29999924
"801","Georgia",2011,15.06000042
"802","Georgia",2012,15.03999996
"803","Georgia",2013,14.56000042
"804","Georgia",2014,12.35000038
"805","Georgia",2015,11.96000004
"806","Georgia",2016,11.76000023
"807","Germany",1991,5.320000172
"808","Germany",1992,6.320000172
"809","Germany",1993,7.679999828
"810","Germany",1994,8.729999542
"811","Germany",1995,8.159999847
"812","Germany",1996,8.819999695
"813","Germany",1997,9.859999657
"814","Germany",1998,9.789999962
"815","Germany",1999,8.859999657
"816","Germany",2000,7.920000076
"817","Germany",2001,7.769999981
"818","Germany",2002,8.479999542
"819","Germany",2003,9.779999733
"820","Germany",2004,10.72999954
"821","Germany",2005,11.17000008
"822","Germany",2006,10.25
"823","Germany",2007,8.659999847
"824","Germany",2008,7.519999981
"825","Germany",2009,7.739999771
"826","Germany",2010,6.96999979
"827","Germany",2011,5.820000172
"828","Germany",2012,5.380000114
"829","Germany",2013,5.230000019
"830","Germany",2014,4.980000019
"831","Germany",2015,4.619999886
"832","Germany",2016,4.119999886
"833","Greece",1991,7.659999847
"834","Greece",1992,7.840000153
"835","Greece",1993,8.609999657
"836","Greece",1994,8.859999657
"837","Greece",1995,9.06000042
"838","Greece",1996,9.659999847
"839","Greece",1997,9.579999924
"840","Greece",1998,10.84000015
"841","Greece",1999,11.85000038
"842","Greece",2000,11.25
"843","Greece",2001,10.46000004
"844","Greece",2002,9.970000267
"845","Greece",2003,9.409999847
"846","Greece",2004,10.31000042
"847","Greece",2005,9.989999771
"848","Greece",2006,9.010000229
"849","Greece",2007,8.399999619
"850","Greece",2008,7.760000229
"851","Greece",2009,9.619999886
"852","Greece",2010,12.71000004
"853","Greece",2011,17.86000061
"854","Greece",2012,24.44000053
"855","Greece",2013,27.46999931
"856","Greece",2014,26.48999977
"857","Greece",2015,24.89999962
"858","Greece",2016,23.54000092
"859","Guatemala",1991,3.200000048
"860","Guatemala",1992,2.963000059
"861","Guatemala",1993,2.859999895
"862","Guatemala",1994,2.694999933
"863","Guatemala",1995,2.502000093
"864","Guatemala",1996,2.387000084
"865","Guatemala",1997,2.177000046
"866","Guatemala",1998,1.988999963
"867","Guatemala",1999,1.899999976
"868","Guatemala",2000,1.419999957
"869","Guatemala",2001,1.299999952
"870","Guatemala",2002,3.130000114
"871","Guatemala",2003,3.400000095
"872","Guatemala",2004,3.130000114
"873","Guatemala",2005,2.463999987
"874","Guatemala",2006,1.820000052
"875","Guatemala",2007,2.5
"876","Guatemala",2008,2.802999973
"877","Guatemala",2009,3.099999905
"878","Guatemala",2010,3.74000001
"879","Guatemala",2011,4.130000114
"880","Guatemala",2012,2.869999886
"881","Guatemala",2013,3.319999933
"882","Guatemala",2014,2.910000086
"883","Guatemala",2015,2.700000048
"884","Guatemala",2016,2.829999924
"885","Guyana",1991,12.51599979
"886","Guyana",1992,11.89999962
"887","Guyana",1993,11.57299995
"888","Guyana",1994,11.33399963
"889","Guyana",1995,12.03999996
"890","Guyana",1996,11.18400002
"891","Guyana",1997,11.45699978
"892","Guyana",1998,13.32900047
"893","Guyana",1999,11.8760004
"894","Guyana",2000,12.80000019
"895","Guyana",2001,11.68099976
"896","Guyana",2002,11.81000042
"897","Guyana",2003,12.1590004
"898","Guyana",2004,11.53299999
"899","Guyana",2005,12.43799973
"900","Guyana",2006,10.69999981
"901","Guyana",2007,10.30099964
"902","Guyana",2008,11.50199986
"903","Guyana",2009,11.16800022
"904","Guyana",2010,10.91699982
"905","Guyana",2011,10.78299999
"906","Guyana",2012,11.07499981
"907","Guyana",2013,11.1260004
"908","Guyana",2014,11.57499981
"909","Guyana",2015,11.80900002
"910","Guyana",2016,11.75500011
"911","Hungary",1991,9.604000092
"912","Hungary",1992,9.93999958
"913","Hungary",1993,12.10000038
"914","Hungary",1994,10.85000038
"915","Hungary",1995,10.17000008
"916","Hungary",1996,10.02000046
"917","Hungary",1997,8.989999771
"918","Hungary",1998,8.930000305
"919","Hungary",1999,6.929999828
"920","Hungary",2000,6.559999943
"921","Hungary",2001,5.670000076
"922","Hungary",2002,5.610000134
"923","Hungary",2003,5.789999962
"924","Hungary",2004,5.829999924
"925","Hungary",2005,7.190000057
"926","Hungary",2006,7.489999771
"927","Hungary",2007,7.409999847
"928","Hungary",2008,7.820000172
"929","Hungary",2009,10.02999973
"930","Hungary",2010,11.17000008
"931","Hungary",2011,11.02999973
"932","Hungary",2012,11
"933","Hungary",2013,10.18000031
"934","Hungary",2014,7.730000019
"935","Hungary",2015,6.809999943
"936","Hungary",2016,5.110000134
"937","Iceland",1991,2.549999952
"938","Iceland",1992,4.300000191
"939","Iceland",1993,5.260000229
"940","Iceland",1994,5.329999924
"941","Iceland",1995,5.199999809
"942","Iceland",1996,3.599999905
"943","Iceland",1997,3.720000029
"944","Iceland",1998,3.069999933
"945","Iceland",1999,2.180000067
"946","Iceland",2000,1.940000057
"947","Iceland",2001,1.870000005
"948","Iceland",2002,2.99000001
"949","Iceland",2003,4
"950","Iceland",2004,4.03000021
"951","Iceland",2005,2.549999952
"952","Iceland",2006,2.829999924
"953","Iceland",2007,2.25
"954","Iceland",2008,2.950000048
"955","Iceland",2009,7.21999979
"956","Iceland",2010,7.559999943
"957","Iceland",2011,7.03000021
"958","Iceland",2012,6
"959","Iceland",2013,5.380000114
"960","Iceland",2014,4.900000095
"961","Iceland",2015,3.980000019
"962","Iceland",2016,2.980000019
"963","Ireland",1991,15.77999973
"964","Ireland",1992,15.02999973
"965","Ireland",1993,15.59000015
"966","Ireland",1994,14.56999969
"967","Ireland",1995,11.97999954
"968","Ireland",1996,11.72000027
"969","Ireland",1997,10.19999981
"970","Ireland",1998,7.699999809
"971","Ireland",1999,5.800000191
"972","Ireland",2000,4.320000172
"973","Ireland",2001,3.680000067
"974","Ireland",2002,4.21999979
"975","Ireland",2003,4.480000019
"976","Ireland",2004,4.489999771
"977","Ireland",2005,4.340000153
"978","Ireland",2006,4.409999847
"979","Ireland",2007,4.670000076
"980","Ireland",2008,6.400000095
"981","Ireland",2009,12.01000023
"982","Ireland",2010,13.85000038
"983","Ireland",2011,14.61999989
"984","Ireland",2012,14.67000008
"985","Ireland",2013,13.03999996
"986","Ireland",2014,11.26000023
"987","Ireland",2015,9.399999619
"988","Ireland",2016,7.889999866
"989","Israel",1991,13.39000034
"990","Israel",1992,14.07999992
"991","Israel",1993,12.73999977
"992","Israel",1994,9.930000305
"993","Israel",1995,8.779999733
"994","Israel",1996,8.460000038
"995","Israel",1997,9.75
"996","Israel",1998,10.75
"997","Israel",1999,11.18000031
"998","Israel",2000,11.10000038
"999","Israel",2001,11.81000042
"1000","Israel",2002,12.89000034
"1001","Israel",2003,13.51000023
"1002","Israel",2004,13.02999973
"1003","Israel",2005,11.34000015
"1004","Israel",2006,10.71000004
"1005","Israel",2007,9.380000114
"1006","Israel",2008,7.699999809
"1007","Israel",2009,9.529999733
"1008","Israel",2010,8.479999542
"1009","Israel",2011,7.139999866
"1010","Israel",2012,6.860000134
"1011","Israel",2013,6.210000038
"1012","Israel",2014,5.889999866
"1013","Israel",2015,5.25
"1014","Israel",2016,4.800000191
"1015","Italy",1991,10.10000038
"1016","Italy",1992,9.329999924
"1017","Italy",1993,10.23999977
"1018","Italy",1994,11.09000015
"1019","Italy",1995,11.67000008
"1020","Italy",1996,11.86999989
"1021","Italy",1997,12
"1022","Italy",1998,12.11999989
"1023","Italy",1999,11.68999958
"1024","Italy",2000,10.84000015
"1025","Italy",2001,9.600000381
"1026","Italy",2002,9.210000038
"1027","Italy",2003,8.869999886
"1028","Italy",2004,7.869999886
"1029","Italy",2005,7.730000019
"1030","Italy",2006,6.78000021
"1031","Italy",2007,6.079999924
"1032","Italy",2008,6.71999979
"1033","Italy",2009,7.75
"1034","Italy",2010,8.359999657
"1035","Italy",2011,8.359999657
"1036","Italy",2012,10.64999962
"1037","Italy",2013,12.14999962
"1038","Italy",2014,12.68000031
"1039","Italy",2015,11.89999962
"1040","Italy",2016,11.68999958
"1041","Jamaica",1991,15.73999977
"1042","Jamaica",1992,15.39999962
"1043","Jamaica",1993,16.31999969
"1044","Jamaica",1994,15.34000015
"1045","Jamaica",1995,16.22999954
"1046","Jamaica",1996,16.01000023
"1047","Jamaica",1997,16.35000038
"1048","Jamaica",1998,15.5
"1049","Jamaica",1999,15.73999977
"1050","Jamaica",2000,15.51000023
"1051","Jamaica",2001,14.93000031
"1052","Jamaica",2002,14.34000015
"1053","Jamaica",2003,11.73999977
"1054","Jamaica",2004,11.43999958
"1055","Jamaica",2005,10.88000011
"1056","Jamaica",2006,9.569999695
"1057","Jamaica",2007,9.260000229
"1058","Jamaica",2008,10.32999992
"1059","Jamaica",2009,11.35999966
"1060","Jamaica",2010,12.36999989
"1061","Jamaica",2011,12.69999981
"1062","Jamaica",2012,13.93000031
"1063","Jamaica",2013,15.25
"1064","Jamaica",2014,13.73999977
"1065","Jamaica",2015,13.51000023
"1066","Jamaica",2016,13.18999958
"1067","Japan",1991,2.089999914
"1068","Japan",1992,2.160000086
"1069","Japan",1993,2.50999999
"1070","Japan",1994,2.890000105
"1071","Japan",1995,3.150000095
"1072","Japan",1996,3.349999905
"1073","Japan",1997,3.390000105
"1074","Japan",1998,4.110000134
"1075","Japan",1999,4.679999828
"1076","Japan",2000,4.730000019
"1077","Japan",2001,5.039999962
"1078","Japan",2002,5.369999886
"1079","Japan",2003,5.25
"1080","Japan",2004,4.710000038
"1081","Japan",2005,4.420000076
"1082","Japan",2006,4.130000114
"1083","Japan",2007,3.849999905
"1084","Japan",2008,3.980000019
"1085","Japan",2009,5.079999924
"1086","Japan",2010,5.070000172
"1087","Japan",2011,4.550000191
"1088","Japan",2012,4.349999905
"1089","Japan",2013,4.03000021
"1090","Japan",2014,3.579999924
"1091","Japan",2015,3.329999924
"1092","Japan",2016,3.130000114
"1093","Kazakhstan",1991,1.144000053
"1094","Kazakhstan",1992,1.128999949
"1095","Kazakhstan",1993,1.110000014
"1096","Kazakhstan",1994,7.539999962
"1097","Kazakhstan",1995,10.97999954
"1098","Kazakhstan",1996,12.96000004
"1099","Kazakhstan",1997,13
"1100","Kazakhstan",1998,13.10000038
"1101","Kazakhstan",1999,13.46000004
"1102","Kazakhstan",2000,12.75
"1103","Kazakhstan",2001,10.43000031
"1104","Kazakhstan",2002,9.329999924
"1105","Kazakhstan",2003,8.779999733
"1106","Kazakhstan",2004,8.399999619
"1107","Kazakhstan",2005,8.130000114
"1108","Kazakhstan",2006,7.789999962
"1109","Kazakhstan",2007,7.260000229
"1110","Kazakhstan",2008,6.630000114
"1111","Kazakhstan",2009,6.550000191
"1112","Kazakhstan",2010,5.769999981
"1113","Kazakhstan",2011,5.389999866
"1114","Kazakhstan",2012,5.289999962
"1115","Kazakhstan",2013,5.199999809
"1116","Kazakhstan",2014,5.059999943
"1117","Kazakhstan",2015,4.929999828
"1118","Kazakhstan",2016,4.960000038
"1119","Kuwait",1991,0.941999972
"1120","Kuwait",1992,0.81099999
"1121","Kuwait",1993,0.800000012
"1122","Kuwait",1994,0.699999988
"1123","Kuwait",1995,2.130000114
"1124","Kuwait",1996,0.699999988
"1125","Kuwait",1997,0.699999988
"1126","Kuwait",1998,0.699999988
"1127","Kuwait",1999,0.699999988
"1128","Kuwait",2000,0.800000012
"1129","Kuwait",2001,0.800000012
"1130","Kuwait",2002,1.100000024
"1131","Kuwait",2003,1.299999952
"1132","Kuwait",2004,1.700000048
"1133","Kuwait",2005,1.950000048
"1134","Kuwait",2006,1.299999952
"1135","Kuwait",2007,1.5
"1136","Kuwait",2008,1.75
"1137","Kuwait",2009,1.639999986
"1138","Kuwait",2010,1.820000052
"1139","Kuwait",2011,3.599999905
"1140","Kuwait",2012,3.512000084
"1141","Kuwait",2013,3.424999952
"1142","Kuwait",2014,2.900000095
"1143","Kuwait",2015,2.200000048
"1144","Kuwait",2016,2.230999947
"1145","Latvia",1991,18.89299965
"1146","Latvia",1992,18.11300087
"1147","Latvia",1993,19.13199997
"1148","Latvia",1994,21.65500069
"1149","Latvia",1995,20.11599922
"1150","Latvia",1996,20.93000031
"1151","Latvia",1997,14.89999962
"1152","Latvia",1998,14.46000004
"1153","Latvia",1999,13.78999996
"1154","Latvia",2000,14.21000004
"1155","Latvia",2001,13.81999969
"1156","Latvia",2002,13.82999992
"1157","Latvia",2003,12.06000042
"1158","Latvia",2004,11.71000004
"1159","Latvia",2005,10.02999973
"1160","Latvia",2006,7.03000021
"1161","Latvia",2007,6.050000191
"1162","Latvia",2008,7.739999771
"1163","Latvia",2009,17.51000023
"1164","Latvia",2010,19.47999954
"1165","Latvia",2011,16.20999908
"1166","Latvia",2012,15.05000019
"1167","Latvia",2013,11.86999989
"1168","Latvia",2014,10.85000038
"1169","Latvia",2015,9.869999886
"1170","Latvia",2016,9.640000343
"1171","Lithuania",1991,17.78899956
"1172","Lithuania",1992,17.05200005
"1173","Lithuania",1993,17.38699913
"1174","Lithuania",1994,17.32999992
"1175","Lithuania",1995,17.54000092
"1176","Lithuania",1996,16.39999962
"1177","Lithuania",1997,14.13000011
"1178","Lithuania",1998,13.71000004
"1179","Lithuania",1999,13.39000034
"1180","Lithuania",2000,15.93000031
"1181","Lithuania",2001,16.84000015
"1182","Lithuania",2002,13.01000023
"1183","Lithuania",2003,12.86999989
"1184","Lithuania",2004,10.68000031
"1185","Lithuania",2005,8.319999695
"1186","Lithuania",2006,5.78000021
"1187","Lithuania",2007,4.25
"1188","Lithuania",2008,5.829999924
"1189","Lithuania",2009,13.78999996
"1190","Lithuania",2010,17.80999947
"1191","Lithuania",2011,15.39000034
"1192","Lithuania",2012,13.35999966
"1193","Lithuania",2013,11.77000046
"1194","Lithuania",2014,10.69999981
"1195","Lithuania",2015,9.119999886
"1196","Lithuania",2016,7.860000134
"1197","Luxembourg",1991,1.480000019
"1198","Luxembourg",1992,2.029999971
"1199","Luxembourg",1993,2.329999924
"1200","Luxembourg",1994,3.480000019
"1201","Luxembourg",1995,2.920000076
"1202","Luxembourg",1996,3.289999962
"1203","Luxembourg",1997,2.529999971
"1204","Luxembourg",1998,2.75999999
"1205","Luxembourg",1999,2.390000105
"1206","Luxembourg",2000,2.349999905
"1207","Luxembourg",2001,1.799999952
"1208","Luxembourg",2002,2.619999886
"1209","Luxembourg",2003,3.680000067
"1210","Luxembourg",2004,5.110000134
"1211","Luxembourg",2005,4.489999771
"1212","Luxembourg",2006,4.730000019
"1213","Luxembourg",2007,4.070000172
"1214","Luxembourg",2008,5.059999943
"1215","Luxembourg",2009,5.119999886
"1216","Luxembourg",2010,4.360000134
"1217","Luxembourg",2011,4.900000095
"1218","Luxembourg",2012,5.139999866
"1219","Luxembourg",2013,5.849999905
"1220","Luxembourg",2014,5.849999905
"1221","Luxembourg",2015,6.670000076
"1222","Luxembourg",2016,6.289999962
"1223","Maldives",1991,0.791999996
"1224","Maldives",1992,0.79400003
"1225","Maldives",1993,0.800999999
"1226","Maldives",1994,0.786000013
"1227","Maldives",1995,0.790000021
"1228","Maldives",1996,1.001000047
"1229","Maldives",1997,1.213000059
"1230","Maldives",1998,1.447000027
"1231","Maldives",1999,1.713999987
"1232","Maldives",2000,1.970000029
"1233","Maldives",2001,2.315999985
"1234","Maldives",2002,2.584000111
"1235","Maldives",2003,2.671000004
"1236","Maldives",2004,3.210999966
"1237","Maldives",2005,3.84100008
"1238","Maldives",2006,3.476000071
"1239","Maldives",2007,3.953999996
"1240","Maldives",2008,4.116000175
"1241","Maldives",2009,4.868000031
"1242","Maldives",2010,4.577000141
"1243","Maldives",2011,4.681000233
"1244","Maldives",2012,5.113999844
"1245","Maldives",2013,4.96600008
"1246","Maldives",2014,5.210000038
"1247","Maldives",2015,5.052999973
"1248","Maldives",2016,5.027999878
"1249","Malta",1991,6.421999931
"1250","Malta",1992,6.896999836
"1251","Malta",1993,7.032999992
"1252","Malta",1994,7.467000008
"1253","Malta",1995,6.074999809
"1254","Malta",1996,7.191999912
"1255","Malta",1997,6.906000137
"1256","Malta",1998,7.309999943
"1257","Malta",1999,7.080999851
"1258","Malta",2000,6.320000172
"1259","Malta",2001,7.110000134
"1260","Malta",2002,6.900000095
"1261","Malta",2003,7.489999771
"1262","Malta",2004,7.320000172
"1263","Malta",2005,6.920000076
"1264","Malta",2006,6.800000191
"1265","Malta",2007,6.46999979
"1266","Malta",2008,5.980000019
"1267","Malta",2009,6.889999866
"1268","Malta",2010,6.849999905
"1269","Malta",2011,6.380000114
"1270","Malta",2012,6.309999943
"1271","Malta",2013,6.389999866
"1272","Malta",2014,5.800000191
"1273","Malta",2015,5.389999866
"1274","Malta",2016,4.699999809
"1275","Mauritius",1991,10.17500019
"1276","Mauritius",1992,10.08100033
"1277","Mauritius",1993,9.899000168
"1278","Mauritius",1994,9.730999947
"1279","Mauritius",1995,9.590000153
"1280","Mauritius",1996,9.07199955
"1281","Mauritius",1997,8.579999924
"1282","Mauritius",1998,8.144000053
"1283","Mauritius",1999,7.647999763
"1284","Mauritius",2000,7.339000225
"1285","Mauritius",2001,6.800000191
"1286","Mauritius",2002,7.199999809
"1287","Mauritius",2003,7.699999809
"1288","Mauritius",2004,8.489999771
"1289","Mauritius",2005,9.619999886
"1290","Mauritius",2006,9.140000343
"1291","Mauritius",2007,8.529999733
"1292","Mauritius",2008,7.21999979
"1293","Mauritius",2009,7.489999771
"1294","Mauritius",2010,7.690000057
"1295","Mauritius",2011,7.909999847
"1296","Mauritius",2012,8.149999619
"1297","Mauritius",2013,8
"1298","Mauritius",2014,7.71999979
"1299","Mauritius",2015,7.920000076
"1300","Mauritius",2016,7.300000191
"1301","Mexico",1991,3.049999952
"1302","Mexico",1992,3.099999905
"1303","Mexico",1993,3.210000038
"1304","Mexico",1994,4.25
"1305","Mexico",1995,6.889999866
"1306","Mexico",1996,5.25
"1307","Mexico",1997,4.059999943
"1308","Mexico",1998,3.569999933
"1309","Mexico",1999,2.49000001
"1310","Mexico",2000,2.559999943
"1311","Mexico",2001,2.539999962
"1312","Mexico",2002,2.869999886
"1313","Mexico",2003,2.960000038
"1314","Mexico",2004,3.660000086
"1315","Mexico",2005,3.559999943
"1316","Mexico",2006,3.569999933
"1317","Mexico",2007,3.650000095
"1318","Mexico",2008,3.900000095
"1319","Mexico",2009,5.380000114
"1320","Mexico",2010,5.329999924
"1321","Mexico",2011,5.190000057
"1322","Mexico",2012,4.920000076
"1323","Mexico",2013,4.940000057
"1324","Mexico",2014,4.829999924
"1325","Mexico",2015,4.340000153
"1326","Mexico",2016,3.880000114
"1327","Mongolia",1991,9.612000465
"1328","Mongolia",1992,9.671999931
"1329","Mongolia",1993,8.600000381
"1330","Mongolia",1994,9
"1331","Mongolia",1995,5.5
"1332","Mongolia",1996,6.699999809
"1333","Mongolia",1997,7.699999809
"1334","Mongolia",1998,5.900000095
"1335","Mongolia",1999,4.699999809
"1336","Mongolia",2000,4.599999905
"1337","Mongolia",2001,4.599999905
"1338","Mongolia",2002,5.80700016
"1339","Mongolia",2003,6.800000191
"1340","Mongolia",2004,3.599999905
"1341","Mongolia",2005,3.299999952
"1342","Mongolia",2006,3.200000048
"1343","Mongolia",2007,7.199999809
"1344","Mongolia",2008,5.559999943
"1345","Mongolia",2009,5.860000134
"1346","Mongolia",2010,6.550000191
"1347","Mongolia",2011,4.769999981
"1348","Mongolia",2012,3.900000095
"1349","Mongolia",2013,4.230000019
"1350","Mongolia",2014,4.800000191
"1351","Mongolia",2015,4.860000134
"1352","Mongolia",2016,7.239999771
"1353","Montenegro",1991,27.06599998
"1354","Montenegro",1992,26.15200043
"1355","Montenegro",1993,26.03700066
"1356","Montenegro",1994,32.02799988
"1357","Montenegro",1995,30.43400002
"1358","Montenegro",1996,33.04999924
"1359","Montenegro",1997,29.58300018
"1360","Montenegro",1998,29.92900085
"1361","Montenegro",1999,28.30500031
"1362","Montenegro",2000,32.05500031
"1363","Montenegro",2001,29.6060009
"1364","Montenegro",2002,29.83300018
"1365","Montenegro",2003,30.00600052
"1366","Montenegro",2004,30.40699959
"1367","Montenegro",2005,30.30999947
"1368","Montenegro",2006,24.85499954
"1369","Montenegro",2007,19.39999962
"1370","Montenegro",2008,17.14999962
"1371","Montenegro",2009,19.09000015
"1372","Montenegro",2010,19.68000031
"1373","Montenegro",2011,19.70999908
"1374","Montenegro",2012,19.72999954
"1375","Montenegro",2013,19.5
"1376","Montenegro",2014,18
"1377","Montenegro",2015,17.52000046
"1378","Montenegro",2016,17.70000076
"1379","Netherlands",1991,7.28000021
"1380","Netherlands",1992,5.559999943
"1381","Netherlands",1993,6.289999962
"1382","Netherlands",1994,7.159999847
"1383","Netherlands",1995,7.159999847
"1384","Netherlands",1996,6.420000076
"1385","Netherlands",1997,5.510000229
"1386","Netherlands",1998,4.389999866
"1387","Netherlands",1999,3.619999886
"1388","Netherlands",2000,2.730000019
"1389","Netherlands",2001,2.119999886
"1390","Netherlands",2002,2.549999952
"1391","Netherlands",2003,3.589999914
"1392","Netherlands",2004,4.650000095
"1393","Netherlands",2005,4.71999979
"1394","Netherlands",2006,3.900000095
"1395","Netherlands",2007,3.180000067
"1396","Netherlands",2008,2.75
"1397","Netherlands",2009,3.410000086
"1398","Netherlands",2010,4.449999809
"1399","Netherlands",2011,4.980000019
"1400","Netherlands",2012,5.820000172
"1401","Netherlands",2013,7.239999771
"1402","Netherlands",2014,7.420000076
"1403","Netherlands",2015,6.869999886
"1404","Netherlands",2016,6.010000229
"1405","New Zealand",1991,10.60999966
"1406","New Zealand",1992,10.67000008
"1407","New Zealand",1993,9.800000191
"1408","New Zealand",1994,8.359999657
"1409","New Zealand",1995,6.460000038
"1410","New Zealand",1996,6.300000191
"1411","New Zealand",1997,6.849999905
"1412","New Zealand",1998,7.71999979
"1413","New Zealand",1999,7.039999962
"1414","New Zealand",2000,6.139999866
"1415","New Zealand",2001,5.449999809
"1416","New Zealand",2002,5.289999962
"1417","New Zealand",2003,4.75
"1418","New Zealand",2004,4.010000229
"1419","New Zealand",2005,3.809999943
"1420","New Zealand",2006,3.849999905
"1421","New Zealand",2007,3.599999905
"1422","New Zealand",2008,4.019999981
"1423","New Zealand",2009,5.820000172
"1424","New Zealand",2010,6.139999866
"1425","New Zealand",2011,5.96999979
"1426","New Zealand",2012,6.409999847
"1427","New Zealand",2013,5.760000229
"1428","New Zealand",2014,5.380000114
"1429","New Zealand",2015,5.369999886
"1430","New Zealand",2016,5.110000134
"1431","Nicaragua",1991,14.44999981
"1432","Nicaragua",1992,14.39999962
"1433","Nicaragua",1993,14.95199966
"1434","Nicaragua",1994,15.50500011
"1435","Nicaragua",1995,16.61000061
"1436","Nicaragua",1996,15.61999989
"1437","Nicaragua",1997,13.19999981
"1438","Nicaragua",1998,13.81999969
"1439","Nicaragua",1999,10.92000008
"1440","Nicaragua",2000,9.81000042
"1441","Nicaragua",2001,6.449999809
"1442","Nicaragua",2002,12.19999981
"1443","Nicaragua",2003,7.599999905
"1444","Nicaragua",2004,6.409999847
"1445","Nicaragua",2005,5.369999886
"1446","Nicaragua",2006,5.309999943
"1447","Nicaragua",2007,4.889999866
"1448","Nicaragua",2008,6.199999809
"1449","Nicaragua",2009,8.159999847
"1450","Nicaragua",2010,7.829999924
"1451","Nicaragua",2011,6.519999981
"1452","Nicaragua",2012,5.210000038
"1453","Nicaragua",2013,5.28000021
"1454","Nicaragua",2014,4.519999981
"1455","Nicaragua",2015,4.478000164
"1456","Nicaragua",2016,4.447000027
"1457","Norway",1991,5.409999847
"1458","Norway",1992,5.909999847
"1459","Norway",1993,5.96999979
"1460","Norway",1994,5.349999905
"1461","Norway",1995,6.309999943
"1462","Norway",1996,5.039999962
"1463","Norway",1997,4.690000057
"1464","Norway",1998,3.74000001
"1465","Norway",1999,3.25
"1466","Norway",2000,3.460000038
"1467","Norway",2001,3.74000001
"1468","Norway",2002,4.019999981
"1469","Norway",2003,4.21999979
"1470","Norway",2004,4.260000229
"1471","Norway",2005,4.380000114
"1472","Norway",2006,3.400000095
"1473","Norway",2007,2.49000001
"1474","Norway",2008,2.549999952
"1475","Norway",2009,3.099999905
"1476","Norway",2010,3.519999981
"1477","Norway",2011,3.210000038
"1478","Norway",2012,3.119999886
"1479","Norway",2013,3.420000076
"1480","Norway",2014,3.480000019
"1481","Norway",2015,4.300000191
"1482","Norway",2016,4.679999828
"1483","Oman",1991,3.986999989
"1484","Oman",1992,3.892999887
"1485","Oman",1993,3.809999943
"1486","Oman",1994,3.736000061
"1487","Oman",1995,3.650000095
"1488","Oman",1996,3.792000055
"1489","Oman",1997,3.90899992
"1490","Oman",1998,4.106999874
"1491","Oman",1999,4.272999763
"1492","Oman",2000,4.28000021
"1493","Oman",2001,4.315000057
"1494","Oman",2002,4.367000103
"1495","Oman",2003,4.348999977
"1496","Oman",2004,4.285999775
"1497","Oman",2005,4.235000134
"1498","Oman",2006,4.230000019
"1499","Oman",2007,4.230999947
"1500","Oman",2008,4.142000198
"1501","Oman",2009,4.078999996
"1502","Oman",2010,3.977999926
"1503","Oman",2011,3.973999977
"1504","Oman",2012,3.773000002
"1505","Oman",2013,3.651000023
"1506","Oman",2014,3.493999958
"1507","Oman",2015,3.318000078
"1508","Oman",2016,3.266000032
"1509","Panama",1991,16.12000084
"1510","Panama",1992,14.67000008
"1511","Panama",1993,13.26000023
"1512","Panama",1994,14
"1513","Panama",1995,14.01000023
"1514","Panama",1996,14.31999969
"1515","Panama",1997,13.36999989
"1516","Panama",1998,14.02000046
"1517","Panama",1999,11.75
"1518","Panama",2000,13.52999973
"1519","Panama",2001,14.71000004
"1520","Panama",2002,14.10999966
"1521","Panama",2003,13.61999989
"1522","Panama",2004,12.43999958
"1523","Panama",2005,10.32999992
"1524","Panama",2006,9.109999657
"1525","Panama",2007,6.78000021
"1526","Panama",2008,5.849999905
"1527","Panama",2009,6.559999943
"1528","Panama",2010,6.519999981
"1529","Panama",2011,4.480000019
"1530","Panama",2012,4.050000191
"1531","Panama",2013,4.099999905
"1532","Panama",2014,4.820000172
"1533","Panama",2015,4.53000021
"1534","Panama",2016,4.353000164
"1535","Paraguay",1991,5.099999905
"1536","Paraguay",1992,4.980000019
"1537","Paraguay",1993,5.059999943
"1538","Paraguay",1994,4.409999847
"1539","Paraguay",1995,3.400000095
"1540","Paraguay",1996,8.149999619
"1541","Paraguay",1997,5.360000134
"1542","Paraguay",1998,5.300000191
"1543","Paraguay",1999,9.399999619
"1544","Paraguay",2000,7.610000134
"1545","Paraguay",2001,7.599999905
"1546","Paraguay",2002,9.390000343
"1547","Paraguay",2003,6.809999943
"1548","Paraguay",2004,6.510000229
"1549","Paraguay",2005,4.820000172
"1550","Paraguay",2006,5.28000021
"1551","Paraguay",2007,4.710000038
"1552","Paraguay",2008,4.420000076
"1553","Paraguay",2009,5.460000038
"1554","Paraguay",2010,4.570000172
"1555","Paraguay",2011,4.670000076
"1556","Paraguay",2012,4.090000153
"1557","Paraguay",2013,4.380000114
"1558","Paraguay",2014,5.03000021
"1559","Paraguay",2015,4.559999943
"1560","Paraguay",2016,5.25
"1561","Philippines",1991,3.839999914
"1562","Philippines",1992,3.832999945
"1563","Philippines",1993,3.823999882
"1564","Philippines",1994,3.823999882
"1565","Philippines",1995,3.802999973
"1566","Philippines",1996,3.788000107
"1567","Philippines",1997,3.759000063
"1568","Philippines",1998,3.726999998
"1569","Philippines",1999,3.73300004
"1570","Philippines",2000,3.726999998
"1571","Philippines",2001,3.700000048
"1572","Philippines",2002,3.657000065
"1573","Philippines",2003,3.529999971
"1574","Philippines",2004,3.549999952
"1575","Philippines",2005,3.799999952
"1576","Philippines",2006,4.050000191
"1577","Philippines",2007,3.430000067
"1578","Philippines",2008,3.720000029
"1579","Philippines",2009,3.859999895
"1580","Philippines",2010,3.609999895
"1581","Philippines",2011,3.589999914
"1582","Philippines",2012,3.5
"1583","Philippines",2013,3.5
"1584","Philippines",2014,3.599999905
"1585","Philippines",2015,3.039999962
"1586","Philippines",2016,2.710000038
"1587","Poland",1991,12.53499985
"1588","Poland",1992,13.31999969
"1589","Poland",1993,14
"1590","Poland",1994,14.43999958
"1591","Poland",1995,13.34000015
"1592","Poland",1996,12.35000038
"1593","Poland",1997,10.96000004
"1594","Poland",1998,9.93999958
"1595","Poland",1999,12.28999996
"1596","Poland",2000,16.30999947
"1597","Poland",2001,18.37000084
"1598","Poland",2002,19.88999939
"1599","Poland",2003,19.37000084
"1600","Poland",2004,19.06999969
"1601","Poland",2005,17.75
"1602","Poland",2006,13.84000015
"1603","Poland",2007,9.600000381
"1604","Poland",2008,7.119999886
"1605","Poland",2009,8.170000076
"1606","Poland",2010,9.640000343
"1607","Poland",2011,9.630000114
"1608","Poland",2012,10.09000015
"1609","Poland",2013,10.32999992
"1610","Poland",2014,8.989999771
"1611","Poland",2015,7.5
"1612","Poland",2016,6.159999847
"1613","Portugal",1991,3.920000076
"1614","Portugal",1992,3.980000019
"1615","Portugal",1993,5.300000191
"1616","Portugal",1994,6.710000038
"1617","Portugal",1995,7.059999943
"1618","Portugal",1996,7.300000191
"1619","Portugal",1997,6.570000172
"1620","Portugal",1998,4.650000095
"1621","Portugal",1999,4.599999905
"1622","Portugal",2000,3.819999933
"1623","Portugal",2001,3.829999924
"1624","Portugal",2002,4.5
"1625","Portugal",2003,6.130000114
"1626","Portugal",2004,6.320000172
"1627","Portugal",2005,7.579999924
"1628","Portugal",2006,7.650000095
"1629","Portugal",2007,7.960000038
"1630","Portugal",2008,7.550000191
"1631","Portugal",2009,9.430000305
"1632","Portugal",2010,10.77000046
"1633","Portugal",2011,12.68000031
"1634","Portugal",2012,15.52999973
"1635","Portugal",2013,16.18000031
"1636","Portugal",2014,13.89000034
"1637","Portugal",2015,12.43999958
"1638","Portugal",2016,11.06999969
"1639","Puerto Rico",1991,16.18000031
"1640","Puerto Rico",1992,16.93000031
"1641","Puerto Rico",1993,16.90999985
"1642","Puerto Rico",1994,14.56000042
"1643","Puerto Rico",1995,13.93000031
"1644","Puerto Rico",1996,13.64000034
"1645","Puerto Rico",1997,13.80000019
"1646","Puerto Rico",1998,13.46000004
"1647","Puerto Rico",1999,11.81000042
"1648","Puerto Rico",2000,10.07999992
"1649","Puerto Rico",2001,11.34000015
"1650","Puerto Rico",2002,11.93999958
"1651","Puerto Rico",2003,11.77999973
"1652","Puerto Rico",2004,10.31000042
"1653","Puerto Rico",2005,11.35000038
"1654","Puerto Rico",2006,11.01000023
"1655","Puerto Rico",2007,10.93000031
"1656","Puerto Rico",2008,11.47999954
"1657","Puerto Rico",2009,15
"1658","Puerto Rico",2010,16.37000084
"1659","Puerto Rico",2011,15.94999981
"1660","Puerto Rico",2012,14.47999954
"1661","Puerto Rico",2013,14.30000019
"1662","Puerto Rico",2014,13.90999985
"1663","Puerto Rico",2015,12
"1664","Puerto Rico",2016,11.77999973
"1665","Qatar",1991,3.869999886
"1666","Qatar",1992,3.737999916
"1667","Qatar",1993,3.85800004
"1668","Qatar",1994,3.786000013
"1669","Qatar",1995,3.720000029
"1670","Qatar",1996,3.700999975
"1671","Qatar",1997,3.559000015
"1672","Qatar",1998,3.631999969
"1673","Qatar",1999,3.709000111
"1674","Qatar",2000,3.674999952
"1675","Qatar",2001,3.910000086
"1676","Qatar",2002,3.302999973
"1677","Qatar",2003,2.694999933
"1678","Qatar",2004,1.480000019
"1679","Qatar",2005,1.174999952
"1680","Qatar",2006,0.870000005
"1681","Qatar",2007,0.519999981
"1682","Qatar",2008,0.310000002
"1683","Qatar",2009,0.310000002
"1684","Qatar",2010,0.449999988
"1685","Qatar",2011,0.560000002
"1686","Qatar",2012,0.479999989
"1687","Qatar",2013,0.270000011
"1688","Qatar",2014,0.189999998
"1689","Qatar",2015,0.159999996
"1690","Qatar",2016,0.140000001
"1691","Romania",1991,8.074999809
"1692","Romania",1992,8.260000229
"1693","Romania",1993,8.237999916
"1694","Romania",1994,8.170000076
"1695","Romania",1995,8.010000229
"1696","Romania",1996,6.739999771
"1697","Romania",1997,5.510000229
"1698","Romania",1998,5.630000114
"1699","Romania",1999,6.239999771
"1700","Romania",2000,6.96999979
"1701","Romania",2001,6.559999943
"1702","Romania",2002,8.109999657
"1703","Romania",2003,6.949999809
"1704","Romania",2004,7.71999979
"1705","Romania",2005,7.170000076
"1706","Romania",2006,7.269999981
"1707","Romania",2007,6.409999847
"1708","Romania",2008,5.789999962
"1709","Romania",2009,6.860000134
"1710","Romania",2010,6.960000038
"1711","Romania",2011,7.179999828
"1712","Romania",2012,6.789999962
"1713","Romania",2013,7.099999905
"1714","Romania",2014,6.800000191
"1715","Romania",2015,6.809999943
"1716","Romania",2016,5.900000095
"1717","Russian Federation",1991,5.68599987
"1718","Russian Federation",1992,5.309999943
"1719","Russian Federation",1993,5.909999847
"1720","Russian Federation",1994,8.079999924
"1721","Russian Federation",1995,9.659999847
"1722","Russian Federation",1996,9.859999657
"1723","Russian Federation",1997,11.81000042
"1724","Russian Federation",1998,13.39000034
"1725","Russian Federation",1999,13.52999973
"1726","Russian Federation",2000,10.57999992
"1727","Russian Federation",2001,8.979999542
"1728","Russian Federation",2002,7.920000076
"1729","Russian Federation",2003,8.229999542
"1730","Russian Federation",2004,7.78000021
"1731","Russian Federation",2005,7.170000076
"1732","Russian Federation",2006,7.159999847
"1733","Russian Federation",2007,6.099999905
"1734","Russian Federation",2008,6.320000172
"1735","Russian Federation",2009,8.420000076
"1736","Russian Federation",2010,7.369999886
"1737","Russian Federation",2011,6.539999962
"1738","Russian Federation",2012,5.440000057
"1739","Russian Federation",2013,5.460000038
"1740","Russian Federation",2014,5.159999847
"1741","Russian Federation",2015,5.570000172
"1742","Russian Federation",2016,5.537000179
"1743","Singapore",1991,2.180000067
"1744","Singapore",1992,3.089999914
"1745","Singapore",1993,3.069999933
"1746","Singapore",1994,3.029999971
"1747","Singapore",1995,3.299999952
"1748","Singapore",1996,3.569999933
"1749","Singapore",1997,2.5
"1750","Singapore",1998,3.410000086
"1751","Singapore",1999,4.849999905
"1752","Singapore",2000,3.700000048
"1753","Singapore",2001,3.75999999
"1754","Singapore",2002,5.650000095
"1755","Singapore",2003,5.929999828
"1756","Singapore",2004,5.840000153
"1757","Singapore",2005,5.590000153
"1758","Singapore",2006,4.480000019
"1759","Singapore",2007,3.900000095
"1760","Singapore",2008,3.960000038
"1761","Singapore",2009,4.380000114
"1762","Singapore",2010,3.170000076
"1763","Singapore",2011,2.960000038
"1764","Singapore",2012,2.880000114
"1765","Singapore",2013,2.789999962
"1766","Singapore",2014,2.799999952
"1767","Singapore",2015,1.690000057
"1768","Singapore",2016,1.799999952
"1769","Slovenia",1991,7.079999924
"1770","Slovenia",1992,7.438000202
"1771","Slovenia",1993,8.510000229
"1772","Slovenia",1994,8.239999771
"1773","Slovenia",1995,7.150000095
"1774","Slovenia",1996,6.909999847
"1775","Slovenia",1997,6.650000095
"1776","Slovenia",1998,7.389999866
"1777","Slovenia",1999,7.320000172
"1778","Slovenia",2000,6.920000076
"1779","Slovenia",2001,5.679999828
"1780","Slovenia",2002,5.920000076
"1781","Slovenia",2003,6.480000019
"1782","Slovenia",2004,6.010000229
"1783","Slovenia",2005,6.510000229
"1784","Slovenia",2006,5.949999809
"1785","Slovenia",2007,4.820000172
"1786","Slovenia",2008,4.369999886
"1787","Slovenia",2009,5.860000134
"1788","Slovenia",2010,7.239999771
"1789","Slovenia",2011,8.170000076
"1790","Slovenia",2012,8.840000153
"1791","Slovenia",2013,10.10000038
"1792","Slovenia",2014,9.670000076
"1793","Slovenia",2015,8.960000038
"1794","Slovenia",2016,8
"1795","South Africa",1991,20.12100029
"1796","South Africa",1992,20.00699997
"1797","South Africa",1993,20.01600075
"1798","South Africa",1994,20
"1799","South Africa",1995,16.89999962
"1800","South Africa",1996,21
"1801","South Africa",1997,22.89999962
"1802","South Africa",1998,25
"1803","South Africa",1999,25.37000084
"1804","South Africa",2000,23.27000046
"1805","South Africa",2001,25.37000084
"1806","South Africa",2002,27.18000031
"1807","South Africa",2003,27.12000084
"1808","South Africa",2004,24.67000008
"1809","South Africa",2005,23.84000015
"1810","South Africa",2006,22.62000084
"1811","South Africa",2007,22.32999992
"1812","South Africa",2008,22.43000031
"1813","South Africa",2009,23.54000092
"1814","South Africa",2010,24.69000053
"1815","South Africa",2011,24.64999962
"1816","South Africa",2012,24.72999954
"1817","South Africa",2013,24.56999969
"1818","South Africa",2014,24.89999962
"1819","South Africa",2015,25.15999985
"1820","South Africa",2016,26.54999924
"1821","Spain",1991,15.93000031
"1822","Spain",1992,17.70000076
"1823","Spain",1993,22.15999985
"1824","Spain",1994,24.20999908
"1825","Spain",1995,22.67000008
"1826","Spain",1996,22.13999939
"1827","Spain",1997,20.70000076
"1828","Spain",1998,18.67000008
"1829","Spain",1999,15.47999954
"1830","Spain",2000,13.78999996
"1831","Spain",2001,10.35000038
"1832","Spain",2002,11.14999962
"1833","Spain",2003,11.27999973
"1834","Spain",2004,11.09000015
"1835","Spain",2005,9.149999619
"1836","Spain",2006,8.449999809
"1837","Spain",2007,8.229999542
"1838","Spain",2008,11.25
"1839","Spain",2009,17.86000061
"1840","Spain",2010,19.86000061
"1841","Spain",2011,21.38999939
"1842","Spain",2012,24.79000092
"1843","Spain",2013,26.09000015
"1844","Spain",2014,24.44000053
"1845","Spain",2015,22.05999947
"1846","Spain",2016,19.62999916
"1847","Sri Lanka",1991,14.65999985
"1848","Sri Lanka",1992,14.22000027
"1849","Sri Lanka",1993,13.81999969
"1850","Sri Lanka",1994,13.02999973
"1851","Sri Lanka",1995,12.27000046
"1852","Sri Lanka",1996,11.35000038
"1853","Sri Lanka",1997,10.60000038
"1854","Sri Lanka",1998,9.170000076
"1855","Sri Lanka",1999,8.880000114
"1856","Sri Lanka",2000,7.739999771
"1857","Sri Lanka",2001,7.900000095
"1858","Sri Lanka",2002,8.760000229
"1859","Sri Lanka",2003,8.220000267
"1860","Sri Lanka",2004,8.380000114
"1861","Sri Lanka",2005,7.670000076
"1862","Sri Lanka",2006,6.5
"1863","Sri Lanka",2007,5.96999979
"1864","Sri Lanka",2008,5.21999979
"1865","Sri Lanka",2009,5.849999905
"1866","Sri Lanka",2010,4.940000057
"1867","Sri Lanka",2011,4.110000134
"1868","Sri Lanka",2012,3.880000114
"1869","Sri Lanka",2013,4.440000057
"1870","Sri Lanka",2014,4.400000095
"1871","Sri Lanka",2015,4.670000076
"1872","Sri Lanka",2016,4.369999886
"1873","Suriname",1991,21.625
"1874","Suriname",1992,17.28000069
"1875","Suriname",1993,15.64000034
"1876","Suriname",1994,12.69999981
"1877","Suriname",1995,8.390000343
"1878","Suriname",1996,10.88000011
"1879","Suriname",1997,10.56000042
"1880","Suriname",1998,10.63000011
"1881","Suriname",1999,13.60000038
"1882","Suriname",2000,12.79599953
"1883","Suriname",2001,10.87899971
"1884","Suriname",2002,10.75199986
"1885","Suriname",2003,9.74600029
"1886","Suriname",2004,9.489999771
"1887","Suriname",2005,9.803999901
"1888","Suriname",2006,9.336000443
"1889","Suriname",2007,9.19699955
"1890","Suriname",2008,9.102999687
"1891","Suriname",2009,9.020000458
"1892","Suriname",2010,7.559999943
"1893","Suriname",2011,6.927999973
"1894","Suriname",2012,6.289000034
"1895","Suriname",2013,4.840000153
"1896","Suriname",2014,6.940000057
"1897","Suriname",2015,7.21999979
"1898","Suriname",2016,8.175000191
"1899","Sweden",1991,3.24000001
"1900","Sweden",1992,5.71999979
"1901","Sweden",1993,9.329999924
"1902","Sweden",1994,9.579999924
"1903","Sweden",1995,8.899999619
"1904","Sweden",1996,9.550000191
"1905","Sweden",1997,10.35999966
"1906","Sweden",1998,8.93999958
"1907","Sweden",1999,7.610000134
"1908","Sweden",2000,5.46999979
"1909","Sweden",2001,3.980000019
"1910","Sweden",2002,3.99000001
"1911","Sweden",2003,4.880000114
"1912","Sweden",2004,5.519999981
"1913","Sweden",2005,7.670000076
"1914","Sweden",2006,7.050000191
"1915","Sweden",2007,6.119999886
"1916","Sweden",2008,6.179999828
"1917","Sweden",2009,8.300000191
"1918","Sweden",2010,8.579999924
"1919","Sweden",2011,7.769999981
"1920","Sweden",2012,7.960000038
"1921","Sweden",2013,8.010000229
"1922","Sweden",2014,7.920000076
"1923","Sweden",2015,7.400000095
"1924","Sweden",2016,6.989999771
"1925","Switzerland",1991,1.779999971
"1926","Switzerland",1992,2.809999943
"1927","Switzerland",1993,3.720000029
"1928","Switzerland",1994,3.880000114
"1929","Switzerland",1995,3.329999924
"1930","Switzerland",1996,3.710000038
"1931","Switzerland",1997,4.199999809
"1932","Switzerland",1998,3.599999905
"1933","Switzerland",1999,3.150000095
"1934","Switzerland",2000,2.670000076
"1935","Switzerland",2001,2.49000001
"1936","Switzerland",2002,2.920000076
"1937","Switzerland",2003,4.119999886
"1938","Switzerland",2004,4.320000172
"1939","Switzerland",2005,4.440000057
"1940","Switzerland",2006,4
"1941","Switzerland",2007,3.650000095
"1942","Switzerland",2008,3.349999905
"1943","Switzerland",2009,4.119999886
"1944","Switzerland",2010,4.809999943
"1945","Switzerland",2011,4.409999847
"1946","Switzerland",2012,4.480000019
"1947","Switzerland",2013,4.75
"1948","Switzerland",2014,4.829999924
"1949","Switzerland",2015,4.800000191
"1950","Switzerland",2016,4.920000076
"1951","Thailand",1991,2.720000029
"1952","Thailand",1992,1.389999986
"1953","Thailand",1993,1.50999999
"1954","Thailand",1994,1.350000024
"1955","Thailand",1995,1.139999986
"1956","Thailand",1996,1.070000052
"1957","Thailand",1997,0.870000005
"1958","Thailand",1998,3.400000095
"1959","Thailand",1999,2.960000038
"1960","Thailand",2000,2.390000105
"1961","Thailand",2001,2.599999905
"1962","Thailand",2002,1.820000052
"1963","Thailand",2003,1.539999962
"1964","Thailand",2004,1.50999999
"1965","Thailand",2005,1.350000024
"1966","Thailand",2006,1.220000029
"1967","Thailand",2007,1.179999948
"1968","Thailand",2008,1.179999948
"1969","Thailand",2009,1.49000001
"1970","Thailand",2010,0.620000005
"1971","Thailand",2011,0.660000026
"1972","Thailand",2012,0.579999983
"1973","Thailand",2013,0.49000001
"1974","Thailand",2014,0.579999983
"1975","Thailand",2015,0.600000024
"1976","Thailand",2016,0.936999977
"1977","Trinidad and Tobago",1991,18.52000046
"1978","Trinidad and Tobago",1992,19.65999985
"1979","Trinidad and Tobago",1993,19.80999947
"1980","Trinidad and Tobago",1994,18.44000053
"1981","Trinidad and Tobago",1995,17.21999931
"1982","Trinidad and Tobago",1996,16.25
"1983","Trinidad and Tobago",1997,15.01000023
"1984","Trinidad and Tobago",1998,14.21000004
"1985","Trinidad and Tobago",1999,13.11999989
"1986","Trinidad and Tobago",2000,12.10000038
"1987","Trinidad and Tobago",2001,10.88000011
"1988","Trinidad and Tobago",2002,10.39000034
"1989","Trinidad and Tobago",2003,10.47999954
"1990","Trinidad and Tobago",2004,8.329999924
"1991","Trinidad and Tobago",2005,7.949999809
"1992","Trinidad and Tobago",2006,6.269999981
"1993","Trinidad and Tobago",2007,5.539999962
"1994","Trinidad and Tobago",2008,4.630000114
"1995","Trinidad and Tobago",2009,5.28000021
"1996","Trinidad and Tobago",2010,5.929999828
"1997","Trinidad and Tobago",2011,4.659999847
"1998","Trinidad and Tobago",2012,5.039999962
"1999","Trinidad and Tobago",2013,3.589999914
"2000","Trinidad and Tobago",2014,3.309999943
"2001","Trinidad and Tobago",2015,3.390000105
"2002","Trinidad and Tobago",2016,4.373000145
"2003","Turkey",1991,8.210000038
"2004","Turkey",1992,8.510000229
"2005","Turkey",1993,8.960000038
"2006","Turkey",1994,8.579999924
"2007","Turkey",1995,7.639999866
"2008","Turkey",1996,6.630000114
"2009","Turkey",1997,6.840000153
"2010","Turkey",1998,6.889999866
"2011","Turkey",1999,7.690000057
"2012","Turkey",2000,6.489999771
"2013","Turkey",2001,8.380000114
"2014","Turkey",2002,10.35999966
"2015","Turkey",2003,10.53999996
"2016","Turkey",2004,10.84000015
"2017","Turkey",2005,10.64000034
"2018","Turkey",2006,8.720000267
"2019","Turkey",2007,8.869999886
"2020","Turkey",2008,9.710000038
"2021","Turkey",2009,12.55000019
"2022","Turkey",2010,10.65999985
"2023","Turkey",2011,8.800000191
"2024","Turkey",2012,8.149999619
"2025","Turkey",2013,8.729999542
"2026","Turkey",2014,9.880000114
"2027","Turkey",2015,10.23999977
"2028","Turkey",2016,10.84000015
"2029","Turkmenistan",1991,2.805000067
"2030","Turkmenistan",1992,2.47300005
"2031","Turkmenistan",1993,2.503999949
"2032","Turkmenistan",1994,2.621999979
"2033","Turkmenistan",1995,2.752000093
"2034","Turkmenistan",1996,4.040999889
"2035","Turkmenistan",1997,4.244999886
"2036","Turkmenistan",1998,3.982000113
"2037","Turkmenistan",1999,3.984999895
"2038","Turkmenistan",2000,3.892999887
"2039","Turkmenistan",2001,3.815000057
"2040","Turkmenistan",2002,3.940999985
"2041","Turkmenistan",2003,3.913000107
"2042","Turkmenistan",2004,3.924999952
"2043","Turkmenistan",2005,3.812999964
"2044","Turkmenistan",2006,3.808000088
"2045","Turkmenistan",2007,3.834000111
"2046","Turkmenistan",2008,3.752000093
"2047","Turkmenistan",2009,3.938999891
"2048","Turkmenistan",2010,4
"2049","Turkmenistan",2011,3.746999979
"2050","Turkmenistan",2012,3.665999889
"2051","Turkmenistan",2013,3.630000114
"2052","Turkmenistan",2014,3.576999903
"2053","Turkmenistan",2015,3.575000048
"2054","Turkmenistan",2016,3.479000092
"2055","Ukraine",1991,5.762000084
"2056","Ukraine",1992,5.493999958
"2057","Ukraine",1993,5.18200016
"2058","Ukraine",1994,5.249000072
"2059","Ukraine",1995,5.619999886
"2060","Ukraine",1996,7.650000095
"2061","Ukraine",1997,8.930000305
"2062","Ukraine",1998,11.31999969
"2063","Ukraine",1999,11.59000015
"2064","Ukraine",2000,11.63000011
"2065","Ukraine",2001,10.94999981
"2066","Ukraine",2002,9.630000114
"2067","Ukraine",2003,9.06000042
"2068","Ukraine",2004,8.590000153
"2069","Ukraine",2005,7.179999828
"2070","Ukraine",2006,6.809999943
"2071","Ukraine",2007,6.349999905
"2072","Ukraine",2008,6.360000134
"2073","Ukraine",2009,8.840000153
"2074","Ukraine",2010,8.100000381
"2075","Ukraine",2011,7.860000134
"2076","Ukraine",2012,7.53000021
"2077","Ukraine",2013,7.170000076
"2078","Ukraine",2014,9.270000458
"2079","Ukraine",2015,9.140000343
"2080","Ukraine",2016,9.350000381
"2081","United Arab Emirates",1991,1.89199996
"2082","United Arab Emirates",1992,1.902999997
"2083","United Arab Emirates",1993,1.909999967
"2084","United Arab Emirates",1994,1.838000059
"2085","United Arab Emirates",1995,1.799999952
"2086","United Arab Emirates",1996,1.927000046
"2087","United Arab Emirates",1997,2.023000002
"2088","United Arab Emirates",1998,2.163000107
"2089","United Arab Emirates",1999,2.226000071
"2090","United Arab Emirates",2000,2.25
"2091","United Arab Emirates",2001,2.549000025
"2092","United Arab Emirates",2002,2.743999958
"2093","United Arab Emirates",2003,2.858999968
"2094","United Arab Emirates",2004,2.980999947
"2095","United Arab Emirates",2005,3.119999886
"2096","United Arab Emirates",2006,3.230999947
"2097","United Arab Emirates",2007,3.342000008
"2098","United Arab Emirates",2008,4.010000229
"2099","United Arab Emirates",2009,4.165999889
"2100","United Arab Emirates",2010,3.694999933
"2101","United Arab Emirates",2011,3.305000067
"2102","United Arab Emirates",2012,2.970999956
"2103","United Arab Emirates",2013,2.618000031
"2104","United Arab Emirates",2014,2.282000065
"2105","United Arab Emirates",2015,1.932999969
"2106","United Arab Emirates",2016,1.636000037
"2107","United Kingdom",1991,8.550000191
"2108","United Kingdom",1992,9.779999733
"2109","United Kingdom",1993,10.35000038
"2110","United Kingdom",1994,9.649999619
"2111","United Kingdom",1995,8.68999958
"2112","United Kingdom",1996,8.18999958
"2113","United Kingdom",1997,7.070000172
"2114","United Kingdom",1998,6.199999809
"2115","United Kingdom",1999,6.039999962
"2116","United Kingdom",2000,5.559999943
"2117","United Kingdom",2001,4.699999809
"2118","United Kingdom",2002,5.039999962
"2119","United Kingdom",2003,4.809999943
"2120","United Kingdom",2004,4.590000153
"2121","United Kingdom",2005,4.75
"2122","United Kingdom",2006,5.349999905
"2123","United Kingdom",2007,5.260000229
"2124","United Kingdom",2008,5.619999886
"2125","United Kingdom",2009,7.539999962
"2126","United Kingdom",2010,7.789999962
"2127","United Kingdom",2011,8.039999962
"2128","United Kingdom",2012,7.889999866
"2129","United Kingdom",2013,7.53000021
"2130","United Kingdom",2014,6.110000134
"2131","United Kingdom",2015,5.300000191
"2132","United Kingdom",2016,4.809999943
"2133","United States",1991,6.829999924
"2134","United States",1992,7.5
"2135","United States",1993,6.920000076
"2136","United States",1994,6.099999905
"2137","United States",1995,5.599999905
"2138","United States",1996,5.400000095
"2139","United States",1997,4.940000057
"2140","United States",1998,4.510000229
"2141","United States",1999,4.21999979
"2142","United States",2000,3.99000001
"2143","United States",2001,4.730000019
"2144","United States",2002,5.78000021
"2145","United States",2003,5.989999771
"2146","United States",2004,5.53000021
"2147","United States",2005,5.079999924
"2148","United States",2006,4.619999886
"2149","United States",2007,4.619999886
"2150","United States",2008,5.78000021
"2151","United States",2009,9.25
"2152","United States",2010,9.630000114
"2153","United States",2011,8.949999809
"2154","United States",2012,8.069999695
"2155","United States",2013,7.380000114
"2156","United States",2014,6.170000076
"2157","United States",2015,5.28000021
"2158","United States",2016,4.869999886
"2159","Uruguay",1991,8.949999809
"2160","Uruguay",1992,8.960000038
"2161","Uruguay",1993,8.350000381
"2162","Uruguay",1994,9.039999962
"2163","Uruguay",1995,10.02000046
"2164","Uruguay",1996,11.93000031
"2165","Uruguay",1997,11.43999958
"2166","Uruguay",1998,9.779999733
"2167","Uruguay",1999,11.28999996
"2168","Uruguay",2000,13.32999992
"2169","Uruguay",2001,14.89999962
"2170","Uruguay",2002,16.90999985
"2171","Uruguay",2003,16.35000038
"2172","Uruguay",2004,12.88099957
"2173","Uruguay",2005,12.19999981
"2174","Uruguay",2006,10.56000042
"2175","Uruguay",2007,9.149999619
"2176","Uruguay",2008,7.699999809
"2177","Uruguay",2009,7.300000191
"2178","Uruguay",2010,7.159999847
"2179","Uruguay",2011,6.309999943
"2180","Uruguay",2012,6.449999809
"2181","Uruguay",2013,6.440000057
"2182","Uruguay",2014,6.550000191
"2183","Uruguay",2015,7.489999771
"2184","Uruguay",2016,7.840000153
"2185","Uzbekistan",1991,6.552999973
"2186","Uzbekistan",1992,6.313000202
"2187","Uzbekistan",1993,6.478000164
"2188","Uzbekistan",1994,6.40899992
"2189","Uzbekistan",1995,6.521999836
"2190","Uzbekistan",1996,8.319999695
"2191","Uzbekistan",1997,8.270999908
"2192","Uzbekistan",1998,8.274999619
"2193","Uzbekistan",1999,8.270000458
"2194","Uzbekistan",2000,8.277000427
"2195","Uzbekistan",2001,8.274999619
"2196","Uzbekistan",2002,8.282999992
"2197","Uzbekistan",2003,8.286000252
"2198","Uzbekistan",2004,8.25399971
"2199","Uzbekistan",2005,8.26099968
"2200","Uzbekistan",2006,8.255999565
"2201","Uzbekistan",2007,8.229000092
"2202","Uzbekistan",2008,8.227999687
"2203","Uzbekistan",2009,8.222999573
"2204","Uzbekistan",2010,8.192000389
"2205","Uzbekistan",2011,8.156999588
"2206","Uzbekistan",2012,8.11400032
"2207","Uzbekistan",2013,8.06400013
"2208","Uzbekistan",2014,8.003000259
"2209","Uzbekistan",2015,7.93900013
"2210","Uzbekistan",2016,7.513999939
