"","Country","Year","urban_population_percent"
"1","Albania",1987,1.3145477876632e-05
"2","Albania",1988,1.29826672276282e-05
"3","Albania",1989,1.28992854699135e-05
"4","Albania",1992,1.31971609576046e-05
"5","Albania",1993,1.34645340845175e-05
"6","Albania",1994,1.34608453090776e-05
"7","Albania",1995,1.34018690494355e-05
"8","Albania",1996,1.34252726259191e-05
"9","Albania",1997,1.3446742536277e-05
"10","Albania",1998,1.34766111871042e-05
"11","Albania",1999,1.35884696212597e-05
"12","Albania",2000,1.49272199237493e-05
"13","Albania",2001,1.51588761676818e-05
"14","Albania",2002,1.54322345361922e-05
"15","Albania",2003,1.56730299268969e-05
"16","Albania",2004,1.58786528797298e-05
"17","Albania",2005,1.67896552355981e-05
"18","Albania",2006,1.71985452724773e-05
"19","Albania",2007,1.76519530960945e-05
"20","Albania",2008,1.8131995676554e-05
"21","Albania",2009,1.86019340533831e-05
"22","Albania",2010,1.90652428010553e-05
"23","Antigua and Barbuda",1985,0.00055966440271674
"24","Antigua and Barbuda",1986,0.000572897455566255
"25","Antigua and Barbuda",1987,0.000583833925193323
"26","Antigua and Barbuda",1988,0.000592025518341308
"27","Antigua and Barbuda",1989,0.000596650855011057
"28","Antigua and Barbuda",1990,0.000597050644644813
"29","Antigua and Barbuda",1991,0.000587217484891133
"30","Antigua and Barbuda",1992,0.000568251757312688
"31","Antigua and Barbuda",1993,0.000548186872196601
"32","Antigua and Barbuda",1994,0.000527849950034592
"33","Antigua and Barbuda",1995,0.000508040749771867
"34","Antigua and Barbuda",1998,0.000454891590286047
"35","Antigua and Barbuda",1999,0.000440047133395636
"36","Antigua and Barbuda",2000,0.000426500458003106
"37","Antigua and Barbuda",2001,0.000414912808177992
"38","Antigua and Barbuda",2002,0.000400804237714109
"39","Antigua and Barbuda",2003,0.000387291981845688
"40","Antigua and Barbuda",2004,0.000374258369604756
"41","Antigua and Barbuda",2005,0.000361564162851132
"42","Antigua and Barbuda",2006,0.000348964305755483
"43","Antigua and Barbuda",2007,0.000336837800125102
"44","Antigua and Barbuda",2008,0.000325189263592567
"45","Antigua and Barbuda",2009,0.000314006041730089
"46","Antigua and Barbuda",2012,0.000287766053391053
"47","Antigua and Barbuda",2013,0.000282356872354645
"48","Antigua and Barbuda",2014,0.000277141724828816
"49","Antigua and Barbuda",2015,0.000272064424855806
"50","Argentina",1985,3.13899910157695e-06
"51","Argentina",1986,3.13624072703966e-06
"52","Argentina",1987,3.11032112617227e-06
"53","Argentina",1988,3.04624123759216e-06
"54","Argentina",1989,3.01766416912884e-06
"55","Argentina",1990,2.99005527497911e-06
"56","Argentina",1991,2.94797951092126e-06
"57","Argentina",1992,2.91365723492923e-06
"58","Argentina",1993,2.8792386882376e-06
"59","Argentina",1994,2.8455704454835e-06
"60","Argentina",1995,2.81266141722034e-06
"61","Argentina",1996,2.7804924756065e-06
"62","Argentina",1997,2.73905477559043e-06
"63","Argentina",1998,2.70959781129435e-06
"64","Argentina",1999,2.6813072295129e-06
"65","Argentina",2000,2.65417843289316e-06
"66","Argentina",2001,2.6264778807835e-06
"67","Argentina",2002,2.6014670984019e-06
"68","Argentina",2003,2.57822794218854e-06
"69","Argentina",2004,2.55553104111356e-06
"70","Argentina",2005,2.53247355643719e-06
"71","Argentina",2006,2.51121366873088e-06
"72","Argentina",2007,2.48835944482428e-06
"73","Argentina",2008,2.46450646536171e-06
"74","Argentina",2009,2.44068558906908e-06
"75","Argentina",2010,2.41758209591107e-06
"76","Argentina",2011,2.39348227865616e-06
"77","Argentina",2012,2.37036376490276e-06
"78","Argentina",2013,2.34820000840986e-06
"79","Argentina",2014,2.32650235422882e-06
"80","Argentina",2015,2.30488323252424e-06
"81","Armenia",1990,2.25964330876318e-05
"82","Armenia",1991,2.07843194303827e-05
"83","Armenia",1992,2.02127662789717e-05
"84","Armenia",1993,1.97843462887345e-05
"85","Armenia",1994,1.94950714195235e-05
"86","Armenia",1995,1.91847644096293e-05
"87","Armenia",1996,1.8868422433978e-05
"88","Armenia",1997,1.85737322216995e-05
"89","Armenia",1998,1.83322039538494e-05
"90","Armenia",1999,1.81380684955264e-05
"91","Armenia",2000,1.79303984665469e-05
"92","Armenia",2001,1.78326261862221e-05
"93","Armenia",2002,2.13065679993499e-05
"94","Armenia",2003,2.12067516938255e-05
"95","Armenia",2006,2.3093282187761e-05
"96","Armenia",2007,2.33022607276532e-05
"97","Armenia",2008,2.08971455891393e-05
"98","Armenia",2009,2.36234875614196e-05
"99","Armenia",2010,2.37050234173048e-05
"100","Armenia",2011,2.3719586109325e-05
"101","Armenia",2012,2.24709439395431e-05
"102","Armenia",2013,2.24729734778069e-05
"103","Armenia",2014,2.25156348665551e-05
"104","Armenia",2015,2.25679488977354e-05
"105","Armenia",2016,2.62837943129139e-05
"106","Aruba",1995,0.000662757196053383
"107","Aruba",1999,0.000575175443949472
"108","Aruba",2000,0.000556890653124963
"109","Aruba",2001,0.000538537526439346
"110","Aruba",2002,0.000520722659568443
"111","Aruba",2003,0.0005041676800283
"112","Aruba",2004,0.000489949748743719
"113","Aruba",2005,0.00047877391202296
"114","Aruba",2006,0.000470971018633146
"115","Aruba",2007,0.000465611981226599
"116","Aruba",2008,0.000461772926224753
"117","Aruba",2009,0.000458046753027554
"118","Aruba",2010,0.000453219236477312
"119","Aruba",2011,0.000449685304066437
"120","Australia",1985,5.87687513291845e-06
"121","Australia",1986,5.77671502810875e-06
"122","Australia",1987,5.68384636401513e-06
"123","Australia",1988,5.583361812987e-06
"124","Australia",1989,5.48874125025746e-06
"125","Australia",1990,5.4047570440465e-06
"126","Australia",1991,5.33365359111837e-06
"127","Australia",1992,5.26336870038148e-06
"128","Australia",1993,5.20201556493491e-06
"129","Australia",1994,5.13782945980945e-06
"130","Australia",1995,5.06360943895735e-06
"131","Australia",1996,4.98186875293893e-06
"132","Australia",1997,4.91461127123903e-06
"133","Australia",1998,4.85043650369759e-06
"134","Australia",1999,4.78241811462306e-06
"135","Australia",2000,4.71260283765434e-06
"136","Australia",2001,4.63849418483953e-06
"137","Australia",2002,4.58474303212635e-06
"138","Australia",2003,4.53261307080868e-06
"139","Australia",2004,4.47971397039824e-06
"140","Australia",2006,4.43240908446052e-06
"141","Australia",2007,4.29817307628479e-06
"142","Australia",2008,4.22175340910452e-06
"143","Australia",2009,4.14348883874272e-06
"144","Australia",2010,4.08594814123944e-06
"145","Australia",2011,4.08487518216125e-06
"146","Australia",2012,4.02101614442549e-06
"147","Australia",2013,3.9583927560607e-06
"148","Australia",2014,3.90384934266368e-06
"149","Australia",2015,3.8533260470201e-06
"150","Austria",1985,9.04415624161406e-06
"151","Austria",1986,8.99503451957045e-06
"152","Austria",1987,8.94374998509819e-06
"153","Austria",1988,8.88806649001576e-06
"154","Austria",1989,8.80940840526595e-06
"155","Austria",1990,8.70652992510116e-06
"156","Austria",1991,8.58785305591482e-06
"157","Austria",1992,8.46289860209028e-06
"158","Austria",1993,8.35991320455716e-06
"159","Austria",1994,8.29072838745668e-06
"160","Austria",1995,8.23802923914586e-06
"161","Austria",1996,8.18286597007329e-06
"162","Austria",1997,8.12569300334505e-06
"163","Austria",1998,8.06634879843685e-06
"164","Austria",1999,7.99975137569909e-06
"165","Austria",2000,7.93103439191978e-06
"166","Austria",2001,7.85035315062647e-06
"167","Austria",2002,7.76438037303126e-06
"168","Austria",2003,7.68903633420936e-06
"169","Austria",2004,7.6023664156902e-06
"170","Austria",2005,7.51367429187136e-06
"171","Austria",2006,7.43804698529851e-06
"172","Austria",2007,7.37583720355115e-06
"173","Austria",2008,7.31408273218579e-06
"174","Austria",2009,7.25855821676265e-06
"175","Austria",2010,7.20330825852346e-06
"176","Austria",2011,7.14370855220048e-06
"177","Austria",2012,7.11555584497957e-06
"178","Austria",2013,7.09637685751402e-06
"179","Austria",2014,7.06606400115168e-06
"180","Austria",2015,7.02181318387855e-06
"181","Austria",2016,7.73652137781026e-06
"182","Azerbaijan",1990,8.73002067144935e-06
"183","Azerbaijan",1991,8.49537269968323e-06
"184","Azerbaijan",1992,8.34044827005396e-06
"185","Azerbaijan",1993,8.19917297377255e-06
"186","Azerbaijan",1994,8.05296447694221e-06
"187","Azerbaijan",1995,7.90293405850315e-06
"188","Azerbaijan",1996,7.78272554659865e-06
"189","Azerbaijan",1997,7.6868506844006e-06
"190","Azerbaijan",1998,7.2792562490409e-06
"191","Azerbaijan",1999,7.20266137528687e-06
"192","Azerbaijan",2000,6.92977216819768e-06
"193","Azerbaijan",2001,6.86179743790936e-06
"194","Azerbaijan",2002,6.80897132295892e-06
"195","Azerbaijan",2003,6.77420947901993e-06
"196","Azerbaijan",2004,6.74428885803782e-06
"197","Azerbaijan",2007,6.6644775770439e-06
"198","Bahrain",1985,0.000238192844512587
"199","Bahrain",1987,0.000240606648511546
"200","Bahrain",1988,0.000225182896631007
"201","Bahrain",1997,0.000166835612688884
"202","Bahrain",1998,0.00016186363228445
"203","Bahrain",1999,0.00015620675088332
"204","Bahrain",2000,0.000149632150627757
"205","Bahrain",2001,0.000141597925920229
"206","Bahrain",2002,0.000133693690422701
"207","Bahrain",2003,0.000125737999243151
"208","Bahrain",2004,0.00011762068231412
"209","Bahrain",2005,0.000107892100578251
"210","Bahrain",2006,9.95471242842223e-05
"211","Bahrain",2007,9.17191748093589e-05
"212","Bahrain",2008,8.64457075453735e-05
"213","Bahrain",2009,8.1047795681855e-05
"214","Bahrain",2010,7.78063855767534e-05
"215","Bahrain",2011,8.03787711957719e-05
"216","Bahrain",2012,7.38588376065816e-05
"217","Bahrain",2013,7.31457488845139e-05
"218","Bahrain",2014,7.32433418700838e-05
"219","Barbados",1985,0.000167687585768027
"220","Barbados",1986,0.000166078730230008
"221","Barbados",1987,0.000163431050787117
"222","Barbados",1988,0.00016151123717531
"223","Barbados",1989,0.000159550171397579
"224","Barbados",1990,0.000157678659583715
"225","Barbados",1991,0.000156142801085227
"226","Barbados",1992,0.000152678530506123
"227","Barbados",1993,0.000151430920572118
"228","Barbados",1994,0.000149495840633206
"229","Barbados",1995,0.000147453783359107
"230","Barbados",2000,0.00013469701434294
"231","Barbados",2001,0.000133233230457158
"232","Barbados",2002,0.000131953709039526
"233","Barbados",2003,0.000130779189605034
"234","Barbados",2004,0.000129594470552239
"235","Barbados",2005,0.000128340302473719
"236","Barbados",2006,0.000127084598495819
"237","Barbados",2007,0.000125738131771051
"238","Barbados",2008,0.000124341306400941
"239","Barbados",2009,0.000122979146130508
"240","Barbados",2010,0.000121674658684829
"241","Barbados",2011,0.000120438899104877
"242","Barbados",2012,0.000119396377203704
"243","Barbados",2013,0.000118525753678828
"244","Belarus",1990,7.0126895020949e-06
"245","Belarus",1991,7.00428367865983e-06
"246","Belarus",1992,6.9759367482748e-06
"247","Belarus",1993,6.96549076708148e-06
"248","Belarus",1994,6.99623913690435e-06
"249","Belarus",1995,7.02179054108186e-06
"250","Belarus",1996,7.05311343000233e-06
"251","Belarus",1997,7.08690509931747e-06
"252","Belarus",1998,7.1238182196829e-06
"253","Belarus",1999,7.26555888556562e-06
"254","Belarus",2000,7.33202144291181e-06
"255","Belarus",2001,7.4060386049932e-06
"256","Belarus",2002,7.4915238665003e-06
"257","Belarus",2003,7.58065331081836e-06
"258","Belarus",2007,7.92615510029415e-06
"259","Belarus",2008,8.00869283068501e-06
"260","Belarus",2009,8.08857608040157e-06
"261","Belarus",2010,8.31426200124393e-06
"262","Belarus",2011,8.40340924395135e-06
"263","Belarus",2013,8.55184500621251e-06
"264","Belarus",2014,8.61044003925911e-06
"265","Belgium",1985,1.03488812517389e-05
"266","Belgium",1986,1.03393943922867e-05
"267","Belgium",1987,1.03446223515953e-05
"268","Belgium",1988,1.03230918284537e-05
"269","Belgium",1989,1.02994897638846e-05
"270","Belgium",1990,1.02860272702405e-05
"271","Belgium",1991,1.02655204791605e-05
"272","Belgium",1992,1.02398139349589e-05
"273","Belgium",1993,1.02106108898318e-05
"274","Belgium",1994,1.01817328761837e-05
"275","Belgium",1995,1.01580743187251e-05
"276","Belgium",1996,1.01334589443776e-05
"277","Belgium",1997,1.01213171287556e-05
"278","Belgium",1998,1.00816983851363e-05
"279","Belgium",1999,1.00603444469573e-05
"280","Belgium",2000,1.00401838903472e-05
"281","Belgium",2001,1.00087991253603e-05
"282","Belgium",2002,9.96467618055963e-06
"283","Belgium",2003,9.92398810174046e-06
"284","Belgium",2004,9.88523280256352e-06
"285","Belgium",2005,9.83767825823918e-06
"286","Belgium",2006,9.78188349085584e-06
"287","Belgium",2007,9.72107721559157e-06
"288","Belgium",2008,9.65809712468781e-06
"289","Belgium",2009,9.59397218246427e-06
"290","Belgium",2010,9.56315298576892e-06
"291","Belgium",2011,9.43474667186602e-06
"292","Belgium",2012,9.36008698185267e-06
"293","Belgium",2013,9.29010131909578e-06
"294","Belgium",2014,9.24798151481319e-06
"295","Belgium",2015,9.21241633728987e-06
"296","Belize",1986,0.000328526372436155
"297","Belize",1987,0.000333428194627612
"298","Belize",1989,0.000311289511330011
"299","Belize",1990,0.00030040949107917
"300","Belize",1991,0.000291434701389017
"301","Belize",1993,0.000274284108406859
"302","Belize",1994,0.000272930504754938
"303","Belize",1995,0.000257200791131351
"304","Belize",1996,0.000255428985170815
"305","Belize",1997,0.000245151904333044
"306","Belize",1998,0.000234704703524696
"307","Belize",1999,0.000224874198322644
"308","Belize",2000,0.000216067774023131
"309","Belize",2001,0.000208859536082474
"310","Belize",2002,0.000202394071483066
"311","Belize",2003,0.000196400032915965
"312","Belize",2004,0.000190628784820347
"313","Belize",2005,0.000184935168822264
"314","Belize",2006,0.000179158080426537
"315","Belize",2007,0.000173703715070511
"316","Belize",2008,0.000168581091147463
"317","Belize",2009,0.000163818385893769
"318","Belize",2010,0.000159367435173733
"319","Belize",2011,0.000155069378015038
"320","Belize",2012,0.000151351242862447
"321","Belize",2013,0.000148034090797642
"322","Belize",2014,0.000144941668451728
"323","Belize",2015,0.000141966507835266
"324","Bosnia and Herzegovina",2011,1.24895428187034e-05
"325","Bosnia and Herzegovina",2014,1.28182323208827e-05
"326","Brazil",1985,5.94676996510207e-07
"327","Brazil",1986,5.95261343202342e-07
"328","Brazil",1987,5.82377159201849e-07
"329","Brazil",1988,5.75507197439772e-07
"330","Brazil",1989,5.68863842428815e-07
"331","Brazil",1990,5.62625589330935e-07
"332","Brazil",1991,5.56218129581785e-07
"333","Brazil",1992,5.50657907154569e-07
"334","Brazil",1993,5.4564867084436e-07
"335","Brazil",1994,5.40852646323575e-07
"336","Brazil",1995,5.3604140447075e-07
"337","Brazil",1996,5.31390133813987e-07
"338","Brazil",1997,5.27223467329606e-07
"339","Brazil",1998,5.23070708884758e-07
"340","Brazil",1999,5.18920343986633e-07
"341","Brazil",2000,5.14798778300174e-07
"342","Brazil",2001,5.09137298615122e-07
"343","Brazil",2002,5.03067634303867e-07
"344","Brazil",2003,4.97004442259478e-07
"345","Brazil",2004,4.91216694183973e-07
"346","Brazil",2005,4.85875618528127e-07
"347","Brazil",2006,4.80665605690838e-07
"348","Brazil",2007,4.76048148658003e-07
"349","Brazil",2008,4.71900768501972e-07
"350","Brazil",2009,4.68030348485806e-07
"351","Brazil",2010,4.6432380807649e-07
"352","Brazil",2011,4.60811497154018e-07
"353","Brazil",2012,4.5758092344198e-07
"354","Brazil",2013,4.54547750806946e-07
"355","Brazil",2014,4.51656229129582e-07
"356","Brazil",2015,4.48852938183379e-07
"357","Bulgaria",1985,7.69615636626078e-06
"358","Bulgaria",1986,7.74581329371229e-06
"359","Bulgaria",1987,7.80213389185784e-06
"360","Bulgaria",1988,7.82998309495064e-06
"361","Bulgaria",1989,7.85831494450746e-06
"362","Bulgaria",1990,7.88465785060784e-06
"363","Bulgaria",1991,7.91245058498671e-06
"364","Bulgaria",1992,8.33874173490745e-06
"365","Bulgaria",1993,8.41519704846931e-06
"366","Bulgaria",1994,8.44937671823192e-06
"367","Bulgaria",1995,8.48983473116713e-06
"368","Bulgaria",1996,8.54005141837537e-06
"369","Bulgaria",1997,8.59993085368723e-06
"370","Bulgaria",1998,8.66561065059679e-06
"371","Bulgaria",1999,8.73019999361859e-06
"372","Bulgaria",2000,8.80037746375827e-06
"373","Bulgaria",2001,9.11046694732444e-06
"374","Bulgaria",2002,9.21529858328238e-06
"375","Bulgaria",2003,9.32569633107069e-06
"376","Bulgaria",2004,9.43033185079041e-06
"377","Bulgaria",2005,9.53315833006035e-06
"378","Bulgaria",2006,9.63945277501189e-06
"379","Bulgaria",2007,9.74745212804146e-06
"380","Bulgaria",2008,9.85509208653525e-06
"381","Bulgaria",2009,9.96742577167458e-06
"382","Bulgaria",2010,1.00941804261804e-05
"383","Bulgaria",2011,1.02937308546073e-05
"384","Bulgaria",2012,1.04854365584031e-05
"385","Bulgaria",2013,1.05933767734077e-05
"386","Bulgaria",2014,1.06990612118901e-05
"387","Cabo Verde",2011,0.000137825644654783
"388","Canada",1985,3.24912007076115e-06
"389","Canada",1986,3.25552879661226e-06
"390","Canada",1987,3.21546664584708e-06
"391","Canada",1988,3.17857515267165e-06
"392","Canada",1989,3.14185571716421e-06
"393","Canada",1990,3.0999334895835e-06
"394","Canada",1991,3.01767585316987e-06
"395","Canada",1992,2.90639731362657e-06
"396","Canada",1993,2.86334593209997e-06
"397","Canada",1994,2.8412977008993e-06
"398","Canada",1995,2.81242635145188e-06
"399","Canada",1996,2.81344507036428e-06
"400","Canada",1997,2.78937932250982e-06
"401","Canada",1998,2.77465494185451e-06
"402","Canada",1999,2.75796603569865e-06
"403","Canada",2000,2.73981140605158e-06
"404","Canada",2001,2.72742284410911e-06
"405","Canada",2002,2.69508434199112e-06
"406","Canada",2003,2.66922938322633e-06
"407","Canada",2004,2.64314777519075e-06
"408","Canada",2005,2.6186149526437e-06
"409","Canada",2006,2.59564107169918e-06
"410","Canada",2007,2.57327871736286e-06
"411","Canada",2008,2.55085356312563e-06
"412","Canada",2009,2.5286374658793e-06
"413","Canada",2010,2.50686509731838e-06
"414","Canada",2011,2.48643134095564e-06
"415","Canada",2012,2.46159142824819e-06
"416","Canada",2013,2.43669209607719e-06
"417","Chile",1985,7.73966242579553e-06
"418","Chile",1986,7.5701850974519e-06
"419","Chile",1987,7.39450375640077e-06
"420","Chile",1988,7.34247237374205e-06
"421","Chile",1989,7.22919683251919e-06
"422","Chile",1990,7.1117083344685e-06
"423","Chile",1991,7.02535531755073e-06
"424","Chile",1992,6.89187572025767e-06
"425","Chile",1993,6.81726525894939e-06
"426","Chile",1994,6.72353178647584e-06
"427","Chile",1995,6.55507315909789e-06
"428","Chile",1996,6.46555566476116e-06
"429","Chile",1997,6.38492255099141e-06
"430","Chile",1998,6.31108774026703e-06
"431","Chile",1999,6.24117652922395e-06
"432","Chile",2000,6.17295018150294e-06
"433","Chile",2001,6.1078852988039e-06
"434","Chile",2002,6.04248662215677e-06
"435","Chile",2003,5.96711911840454e-06
"436","Chile",2004,5.89525085796378e-06
"437","Chile",2005,5.82687501154021e-06
"438","Chile",2006,5.76196404402267e-06
"439","Chile",2007,5.70006656418354e-06
"440","Chile",2008,5.64095139086469e-06
"441","Chile",2009,5.58368598864872e-06
"442","Chile",2010,5.52785793061032e-06
"443","Chile",2011,5.47628576945046e-06
"444","Chile",2012,5.42380434815065e-06
"445","Chile",2013,5.37154808340842e-06
"446","Chile",2014,5.32112527509821e-06
"447","Chile",2015,5.27353887176451e-06
"448","Colombia",1985,2.67575151778865e-06
"449","Colombia",1986,2.6407822118386e-06
"450","Colombia",1987,2.42957435089814e-06
"451","Colombia",1988,2.39208346448745e-06
"452","Colombia",1989,2.35603962194386e-06
"453","Colombia",1990,2.32137450655632e-06
"454","Colombia",1991,2.28709752189196e-06
"455","Colombia",1992,2.3776480352233e-06
"456","Colombia",1993,2.34354635762126e-06
"457","Colombia",1994,2.31024847900059e-06
"458","Colombia",1995,2.16908576073785e-06
"459","Colombia",1996,2.1428844608076e-06
"460","Colombia",1997,2.11603040826148e-06
"461","Colombia",1998,2.08928791918379e-06
"462","Colombia",1999,2.0637445880733e-06
"463","Colombia",2000,2.0400612451449e-06
"464","Colombia",2001,2.01654199391293e-06
"465","Colombia",2002,1.99574276053299e-06
"466","Colombia",2003,1.97692103518526e-06
"467","Colombia",2004,1.95882798467348e-06
"468","Colombia",2005,1.94073483301203e-06
"469","Colombia",2006,1.92459194749802e-06
"470","Colombia",2007,1.90727759636344e-06
"471","Colombia",2008,1.88951649239717e-06
"472","Colombia",2009,1.87244604195358e-06
"473","Colombia",2010,1.85676741280309e-06
"474","Colombia",2011,1.841516679108e-06
"475","Colombia",2012,1.82788105639034e-06
"476","Colombia",2013,1.81556186898914e-06
"477","Colombia",2014,1.80399252633939e-06
"478","Colombia",2015,1.79283507904217e-06
"479","Costa Rica",1985,2.03224128779121e-05
"480","Costa Rica",1986,2.02158749985281e-05
"481","Costa Rica",1987,1.96875829184892e-05
"482","Costa Rica",1988,1.95428283535501e-05
"483","Costa Rica",1989,1.92053915471864e-05
"484","Costa Rica",1990,1.9028457634349e-05
"485","Costa Rica",1991,1.88302445154421e-05
"486","Costa Rica",1992,1.8655334489154e-05
"487","Costa Rica",1993,1.8482314720428e-05
"488","Costa Rica",1994,1.83172242950994e-05
"489","Costa Rica",1995,1.7402711979232e-05
"490","Costa Rica",1996,1.73744466235461e-05
"491","Costa Rica",1997,1.71873665979583e-05
"492","Costa Rica",1998,1.70138576301643e-05
"493","Costa Rica",1999,1.68574728022994e-05
"494","Costa Rica",2000,1.67218757769533e-05
"495","Costa Rica",2001,1.6748681883449e-05
"496","Costa Rica",2002,1.67790058235945e-05
"497","Costa Rica",2003,1.68129403135288e-05
"498","Costa Rica",2004,1.68517123640816e-05
"499","Costa Rica",2005,1.68948703878499e-05
"500","Costa Rica",2006,1.69287822683177e-05
"501","Costa Rica",2007,1.69788022739352e-05
"502","Costa Rica",2008,1.70384146392369e-05
"503","Costa Rica",2009,1.70947520382903e-05
"504","Costa Rica",2010,1.71425949610291e-05
"505","Costa Rica",2011,1.72040472055937e-05
"506","Costa Rica",2012,1.72359820997149e-05
"507","Costa Rica",2013,1.72454643531628e-05
"508","Costa Rica",2014,1.72449147586959e-05
"509","Croatia",1995,1.1624269216821e-05
"510","Croatia",1996,1.24405296530208e-05
"511","Croatia",1997,1.22788730695739e-05
"512","Croatia",1998,1.25282025288672e-05
"513","Croatia",1999,1.24184106591319e-05
"514","Croatia",2000,1.29742561985779e-05
"515","Croatia",2001,1.28310682064012e-05
"516","Croatia",2002,1.2759345372787e-05
"517","Croatia",2003,1.27742775524712e-05
"518","Croatia",2004,1.2801916776547e-05
"519","Croatia",2005,1.28226133154039e-05
"520","Croatia",2006,1.28650960684986e-05
"521","Croatia",2007,1.29172441699741e-05
"522","Croatia",2008,1.29731180352822e-05
"523","Croatia",2009,1.30422995357504e-05
"524","Croatia",2010,1.31197603024193e-05
"525","Croatia",2011,1.3206398617341e-05
"526","Croatia",2012,1.36906595644078e-05
"527","Croatia",2013,1.37734153748166e-05
"528","Croatia",2014,1.38751152786052e-05
"529","Croatia",2015,1.40328912678957e-05
"530","Croatia",2016,1.58122523860093e-05
"531","Cuba",1992,7.44553960975235e-06
"532","Cuba",1993,7.39459353125752e-06
"533","Cuba",1994,7.34708975378968e-06
"534","Cuba",1995,7.30468831825181e-06
"535","Cuba",1996,7.2670278797231e-06
"536","Cuba",1997,7.27236010979199e-06
"537","Cuba",1998,7.26185026182145e-06
"538","Cuba",1999,7.254947806965e-06
"539","Cuba",2000,7.2445396409229e-06
"540","Cuba",2001,7.24162688987484e-06
"541","Cuba",2002,7.23179612299006e-06
"542","Cuba",2003,7.21170440814447e-06
"543","Cuba",2004,7.18812194539557e-06
"544","Cuba",2005,7.1713527938407e-06
"545","Cuba",2006,7.15501998894462e-06
"546","Cuba",2007,7.14738981669268e-06
"547","Cuba",2008,7.14553225392435e-06
"548","Cuba",2009,7.14450407354866e-06
"549","Cuba",2010,7.14134610696086e-06
"550","Cuba",2011,7.13516470685107e-06
"551","Cuba",2012,7.12880027512094e-06
"552","Cuba",2013,7.11842857355964e-06
"553","Cuba",2014,7.10793226041882e-06
"554","Cuba",2015,7.09892080635749e-06
"555","Cyprus",1999,7.99863201413741e-05
"556","Cyprus",2000,7.84342401425911e-05
"557","Cyprus",2004,9.90563510599942e-05
"558","Cyprus",2005,9.73499281297771e-05
"559","Cyprus",2006,9.54897978349572e-05
"560","Cyprus",2007,9.33091946245163e-05
"561","Cyprus",2008,9.08110061777561e-05
"562","Cyprus",2009,8.82393195815818e-05
"563","Cyprus",2010,8.58246027732816e-05
"564","Cyprus",2011,8.41711193887273e-05
"565","Cyprus",2012,8.25991703364583e-05
"566","Cyprus",2013,8.2577609078285e-05
"567","Cyprus",2014,8.32870496347626e-05
"568","Cyprus",2015,8.40990002989807e-05
"569","Cyprus",2016,9.40204823257351e-05
"570","Czech Republic",1990,7.74593418262631e-06
"571","Czech Republic",1991,7.77429451520098e-06
"572","Czech Republic",1992,7.7495111755429e-06
"573","Czech Republic",1993,7.7190461365041e-06
"574","Czech Republic",1994,7.68966466574816e-06
"575","Czech Republic",1995,7.66016977513318e-06
"576","Czech Republic",1996,7.63147844288876e-06
"577","Czech Republic",1997,7.60031393622836e-06
"578","Czech Republic",1998,7.57022036742143e-06
"579","Czech Republic",1999,7.54846415436833e-06
"580","Czech Republic",2000,7.53461674098803e-06
"581","Czech Republic",2001,7.50928737750155e-06
"582","Czech Republic",2002,7.5682412157584e-06
"583","Czech Republic",2003,7.56420107972969e-06
"584","Czech Republic",2004,7.55859860743919e-06
"585","Czech Republic",2005,7.539848965358e-06
"586","Czech Republic",2006,7.51846565347555e-06
"587","Czech Republic",2007,7.48225557673144e-06
"588","Czech Republic",2008,7.41383864693455e-06
"589","Czech Republic",2009,7.37858403318048e-06
"590","Czech Republic",2010,7.36581013253129e-06
"591","Czech Republic",2011,7.38770879476019e-06
"592","Czech Republic",2012,7.37640389199857e-06
"593","Czech Republic",2013,7.37562798254284e-06
"594","Czech Republic",2014,7.36555828651403e-06
"595","Czech Republic",2015,7.35555131547414e-06
"596","Czech Republic",2016,8.23857442315141e-06
"597","Denmark",1994,1.74264051721255e-05
"598","Denmark",1995,1.73813140698055e-05
"599","Denmark",1996,1.72871255999989e-05
"600","Denmark",1997,1.7222567552596e-05
"601","Denmark",1998,1.71616461218533e-05
"602","Denmark",1999,1.70985858489237e-05
"603","Denmark",2000,1.70247294698467e-05
"604","Denmark",2001,1.69673835676818e-05
"605","Denmark",2002,1.69105790400464e-05
"606","Denmark",2003,1.68802938784809e-05
"607","Denmark",2004,1.68671820297863e-05
"608","Denmark",2005,1.68680706495846e-05
"609","Denmark",2006,1.68474037860772e-05
"610","Denmark",2007,1.68114097754102e-05
"611","Denmark",2008,1.67528454093984e-05
"612","Denmark",2009,1.66873652338405e-05
"613","Denmark",2010,1.66344499371956e-05
"614","Denmark",2011,1.6581711701284e-05
"615","Denmark",2012,1.65337897065576e-05
"616","Denmark",2013,1.64711241147846e-05
"617","Denmark",2014,1.63714676840039e-05
"618","Denmark",2015,1.62595222309389e-05
"619","Dominica",1985,0.000823933374497372
"620","Ecuador",1985,6.68445969818323e-06
"621","Ecuador",1986,6.5970072707539e-06
"622","Ecuador",1987,6.3144976169709e-06
"623","Ecuador",1988,6.23120534478363e-06
"624","Ecuador",1989,6.33178763017828e-06
"625","Ecuador",1990,6.25956290548253e-06
"626","Ecuador",1991,6.12745623728717e-06
"627","Ecuador",1992,6.07641327996632e-06
"628","Ecuador",1993,5.97988045297858e-06
"629","Ecuador",1994,5.88714579852705e-06
"630","Ecuador",1995,5.79947079301935e-06
"631","Ecuador",1996,5.71575746168858e-06
"632","Ecuador",1997,5.63734887234802e-06
"633","Ecuador",1998,5.56386195136146e-06
"634","Ecuador",1999,5.49429749329338e-06
"635","Ecuador",2000,5.42775369003358e-06
"636","Ecuador",2001,5.36698748773981e-06
"637","Ecuador",2002,5.29216485459795e-06
"638","Ecuador",2003,5.20907181826391e-06
"639","Ecuador",2004,5.12866518138753e-06
"640","Ecuador",2005,5.05097382113933e-06
"641","Ecuador",2006,4.97269943270244e-06
"642","Ecuador",2007,4.89881367209485e-06
"643","Ecuador",2008,4.82826564358069e-06
"644","Ecuador",2009,4.75965186111184e-06
"645","Ecuador",2010,4.69226482127703e-06
"646","Ecuador",2011,4.62699231732726e-06
"647","Ecuador",2012,4.55910749542808e-06
"648","Ecuador",2013,4.49140759041835e-06
"649","Ecuador",2014,4.42534829654765e-06
"650","Ecuador",2015,4.36204010932966e-06
"651","El Salvador",1990,1.09241594101654e-05
"652","El Salvador",1991,1.08792117782314e-05
"653","El Salvador",1992,1.09580514508992e-05
"654","El Salvador",1993,1.09530684121022e-05
"655","El Salvador",1995,1.11628530158188e-05
"656","El Salvador",1996,1.12967235658958e-05
"657","El Salvador",1997,1.14232246439549e-05
"658","El Salvador",1998,1.1545362789056e-05
"659","El Salvador",1999,1.15267166525769e-05
"660","El Salvador",2000,1.15103190776427e-05
"661","El Salvador",2001,1.14904170841308e-05
"662","El Salvador",2002,1.14739452120741e-05
"663","El Salvador",2003,1.14621949703069e-05
"664","El Salvador",2004,1.14579112501737e-05
"665","El Salvador",2005,1.14611220179666e-05
"666","El Salvador",2006,1.14545007455271e-05
"667","El Salvador",2007,1.14805384627483e-05
"668","El Salvador",2008,1.157931717706e-05
"669","El Salvador",2009,1.16786108512146e-05
"670","El Salvador",2010,1.17709812903766e-05
"671","El Salvador",2011,1.187388847335e-05
"672","El Salvador",2012,1.19574843419192e-05
"673","El Salvador",2013,1.20263357591876e-05
"674","El Salvador",2014,1.2090942764903e-05
"675","Estonia",1995,5.18187420207983e-05
"676","Estonia",1996,5.22357646347088e-05
"677","Estonia",1997,5.25249110788103e-05
"678","Estonia",1998,5.27592833580486e-05
"679","Estonia",1999,5.29569395042183e-05
"680","Estonia",2000,5.19931403353081e-05
"681","Estonia",2001,5.22340264225327e-05
"682","Estonia",2002,5.2492194448052e-05
"683","Estonia",2003,5.27777374018962e-05
"684","Estonia",2004,5.30666565971898e-05
"685","Estonia",2005,5.3345140380723e-05
"686","Estonia",2006,5.36446490621745e-05
"687","Estonia",2007,5.39028160854397e-05
"688","Estonia",2008,5.40749015431889e-05
"689","Estonia",2009,5.41877711950094e-05
"690","Estonia",2010,5.42916507870192e-05
"691","Estonia",2011,5.43968920177873e-05
"692","Estonia",2012,5.43082950899306e-05
"693","Estonia",2013,5.48002287834336e-05
"694","Estonia",2014,5.49734952526587e-05
"695","Estonia",2015,5.50210663709306e-05
"696","Fiji",2001,6.71336835960304e-05
"697","Fiji",2002,6.73296570186452e-05
"698","Fiji",2003,6.76482100133408e-05
"699","Fiji",2004,6.79274967772227e-05
"700","Fiji",2005,6.8073239713462e-05
"701","Fiji",2006,6.8130557362828e-05
"702","Fiji",2007,6.79908624318172e-05
"703","Fiji",2008,6.78635828670526e-05
"704","Fiji",2009,6.77567274043683e-05
"705","Fiji",2011,6.78619549003898e-05
"706","Fiji",2012,6.79439037474136e-05
"707","Finland",1987,1.67510420773191e-05
"708","Finland",1988,1.68335599029783e-05
"709","Finland",1989,1.6907157487236e-05
"710","Finland",1990,1.69765316300118e-05
"711","Finland",1991,1.69932921159323e-05
"712","Finland",1992,1.69730312073903e-05
"713","Finland",1993,1.6960342341206e-05
"714","Finland",1994,1.69455609573335e-05
"715","Finland",1995,1.69332572870857e-05
"716","Finland",1996,1.69137026959096e-05
"717","Finland",1997,1.68904426748958e-05
"718","Finland",1998,1.68653246843854e-05
"719","Finland",1999,1.68465639966318e-05
"720","Finland",2000,1.68344967994525e-05
"721","Finland",2001,1.68132821009417e-05
"722","Finland",2002,1.67838612259097e-05
"723","Finland",2003,1.67627580272612e-05
"724","Finland",2004,1.67393158746036e-05
"725","Finland",2005,1.67087046294831e-05
"726","Finland",2006,1.66749636175857e-05
"727","Finland",2007,1.66374132951272e-05
"728","Finland",2008,1.65931056710657e-05
"729","Finland",2009,1.6545766559302e-05
"730","Finland",2010,1.65439089008679e-05
"731","Finland",2011,1.65775131901661e-05
"732","Finland",2012,1.66014702029234e-05
"733","Finland",2013,1.6576008960489e-05
"734","Finland",2014,1.65069588920037e-05
"735","Finland",2015,1.64469938812744e-05
"736","France",1985,1.4333645741289e-06
"737","France",1986,1.42773867438187e-06
"738","France",1987,1.42194337231905e-06
"739","France",1988,1.41638032776853e-06
"740","France",1989,1.41077758912933e-06
"741","France",1990,1.39852583336275e-06
"742","France",1991,1.39311108454849e-06
"743","France",1992,1.38750106975081e-06
"744","France",1993,1.38236065758414e-06
"745","France",1994,1.37782477998225e-06
"746","France",1995,1.37381366856206e-06
"747","France",1996,1.37031951302171e-06
"748","France",1997,1.36705086942528e-06
"749","France",1998,1.36425549306981e-06
"750","France",1999,1.37371616292411e-06
"751","France",2000,1.37279284210241e-06
"752","France",2001,1.37137910708695e-06
"753","France",2002,1.36550089694351e-06
"754","France",2003,1.35967799946356e-06
"755","France",2004,1.35324223254219e-06
"756","France",2005,1.34935394759419e-06
"757","France",2006,1.33813642285007e-06
"758","France",2007,1.33445053013897e-06
"759","France",2008,1.33146457272825e-06
"760","France",2009,1.3291821057585e-06
"761","France",2010,1.32702220139689e-06
"762","France",2011,1.3248373349413e-06
"763","France",2012,1.32260294188022e-06
"764","France",2013,1.32089647032627e-06
"765","France",2014,1.31717531476689e-06
"766","Georgia",1990,1.10376201192002e-05
"767","Georgia",1991,1.09192872604064e-05
"768","Georgia",1992,1.09365143350944e-05
"769","Georgia",1994,1.19675115697379e-05
"770","Georgia",1995,1.22064880450507e-05
"771","Georgia",1996,1.24351821928191e-05
"772","Georgia",1997,1.25831220621794e-05
"773","Georgia",1998,1.26198223864531e-05
"774","Georgia",1999,1.26270640255354e-05
"775","Georgia",2000,1.26363518733551e-05
"776","Georgia",2001,1.26536150753776e-05
"777","Georgia",2004,1.30122099802658e-05
"778","Georgia",2005,1.29731333559697e-05
"779","Georgia",2006,1.29585952337465e-05
"780","Georgia",2007,1.30879171368945e-05
"781","Georgia",2009,1.32611930841736e-05
"782","Georgia",2010,1.32421638508837e-05
"783","Georgia",2011,1.33058075225319e-05
"784","Georgia",2012,1.34026010134493e-05
"785","Georgia",2013,1.35202467394345e-05
"786","Georgia",2014,1.64429734216062e-05
"787","Georgia",2015,1.66111448614548e-05
"788","Germany",1990,9.75442496738975e-07
"789","Germany",1991,9.70503021084549e-07
"790","Germany",1992,9.63593339389593e-07
"791","Germany",1993,9.57074423621373e-07
"792","Germany",1994,9.5524560924939e-07
"793","Germany",1995,9.53247996992192e-07
"794","Germany",1996,9.51856951794601e-07
"795","Germany",1997,9.5227358552909e-07
"796","Germany",1998,9.54911600388472e-07
"797","Germany",1999,9.56704005611585e-07
"798","Germany",2000,9.58116303343571e-07
"799","Germany",2001,9.5853797264692e-07
"800","Germany",2002,9.58544885777577e-07
"801","Germany",2003,9.59629192078232e-07
"802","Germany",2004,9.61518269817793e-07
"803","Germany",2005,9.63586438795426e-07
"804","Germany",2006,9.66382991436083e-07
"805","Germany",2007,9.69552044309206e-07
"806","Germany",2008,9.73458988678129e-07
"807","Germany",2009,9.78615259726168e-07
"808","Germany",2010,9.82347358618229e-07
"809","Germany",2011,9.84546084380729e-07
"810","Germany",2012,9.82955698491096e-07
"811","Germany",2013,9.98822468805207e-07
"812","Germany",2014,9.95327415525792e-07
"813","Germany",2015,9.88012237632198e-07
"814","Greece",1985,7.60269016940615e-06
"815","Greece",1986,7.57542237246386e-06
"816","Greece",1987,7.55267618800987e-06
"817","Greece",1988,7.52275052669307e-06
"818","Greece",1989,7.48139517382365e-06
"819","Greece",1990,7.43131876559023e-06
"820","Greece",1991,7.36898791243213e-06
"821","Greece",1992,7.29671158358684e-06
"822","Greece",1993,7.23817334356722e-06
"823","Greece",1994,7.18619437818379e-06
"824","Greece",1995,7.13934073827469e-06
"825","Greece",1996,7.09722866282588e-06
"826","Greece",1997,7.06013880444817e-06
"827","Greece",1998,7.02944368778206e-06
"828","Greece",1999,7.00583380394667e-06
"829","Greece",2000,6.98986644314269e-06
"830","Greece",2001,6.98298046359106e-06
"831","Greece",2002,6.99319579402723e-06
"832","Greece",2003,7.00754474324308e-06
"833","Greece",2004,7.02294077218501e-06
"834","Greece",2005,7.03517787371737e-06
"835","Greece",2006,7.04659205499029e-06
"836","Greece",2007,7.05855827780902e-06
"837","Greece",2008,7.07120348574549e-06
"838","Greece",2009,7.0834607088181e-06
"839","Greece",2010,7.10659189213987e-06
"840","Greece",2011,7.14427856059317e-06
"841","Greece",2012,7.30601890756402e-06
"842","Greece",2013,7.41566958640782e-06
"843","Greece",2014,7.48534663102565e-06
"844","Greece",2015,7.55433471163854e-06
"845","Grenada",1985,0.000388598669415292
"846","Grenada",1988,0.000381748204487921
"847","Grenada",1989,0.000408001858054421
"848","Grenada",1990,0.000407641370227192
"849","Grenada",1991,0.000406584871542821
"850","Grenada",1992,0.000403979456236756
"851","Grenada",1993,0.000398393998007151
"852","Grenada",1994,0.000393246550317681
"853","Grenada",1995,0.000389782210462039
"854","Grenada",1996,0.000386686420193154
"855","Grenada",2001,0.000392918088737201
"856","Grenada",2002,0.000390745193615424
"857","Grenada",2003,0.000387898625875032
"858","Grenada",2004,0.000385191463794084
"859","Grenada",2005,0.000383141557970241
"860","Grenada",2006,0.000381282735028207
"861","Grenada",2007,0.000380040034315127
"862","Grenada",2008,0.000379305605480727
"863","Grenada",2009,0.000378597739242403
"864","Grenada",2010,0.000377601836156705
"865","Grenada",2011,0.000377054351597741
"866","Grenada",2012,0.000375878944114349
"867","Grenada",2013,0.000374396362005486
"868","Grenada",2014,0.000372824034690956
"869","Grenada",2015,0.000371512905989081
"870","Guatemala",1986,5.87418974265434e-06
"871","Guatemala",1987,5.76782864926434e-06
"872","Guatemala",1988,5.66185808725031e-06
"873","Guatemala",1989,5.55990844387824e-06
"874","Guatemala",1990,5.46486702942077e-06
"875","Guatemala",1991,5.37048518488158e-06
"876","Guatemala",1992,5.2858399590665e-06
"877","Guatemala",1993,5.20741532453402e-06
"878","Guatemala",1994,5.13032165766709e-06
"879","Guatemala",1995,5.05166167082084e-06
"880","Guatemala",1996,4.98045418834697e-06
"881","Guatemala",1997,4.90070659602402e-06
"882","Guatemala",1998,4.8157497738186e-06
"883","Guatemala",1999,4.73000894491524e-06
"884","Guatemala",2000,4.64677365357653e-06
"885","Guatemala",2001,4.55991543966919e-06
"886","Guatemala",2002,4.47642818298078e-06
"887","Guatemala",2003,4.39325462124991e-06
"888","Guatemala",2004,4.30919052092711e-06
"889","Guatemala",2005,4.22452885017407e-06
"890","Guatemala",2006,4.14226908780145e-06
"891","Guatemala",2007,4.05760036513962e-06
"892","Guatemala",2008,3.97302858183814e-06
"893","Guatemala",2009,3.89192638867516e-06
"894","Guatemala",2010,3.8166235509557e-06
"895","Guatemala",2011,3.74123966772636e-06
"896","Guatemala",2012,3.67442329926318e-06
"897","Guatemala",2013,3.61467800733315e-06
"898","Guatemala",2014,3.55870942041304e-06
"899","Guatemala",2015,3.50467142241365e-06
"900","Guyana",1988,4.54469800502371e-05
"901","Guyana",1989,4.53642763776458e-05
"902","Guyana",1990,4.52736112832803e-05
"903","Guyana",1991,4.50535500694295e-05
"904","Guyana",1992,4.47744375786111e-05
"905","Guyana",1993,4.44954100590135e-05
"906","Guyana",1994,4.42427370973822e-05
"907","Guyana",1995,4.40346812597573e-05
"908","Guyana",1996,4.40756301883471e-05
"909","Guyana",1997,4.40384132849746e-05
"910","Guyana",1998,4.39376645512791e-05
"911","Guyana",1999,4.38018855721014e-05
"912","Guyana",2001,4.33144011374459e-05
"913","Guyana",2002,4.30239575161427e-05
"914","Guyana",2003,4.25857446750894e-05
"915","Guyana",2004,4.21185966270904e-05
"916","Guyana",2005,4.16677899087927e-05
"917","Guyana",2006,4.12651535212722e-05
"918","Guyana",2007,4.08843446886836e-05
"919","Guyana",2008,4.05003182648143e-05
"920","Guyana",2009,4.00936498367544e-05
"921","Guyana",2010,3.96441935858392e-05
"922","Guyana",2011,3.90946623938965e-05
"923","Guyana",2012,3.88602752308433e-05
"924","Guyana",2013,3.86039411114426e-05
"925","Hungary",1991,6.73443012115374e-06
"926","Hungary",1992,6.72345352214264e-06
"927","Hungary",1993,6.71539304402188e-06
"928","Hungary",1994,6.7073422375821e-06
"929","Hungary",1995,6.69686068416244e-06
"930","Hungary",1996,6.68391931151821e-06
"931","Hungary",1997,6.67051285395381e-06
"932","Hungary",1998,6.65980164723484e-06
"933","Hungary",1999,6.77290482164625e-06
"934","Hungary",2000,6.77807943394771e-06
"935","Hungary",2001,6.66385081959595e-06
"936","Hungary",2002,6.72312920285966e-06
"937","Hungary",2003,6.78464328641577e-06
"938","Hungary",2004,6.84275099441384e-06
"939","Hungary",2005,6.90658619719295e-06
"940","Hungary",2006,6.97468729118034e-06
"941","Hungary",2007,7.04287366711519e-06
"942","Hungary",2008,7.11237612905556e-06
"943","Hungary",2009,7.18043749274981e-06
"944","Hungary",2010,7.24311084100641e-06
"945","Hungary",2011,7.30467744537869e-06
"946","Hungary",2012,7.370851423362e-06
"947","Hungary",2013,7.41511331386654e-06
"948","Hungary",2014,7.46080678107201e-06
"949","Hungary",2015,7.50837103494108e-06
"950","Hungary",2016,8.43574139927781e-06
"951","Iceland",1985,0.000406949536803558
"952","Iceland",1986,0.000404028771800397
"953","Iceland",1987,0.000399187060341045
"954","Iceland",1988,0.00039395116077155
"955","Iceland",1989,0.000390187973327701
"956","Iceland",1990,0.000388982473285584
"957","Iceland",1991,0.000385466784795317
"958","Iceland",1992,0.000382821920916299
"959","Iceland",1993,0.000379570147317475
"960","Iceland",1994,0.00037684228742362
"961","Iceland",1995,0.000374456990367837
"962","Iceland",1996,0.000372400111967091
"963","Iceland",1997,0.000369421122403889
"964","Iceland",1998,0.000365191434030779
"965","Iceland",1999,0.000360670156085701
"966","Iceland",2000,0.000355766120959172
"967","Iceland",2001,0.000350846859963828
"968","Iceland",2002,0.000347757228210286
"969","Iceland",2003,0.000345800522489015
"970","Iceland",2004,0.000342112530330757
"971","Iceland",2005,0.00033840250245517
"972","Iceland",2006,0.000329183745583039
"973","Iceland",2007,0.000321966912081957
"974","Iceland",2008,0.000314633957357068
"975","Iceland",2009,0.000315696899107037
"976","Iceland",2010,0.000317608045590776
"977","Iceland",2011,0.000316733000311362
"978","Iceland",2012,0.000314898112293474
"979","Iceland",2013,0.000311635275596841
"980","Iceland",2014,0.000307636473513251
"981","Iceland",2015,0.000303673575213495
"982","Iceland",2016,0.000348750251140363
"983","Ireland",1985,1.75409832488675e-05
"984","Ireland",1986,1.75418853042294e-05
"985","Ireland",1987,1.75102896522e-05
"986","Ireland",1988,1.75283694051741e-05
"987","Ireland",1989,1.76234743039606e-05
"988","Ireland",1990,1.76578729349029e-05
"989","Ireland",1991,1.75495779497623e-05
"990","Ireland",1992,1.74492850553435e-05
"991","Ireland",1993,1.73936133695408e-05
"992","Ireland",1994,1.73574812515089e-05
"993","Ireland",1995,1.73194006636777e-05
"994","Ireland",1996,1.72323546322784e-05
"995","Ireland",1997,1.71101659322037e-05
"996","Ireland",1998,1.70069368264077e-05
"997","Ireland",1999,1.69190596322898e-05
"998","Ireland",2000,1.67892905016977e-05
"999","Ireland",2001,1.66198700326667e-05
"1000","Ireland",2002,1.63890059660828e-05
"1001","Ireland",2003,1.6221900987526e-05
"1002","Ireland",2004,1.60424016969206e-05
"1003","Ireland",2005,1.57765071772582e-05
"1004","Ireland",2006,1.54252143258586e-05
"1005","Ireland",2007,1.51339506117652e-05
"1006","Ireland",2008,1.49335900872284e-05
"1007","Ireland",2009,1.48972670938988e-05
"1008","Ireland",2010,1.44300232270336e-05
"1009","Ireland",2011,1.46347938419237e-05
"1010","Ireland",2012,1.46753926441081e-05
"1011","Ireland",2013,1.46996519592873e-05
"1012","Ireland",2014,1.44037352670167e-05
"1013","Israel",1985,2.39317906136165e-05
"1014","Israel",1986,2.35835784493042e-05
"1015","Israel",1987,2.32185804340836e-05
"1016","Israel",1988,2.28383900797026e-05
"1017","Israel",1989,2.24453451927718e-05
"1018","Israel",1990,2.17412906952935e-05
"1019","Israel",1991,2.04519306267113e-05
"1020","Israel",1992,1.97356621988576e-05
"1021","Israel",1993,1.92211110406803e-05
"1022","Israel",1994,1.87345417377981e-05
"1023","Israel",1995,1.82546119182329e-05
"1024","Israel",1996,1.78190297589925e-05
"1025","Israel",1997,1.73896976421711e-05
"1026","Israel",1998,1.69907807561694e-05
"1027","Israel",1999,1.65796260101786e-05
"1028","Israel",2000,1.61613115181706e-05
"1029","Israel",2001,1.5797058503829e-05
"1030","Israel",2002,1.54914529008437e-05
"1031","Israel",2003,1.52242297682142e-05
"1032","Israel",2004,1.49684153604328e-05
"1033","Israel",2005,1.47114660315564e-05
"1034","Israel",2006,1.44573687588859e-05
"1035","Israel",2007,1.42105177462836e-05
"1036","Israel",2008,1.39670339495093e-05
"1037","Israel",2009,1.36311995717067e-05
"1038","Israel",2010,1.34055959961611e-05
"1039","Israel",2011,1.31811020188493e-05
"1040","Israel",2012,1.29605808640321e-05
"1041","Israel",2013,1.27360760275831e-05
"1042","Israel",2014,1.25035075499036e-05
"1043","Israel",2015,1.22640740024755e-05
"1044","Italy",1985,1.23489548616373e-06
"1045","Italy",1986,1.23104986905515e-06
"1046","Italy",1987,1.2271401598347e-06
"1047","Italy",1988,1.22327529789876e-06
"1048","Italy",1989,1.22028182027084e-06
"1049","Italy",1990,1.21692376459377e-06
"1050","Italy",1991,1.22473857350546e-06
"1051","Italy",1992,1.23242774397936e-06
"1052","Italy",1993,1.23386319644782e-06
"1053","Italy",1994,1.23491380703525e-06
"1054","Italy",1995,1.23606483368951e-06
"1055","Italy",1996,1.23696376899474e-06
"1056","Italy",1997,1.23736011778785e-06
"1057","Italy",1998,1.23688970551898e-06
"1058","Italy",1999,1.23731294581364e-06
"1059","Italy",2000,1.23799822490112e-06
"1060","Italy",2001,1.23830735704421e-06
"1061","Italy",2002,1.23575832182325e-06
"1062","Italy",2003,1.22868555655655e-06
"1063","Italy",2004,1.22971933756572e-06
"1064","Italy",2005,1.22614497020175e-06
"1065","Italy",2006,1.20781749980104e-06
"1066","Italy",2007,1.20130258992631e-06
"1067","Italy",2008,1.19439059505286e-06
"1068","Italy",2009,1.18930814955149e-06
"1069","Italy",2010,1.18545377929126e-06
"1070","Italy",2011,1.20904113484949e-06
"1071","Italy",2012,1.20932997618843e-06
"1072","Italy",2013,1.19956527040903e-06
"1073","Italy",2014,1.19227526384934e-06
"1074","Italy",2015,1.1969675743179e-06
"1075","Jamaica",1985,2.37955657024247e-05
"1076","Jamaica",1986,2.36917134544066e-05
"1077","Jamaica",1987,2.35816687681485e-05
"1078","Jamaica",1988,2.34554224520761e-05
"1079","Jamaica",1989,2.33249962103987e-05
"1080","Jamaica",1990,2.32017951781335e-05
"1081","Jamaica",1991,2.30439810732696e-05
"1082","Jamaica",2000,2.18823722190923e-05
"1083","Jamaica",2001,2.17678489210167e-05
"1084","Jamaica",2002,2.16295941827647e-05
"1085","Jamaica",2003,2.14868135781156e-05
"1086","Jamaica",2004,2.13540041446042e-05
"1087","Jamaica",2005,2.12333696530595e-05
"1088","Jamaica",2006,2.10929086149078e-05
"1089","Jamaica",2009,2.0848352825585e-05
"1090","Jamaica",2010,2.07770427653033e-05
"1091","Jamaica",2011,2.07340300295497e-05
"1092","Japan",1985,6.80015453703994e-07
"1093","Japan",1986,6.75894398473822e-07
"1094","Japan",1987,6.7265067234783e-07
"1095","Japan",1988,6.69742220573738e-07
"1096","Japan",1989,6.66974753667098e-07
"1097","Japan",1990,6.65273702808967e-07
"1098","Japan",1991,6.63284869580274e-07
"1099","Japan",1992,6.61574782743521e-07
"1100","Japan",1993,6.60347384716971e-07
"1101","Japan",1994,6.59650692339319e-07
"1102","Japan",1995,6.59200075545735e-07
"1103","Japan",1996,6.57869254048329e-07
"1104","Japan",1997,6.57416423169692e-07
"1105","Japan",1998,6.56940784520096e-07
"1106","Japan",1999,6.5687635388258e-07
"1107","Japan",2000,6.56762023851812e-07
"1108","Japan",2001,6.66216908481861e-07
"1109","Japan",2002,6.79321729282033e-07
"1110","Japan",2003,6.91025369068272e-07
"1111","Japan",2004,7.02406633175049e-07
"1112","Japan",2005,7.12578947014221e-07
"1113","Japan",2006,7.21761025320533e-07
"1114","Japan",2007,7.30265768075078e-07
"1115","Japan",2008,7.38818587263739e-07
"1116","Japan",2009,7.46821465054264e-07
"1117","Japan",2010,7.49723835924377e-07
"1118","Japan",2011,7.53090701389345e-07
"1119","Japan",2012,7.54942636725534e-07
"1120","Japan",2013,7.56974287161871e-07
"1121","Japan",2014,7.59133305958617e-07
"1122","Japan",2015,7.5912776559501e-07
"1123","Kazakhstan",1990,3.80847279266322e-06
"1124","Kazakhstan",1991,3.75682121363081e-06
"1125","Kazakhstan",1992,3.70182350599511e-06
"1126","Kazakhstan",1993,3.65211241947164e-06
"1127","Kazakhstan",1994,3.67048355370571e-06
"1128","Kazakhstan",1995,3.73065300403927e-06
"1129","Kazakhstan",1996,3.86141320834824e-06
"1130","Kazakhstan",1997,3.88784656136005e-06
"1131","Kazakhstan",1998,4.04400369512116e-06
"1132","Kazakhstan",1999,4.06762280427325e-06
"1133","Kazakhstan",2000,4.07321209927984e-06
"1134","Kazakhstan",2001,4.07843140671722e-06
"1135","Kazakhstan",2002,4.0823149260202e-06
"1136","Kazakhstan",2003,4.07743661536198e-06
"1137","Kazakhstan",2004,4.06463365786251e-06
"1138","Kazakhstan",2005,4.04817371894047e-06
"1139","Kazakhstan",2006,4.02744699140748e-06
"1140","Kazakhstan",2007,4.00754459613665e-06
"1141","Kazakhstan",2008,3.98718237845748e-06
"1142","Kazakhstan",2009,3.94937287396327e-06
"1143","Kazakhstan",2010,3.86232251273145e-06
"1144","Kazakhstan",2011,3.83078538977501e-06
"1145","Kazakhstan",2012,3.79224617350759e-06
"1146","Kazakhstan",2013,3.74923194506507e-06
"1147","Kazakhstan",2014,3.70202695017028e-06
"1148","Kazakhstan",2015,3.65513534980708e-06
"1149","Kiribati",1991,0.000570227625452664
"1150","Kiribati",1992,0.000565649012838666
"1151","Kiribati",1993,0.000561308712744131
"1152","Kiribati",1994,0.000556834998150203
"1153","Kiribati",1995,0.00055228748255567
"1154","Kiribati",1996,0.000556944299611185
"1155","Kiribati",1997,0.000567138403898784
"1156","Kiribati",1998,0.000576935792212272
"1157","Kiribati",1999,0.000585573520912333
"1158","Kiribati",2000,0.000593006722712276
"1159","Kiribati",2001,0.000588650273520013
"1160","Kuwait",1985,6.66913714636434e-05
"1161","Kuwait",1986,6.37770704246268e-05
"1162","Kuwait",1987,6.09674027470567e-05
"1163","Kuwait",1993,7.69597385680445e-05
"1164","Kuwait",1994,6.76995388815339e-05
"1165","Kuwait",1995,6.49169049587023e-05
"1166","Kuwait",1996,6.267924862673e-05
"1167","Kuwait",1997,6.09130998991654e-05
"1168","Kuwait",1998,5.40622105668467e-05
"1169","Kuwait",1999,5.20682298055355e-05
"1170","Kuwait",2000,5.0173478603292e-05
"1171","Kuwait",2001,4.90098016660036e-05
"1172","Kuwait",2002,4.63262367715431e-05
"1173","Kuwait",2003,5.12656725569216e-05
"1174","Kuwait",2004,5.00980167698101e-05
"1175","Kuwait",2005,4.84738258306354e-05
"1176","Kuwait",2006,4.61741485717874e-05
"1177","Kuwait",2007,3.25211818587742e-05
"1178","Kuwait",2008,2.96789186189212e-05
"1179","Kuwait",2009,3.15890392351662e-05
"1180","Kuwait",2010,3.04728007398796e-05
"1181","Kuwait",2011,2.99967093609831e-05
"1182","Kuwait",2012,2.85984009490093e-05
"1183","Kuwait",2013,2.79791421091405e-05
"1184","Kuwait",2014,2.69158355280954e-05
"1185","Latvia",1995,2.89510132012409e-05
"1186","Latvia",1996,2.90471231923825e-05
"1187","Latvia",1997,2.91332105435042e-05
"1188","Latvia",1998,2.92013868003128e-05
"1189","Latvia",1999,2.92362950045877e-05
"1190","Latvia",2000,2.99576428585261e-05
"1191","Latvia",2001,3.03046790959706e-05
"1192","Latvia",2002,3.06391779578548e-05
"1193","Latvia",2003,3.09559074646655e-05
"1194","Latvia",2004,3.13846500865736e-05
"1195","Latvia",2005,3.1807925038076e-05
"1196","Latvia",2006,3.2132415791106e-05
"1197","Latvia",2007,3.24278528033377e-05
"1198","Latvia",2008,3.28091974481628e-05
"1199","Latvia",2009,3.34006955564082e-05
"1200","Latvia",2010,3.41268479863495e-05
"1201","Latvia",2011,3.47402657231835e-05
"1202","Latvia",2012,3.51520717858766e-05
"1203","Latvia",2013,3.55169898534091e-05
"1204","Latvia",2014,3.58767123432321e-05
"1205","Latvia",2015,3.62458898131348e-05
"1206","Lithuania",1995,1.98647830772183e-05
"1207","Lithuania",1996,1.99175506730932e-05
"1208","Lithuania",1997,1.99644856512876e-05
"1209","Lithuania",1998,2.00258193587894e-05
"1210","Lithuania",1999,2.01130779405019e-05
"1211","Lithuania",2000,2.02061701425527e-05
"1212","Lithuania",2001,2.03145647466607e-05
"1213","Lithuania",2002,2.04086805605394e-05
"1214","Lithuania",2003,2.05084126991931e-05
"1215","Lithuania",2004,2.06784425545382e-05
"1216","Lithuania",2005,2.09891930933317e-05
"1217","Lithuania",2006,2.13406753156344e-05
"1218","Lithuania",2007,2.16256005761904e-05
"1219","Lithuania",2008,2.18904123674543e-05
"1220","Lithuania",2009,2.21588079952316e-05
"1221","Lithuania",2010,2.26315015096256e-05
"1222","Lithuania",2011,2.31755194620749e-05
"1223","Lithuania",2012,2.35621549448493e-05
"1224","Lithuania",2013,2.3867074653285e-05
"1225","Lithuania",2014,2.41258738744698e-05
"1226","Lithuania",2015,2.44124118032177e-05
"1227","Lithuania",2016,2.75492097687929e-05
"1228","Luxembourg",1985,0.000233958138172453
"1229","Luxembourg",1986,0.000233308574252676
"1230","Luxembourg",1987,0.000231195674883586
"1231","Luxembourg",1988,0.000229451520148964
"1232","Luxembourg",1989,0.000227604874493882
"1233","Luxembourg",1990,0.000225604164982818
"1234","Luxembourg",1991,0.000223559593387728
"1235","Luxembourg",1992,0.00022196509130114
"1236","Luxembourg",1993,0.000220045107405625
"1237","Luxembourg",1994,0.000218784565558182
"1238","Luxembourg",1995,0.000216940023711008
"1239","Luxembourg",1996,0.000213631122952997
"1240","Luxembourg",1997,0.000210847654488909
"1241","Luxembourg",1998,0.00020831783592517
"1242","Luxembourg",1999,0.000206610199286441
"1243","Luxembourg",2000,0.000205322248363463
"1244","Luxembourg",2001,0.000204968944099379
"1245","Luxembourg",2002,0.000204012370039248
"1246","Luxembourg",2003,0.000202388736117832
"1247","Luxembourg",2004,0.000200351522450242
"1248","Luxembourg",2005,0.000198011153818891
"1249","Luxembourg",2006,0.000195604084330361
"1250","Luxembourg",2007,0.000193377181629732
"1251","Luxembourg",2008,0.000190715334555533
"1252","Luxembourg",2009,0.000187928646022037
"1253","Luxembourg",2010,0.000185252521025984
"1254","Luxembourg",2011,0.000181841982005199
"1255","Luxembourg",2012,0.000178125717250946
"1256","Luxembourg",2013,0.000174713764653104
"1257","Luxembourg",2014,0.000171226861685408
"1258","Luxembourg",2015,0.000167697197019427
"1259","Maldives",2000,0.000111994114508384
"1260","Maldives",2001,0.000112949308034316
"1261","Maldives",2002,0.000113904181263934
"1262","Maldives",2003,0.000114850189812246
"1263","Maldives",2004,0.00011581772877477
"1264","Maldives",2005,0.00011680747014055
"1265","Maldives",2007,0.000115206996206679
"1266","Maldives",2008,0.00011343473759656
"1267","Maldives",2010,0.000109886596694414
"1268","Maldives",2011,0.000108055562886525
"1269","Malta",1985,0.000292407902318026
"1270","Malta",1986,0.000284695108628535
"1271","Malta",1987,0.000283641198357913
"1272","Malta",1988,0.000281005981901553
"1273","Malta",1989,0.000278594819151793
"1274","Malta",1990,0.000276055968063628
"1275","Malta",1991,0.000273569306017817
"1276","Malta",1992,0.000271046153017789
"1277","Malta",1993,0.000268648893547843
"1278","Malta",1994,0.000265831823728933
"1279","Malta",1995,0.000263687260982137
"1280","Malta",1996,0.000261863119290295
"1281","Malta",1997,0.000261106560768948
"1282","Malta",1998,0.000259741766435296
"1283","Malta",1999,0.000258955964690763
"1284","Malta",2000,0.000254683919851548
"1285","Malta",2001,0.000250014843121697
"1286","Malta",2002,0.000248105924044683
"1287","Malta",2003,0.000246594632940342
"1288","Malta",2004,0.000245214861952279
"1289","Malta",2005,0.00024379608030991
"1290","Malta",2006,0.000242939184901007
"1291","Malta",2007,0.000242160368644571
"1292","Malta",2008,0.000240722611200525
"1293","Malta",2009,0.000239125623564308
"1294","Malta",2010,0.000238187112292695
"1295","Malta",2011,0.000237475531249369
"1296","Malta",2012,0.000236035566557014
"1297","Malta",2013,0.000234100350359671
"1298","Malta",2014,0.000232081096904011
"1299","Malta",2015,0.000229920270408486
"1300","Mauritius",1985,4.79114241437354e-05
"1301","Mauritius",1986,4.74768428049852e-05
"1302","Mauritius",1987,4.71337132297671e-05
"1303","Mauritius",1988,4.67772467273008e-05
"1304","Mauritius",1989,4.67187836651478e-05
"1305","Mauritius",1990,4.66474905456481e-05
"1306","Mauritius",1991,4.6665550937479e-05
"1307","Mauritius",1992,4.60328524382026e-05
"1308","Mauritius",1993,4.54241412666793e-05
"1309","Mauritius",1994,4.46206366975363e-05
"1310","Mauritius",1995,4.40818371709572e-05
"1311","Mauritius",1996,4.33778458514112e-05
"1312","Mauritius",1997,4.25402366904846e-05
"1313","Mauritius",1998,4.18161923256433e-05
"1314","Mauritius",1999,4.10523397425751e-05
"1315","Mauritius",2000,4.0404365603168e-05
"1316","Mauritius",2001,3.98139104989204e-05
"1317","Mauritius",2002,3.9311659300805e-05
"1318","Mauritius",2003,3.87599738151588e-05
"1319","Mauritius",2004,3.82769524210129e-05
"1320","Mauritius",2005,3.78044478038822e-05
"1321","Mauritius",2006,3.73233140970157e-05
"1322","Mauritius",2007,3.68990005584752e-05
"1323","Mauritius",2008,3.64463877710011e-05
"1324","Mauritius",2009,3.59328430290319e-05
"1325","Mauritius",2010,3.5671610016722e-05
"1326","Mauritius",2011,3.53209988809847e-05
"1327","Mauritius",2012,3.50108593636176e-05
"1328","Mauritius",2013,3.59267241942808e-05
"1329","Mauritius",2014,3.57044531775843e-05
"1330","Mauritius",2015,3.55024769472026e-05
"1331","Mauritius",2016,4.12219263164365e-05
"1332","Mexico",1985,1.02048366011776e-06
"1333","Mexico",1986,1.00485361700647e-06
"1334","Mexico",1987,1.02965349980863e-06
"1335","Mexico",1988,1.01171637981052e-06
"1336","Mexico",1989,9.94352485399845e-07
"1337","Mexico",1990,9.77312926830326e-07
"1338","Mexico",1991,9.60154433305465e-07
"1339","Mexico",1992,9.59131722594012e-07
"1340","Mexico",1993,9.4495669551567e-07
"1341","Mexico",1994,9.31238751944344e-07
"1342","Mexico",1995,9.17936458123259e-07
"1343","Mexico",1996,8.79092869711981e-07
"1344","Mexico",1997,8.66278847062758e-07
"1345","Mexico",1998,8.54424645501477e-07
"1346","Mexico",1999,8.43314058284725e-07
"1347","Mexico",2000,8.33069531326422e-07
"1348","Mexico",2001,8.24192886505361e-07
"1349","Mexico",2002,8.15688696524484e-07
"1350","Mexico",2003,8.07198381038336e-07
"1351","Mexico",2004,7.983459384002e-07
"1352","Mexico",2005,7.8887618009009e-07
"1353","Mexico",2006,7.78073550983235e-07
"1354","Mexico",2007,7.66942902377162e-07
"1355","Mexico",2008,7.5581438368545e-07
"1356","Mexico",2009,7.45066937469152e-07
"1357","Mexico",2010,7.34964500218189e-07
"1358","Mexico",2011,7.2556710526889e-07
"1359","Mexico",2012,7.16886574362556e-07
"1360","Mexico",2013,7.08765602914258e-07
"1361","Mexico",2014,7.00960018755448e-07
"1362","Mexico",2015,6.93305931637333e-07
"1363","Mongolia",2016,3.15082649394027e-05
"1364","Montenegro",2000,0.000101170098968495
"1365","Montenegro",2001,0.000102924124153877
"1366","Montenegro",2002,0.000104667780717474
"1367","Montenegro",2003,0.000106208673961383
"1368","Montenegro",2004,0.000106816431233924
"1369","Montenegro",2005,0.00010710127856277
"1370","Montenegro",2006,0.00010737648020298
"1371","Montenegro",2007,0.000107517305383613
"1372","Montenegro",2008,0.000107593134379969
"1373","Montenegro",2009,0.00010774101496872
"1374","Netherlands",1985,4.89921613569857e-06
"1375","Netherlands",1986,4.90066044316305e-06
"1376","Netherlands",1987,4.90041337733807e-06
"1377","Netherlands",1988,4.90094294038245e-06
"1378","Netherlands",1989,4.90304574508082e-06
"1379","Netherlands",1990,4.90099363500185e-06
"1380","Netherlands",1991,4.91179436394463e-06
"1381","Netherlands",1992,4.93940275732384e-06
"1382","Netherlands",1993,4.96730347590379e-06
"1383","Netherlands",1994,4.99815908109218e-06
"1384","Netherlands",1995,5.03032989979757e-06
"1385","Netherlands",1996,5.05988133190314e-06
"1386","Netherlands",1997,5.08562182216943e-06
"1387","Netherlands",1998,5.10702665107796e-06
"1388","Netherlands",1999,5.12607840304218e-06
"1389","Netherlands",2000,5.14255583987289e-06
"1390","Netherlands",2001,5.17543893480782e-06
"1391","Netherlands",2002,5.22877277075255e-06
"1392","Netherlands",2003,5.28441076133112e-06
"1393","Netherlands",2004,5.33962641611722e-06
"1394","Netherlands",2005,5.39339331185288e-06
"1395","Netherlands",2006,5.44197042586171e-06
"1396","Netherlands",2007,5.48050440166725e-06
"1397","Netherlands",2008,5.50733206061483e-06
"1398","Netherlands",2009,5.53051026148466e-06
"1399","Netherlands",2010,5.55297452555252e-06
"1400","Netherlands",2011,5.57177858230352e-06
"1401","Netherlands",2012,5.59285189738265e-06
"1402","Netherlands",2013,5.60941850468464e-06
"1403","Netherlands",2014,5.64105470175211e-06
"1404","Netherlands",2015,5.6156862315266e-06
"1405","New Zealand",1985,2.76531734902593e-05
"1406","New Zealand",1986,2.76857910558835e-05
"1407","New Zealand",1987,2.75753905105213e-05
"1408","New Zealand",1988,2.75818186757598e-05
"1409","New Zealand",1989,2.7582078601058e-05
"1410","New Zealand",1990,2.74299127889193e-05
"1411","New Zealand",1991,2.65145521038259e-05
"1412","New Zealand",1992,2.63020687655864e-05
"1413","New Zealand",1993,2.60460631656901e-05
"1414","New Zealand",1994,2.57279633294281e-05
"1415","New Zealand",1995,2.53580457175749e-05
"1416","New Zealand",1996,2.49672177808543e-05
"1417","New Zealand",1997,2.47193174112969e-05
"1418","New Zealand",1998,2.45120976041745e-05
"1419","New Zealand",1999,2.42135000666328e-05
"1420","New Zealand",2000,2.40706317362077e-05
"1421","New Zealand",2001,2.39227071502221e-05
"1422","New Zealand",2002,2.35464614992768e-05
"1423","New Zealand",2003,2.31191383327332e-05
"1424","New Zealand",2004,2.26905326506616e-05
"1425","New Zealand",2005,2.24304227205029e-05
"1426","New Zealand",2006,2.21617959878428e-05
"1427","New Zealand",2007,2.1939035703913e-05
"1428","New Zealand",2008,2.17414804920106e-05
"1429","New Zealand",2009,2.15013487595078e-05
"1430","New Zealand",2010,2.12453744583551e-05
"1431","New Zealand",2011,2.10489722307583e-05
"1432","New Zealand",2012,2.09084438702401e-05
"1433","New Zealand",2013,2.08779130852534e-05
"1434","Nicaragua",2010,1.11439652208509e-05
"1435","Nicaragua",2011,1.10301004920507e-05
"1436","Nicaragua",2012,1.09129984057718e-05
"1437","Nicaragua",2013,1.0795136265951e-05
"1438","Nicaragua",2014,1.06803888994294e-05
"1439","Nicaragua",2015,1.0571563798963e-05
"1440","Norway",1986,1.82631545713744e-05
"1441","Norway",1987,1.82135085345442e-05
"1442","Norway",1988,1.81672786278623e-05
"1443","Norway",1989,1.81576373533451e-05
"1444","Norway",1990,1.81647393116554e-05
"1445","Norway",1991,1.81908527939252e-05
"1446","Norway",1992,1.82126878007199e-05
"1447","Norway",1993,1.82174247057911e-05
"1448","Norway",1994,1.82116335973933e-05
"1449","Norway",1995,1.8192505191818e-05
"1450","Norway",1996,1.8161349151214e-05
"1451","Norway",1997,1.81555744239354e-05
"1452","Norway",1998,1.81689789875093e-05
"1453","Norway",1999,1.81667342188682e-05
"1454","Norway",2000,1.82375808360019e-05
"1455","Norway",2001,1.81200748546181e-05
"1456","Norway",2002,1.8081669490467e-05
"1457","Norway",2003,1.80392569840573e-05
"1458","Norway",2004,1.79915624525652e-05
"1459","Norway",2005,1.79177240257591e-05
"1460","Norway",2006,1.7828944599671e-05
"1461","Norway",2007,1.77105381709026e-05
"1462","Norway",2008,1.75591278350838e-05
"1463","Norway",2009,1.7407919581883e-05
"1464","Norway",2010,1.72603027873702e-05
"1465","Norway",2011,1.71117487322058e-05
"1466","Norway",2012,1.69706874579578e-05
"1467","Norway",2013,1.68398982634052e-05
"1468","Norway",2014,1.67161814384758e-05
"1469","Norway",2015,1.66071051893236e-05
"1470","Oman",2009,2.86184349293398e-05
"1471","Oman",2010,2.73467758631166e-05
"1472","Oman",2014,2.20718300437416e-05
"1473","Panama",1985,2.74480036595233e-05
"1474","Panama",1986,2.70539579081613e-05
"1475","Panama",1987,2.6665980075737e-05
"1476","Panama",1988,2.57514492729051e-05
"1477","Panama",1989,2.53242634249792e-05
"1478","Panama",1996,2.38501940269778e-05
"1479","Panama",1997,2.36745861687721e-05
"1480","Panama",1998,2.35059319214991e-05
"1481","Panama",1999,2.333568395226e-05
"1482","Panama",2000,2.31347388945033e-05
"1483","Panama",2001,2.27843191153573e-05
"1484","Panama",2002,2.24260521341249e-05
"1485","Panama",2003,2.20677762756802e-05
"1486","Panama",2004,2.17193760806235e-05
"1487","Panama",2005,2.13870518364479e-05
"1488","Panama",2006,2.10588684511975e-05
"1489","Panama",2007,2.0750763850121e-05
"1490","Panama",2008,2.04586268952988e-05
"1491","Panama",2009,2.01744338335437e-05
"1492","Panama",2010,1.98936237790189e-05
"1493","Panama",2011,1.96260443309803e-05
"1494","Panama",2012,1.93626674952765e-05
"1495","Panama",2013,1.91045957237082e-05
"1496","Panama",2014,1.88542514744842e-05
"1497","Panama",2015,1.86125792302972e-05
"1498","Paraguay",1985,1.46176130815337e-05
"1499","Paraguay",1986,1.44345636482111e-05
"1500","Paraguay",1987,1.42438203101433e-05
"1501","Paraguay",1989,1.38613895733002e-05
"1502","Paraguay",1990,1.36772062479109e-05
"1503","Paraguay",1991,1.34975495609522e-05
"1504","Paraguay",1994,1.29610488863738e-05
"1505","Paraguay",1995,1.27873636876744e-05
"1506","Paraguay",1996,1.26210622556005e-05
"1507","Paraguay",1997,1.24654198601905e-05
"1508","Paraguay",1998,1.23183294801047e-05
"1509","Paraguay",1999,1.21750465972177e-05
"1510","Paraguay",2000,1.20332941944809e-05
"1511","Paraguay",2001,1.19043288952134e-05
"1512","Paraguay",2002,1.17673425889235e-05
"1513","Paraguay",2003,1.15795378102587e-05
"1514","Paraguay",2004,1.13987582206122e-05
"1515","Paraguay",2005,1.12422651273062e-05
"1516","Paraguay",2006,1.10960912697539e-05
"1517","Paraguay",2007,1.09825010316233e-05
"1518","Paraguay",2008,1.08900313442348e-05
"1519","Paraguay",2009,1.08017985341869e-05
"1520","Paraguay",2010,1.07071669957418e-05
"1521","Paraguay",2011,1.06200873362445e-05
"1522","Paraguay",2012,1.05187028425624e-05
"1523","Paraguay",2013,1.04035319850237e-05
"1524","Paraguay",2014,1.02889021785271e-05
"1525","Philippines",1992,8.46492480700324e-07
"1526","Philippines",1993,8.22978300881783e-07
"1527","Philippines",1997,7.39015586315037e-07
"1528","Philippines",1998,7.20671057512601e-07
"1529","Philippines",1999,7.03070550346042e-07
"1530","Philippines",2000,6.86088791682608e-07
"1531","Philippines",2001,6.69934209551027e-07
"1532","Philippines",2002,6.54246036135845e-07
"1533","Philippines",2003,6.39161990089646e-07
"1534","Philippines",2006,5.96906505379498e-07
"1535","Philippines",2007,5.83781376566485e-07
"1536","Philippines",2008,5.71072207008078e-07
"1537","Philippines",2009,5.58798439133128e-07
"1538","Philippines",2010,5.47745965300344e-07
"1539","Philippines",2011,5.40629978220885e-07
"1540","Poland",1990,1.74236731781875e-06
"1541","Poland",1991,1.73224315162197e-06
"1542","Poland",1992,1.72330596697956e-06
"1543","Poland",1993,1.71555009371909e-06
"1544","Poland",1994,1.70881530286943e-06
"1545","Poland",1995,1.70317597602608e-06
"1546","Poland",1996,1.69791377446552e-06
"1547","Poland",1999,1.68616981763135e-06
"1548","Poland",2000,1.70329291982289e-06
"1549","Poland",2001,1.70162101298206e-06
"1550","Poland",2002,1.69989687598588e-06
"1551","Poland",2003,1.6965500365079e-06
"1552","Poland",2004,1.69263945160285e-06
"1553","Poland",2005,1.68957085637092e-06
"1554","Poland",2006,1.68759235146314e-06
"1555","Poland",2007,1.68624557446255e-06
"1556","Poland",2008,1.68536760295259e-06
"1557","Poland",2009,1.68410461049173e-06
"1558","Poland",2010,1.69013965662953e-06
"1559","Poland",2011,1.68794707477772e-06
"1560","Poland",2012,1.68420423626764e-06
"1561","Poland",2013,1.6802551764887e-06
"1562","Poland",2014,1.67508646996415e-06
"1563","Poland",2015,1.67037183023405e-06
"1564","Portugal",1985,4.86346742315355e-06
"1565","Portugal",1986,4.90092840612118e-06
"1566","Portugal",1987,4.94104375844307e-06
"1567","Portugal",1988,4.98559541946892e-06
"1568","Portugal",1989,5.03341858136638e-06
"1569","Portugal",1990,5.08607800917437e-06
"1570","Portugal",1991,5.15051897304588e-06
"1571","Portugal",1992,5.22572960779479e-06
"1572","Portugal",1993,5.2910266572569e-06
"1573","Portugal",1994,5.34643350314381e-06
"1574","Portugal",1995,5.39474732803841e-06
"1575","Portugal",1996,5.44033335151332e-06
"1576","Portugal",1997,5.48147435642757e-06
"1577","Portugal",1998,5.51995292557193e-06
"1578","Portugal",1999,5.55692385702194e-06
"1579","Portugal",2000,5.58506362264152e-06
"1580","Portugal",2001,5.61127400814126e-06
"1581","Portugal",2002,5.64573456771529e-06
"1582","Portugal",2003,5.68842275045705e-06
"1583","Portugal",2007,5.87154499918746e-06
"1584","Portugal",2008,5.91776736900463e-06
"1585","Portugal",2009,5.96661525331697e-06
"1586","Portugal",2010,6.01661191646181e-06
"1587","Portugal",2011,6.07851718644165e-06
"1588","Portugal",2012,6.15819674901691e-06
"1589","Portugal",2013,6.24451994601943e-06
"1590","Portugal",2014,6.32876642350887e-06
"1591","Puerto Rico",1985,2.73534380037508e-05
"1592","Puerto Rico",1986,2.75633025059486e-05
"1593","Puerto Rico",1987,2.77983232588188e-05
"1594","Puerto Rico",1988,2.79431858254463e-05
"1595","Puerto Rico",1989,2.79904293835101e-05
"1596","Puerto Rico",1990,2.90081058027135e-05
"1597","Puerto Rico",1991,2.8761266291466e-05
"1598","Puerto Rico",1992,2.83667300201557e-05
"1599","Puerto Rico",1993,2.82037015848884e-05
"1600","Puerto Rico",1994,2.79869901678567e-05
"1601","Puerto Rico",1995,2.77702801797251e-05
"1602","Puerto Rico",1996,2.75957839088677e-05
"1603","Puerto Rico",1997,2.73890556805927e-05
"1604","Puerto Rico",1998,2.71761858789812e-05
"1605","Puerto Rico",1999,2.69984270148039e-05
"1606","Puerto Rico",2000,2.68759674118182e-05
"1607","Puerto Rico",2001,2.67823098716631e-05
"1608","Puerto Rico",2002,2.67534858590582e-05
"1609","Puerto Rico",2003,2.67755831370433e-05
"1610","Puerto Rico",2004,2.68173123282233e-05
"1611","Puerto Rico",2005,2.68538492267306e-05
"1612","Puerto Rico",2006,2.68805388454023e-05
"1613","Puerto Rico",2007,2.69058103429325e-05
"1614","Puerto Rico",2008,2.69266443706339e-05
"1615","Puerto Rico",2009,2.6943513728754e-05
"1616","Puerto Rico",2010,2.69582631781587e-05
"1617","Puerto Rico",2011,2.69827142930723e-05
"1618","Puerto Rico",2012,2.69895841042333e-05
"1619","Puerto Rico",2013,2.69858909238389e-05
"1620","Puerto Rico",2014,2.6981319561147e-05
"1621","Puerto Rico",2015,2.69846970274291e-05
"1622","Qatar",1995,0.000204980040996871
"1623","Qatar",2001,0.00017888575008712
"1624","Qatar",2004,0.00013925862603128
"1625","Qatar",2005,0.000122261708545741
"1626","Qatar",2006,0.000103895261203437
"1627","Qatar",2007,8.77801484562699e-05
"1628","Qatar",2008,7.48886274042974e-05
"1629","Qatar",2009,6.52679786280822e-05
"1630","Qatar",2010,5.82986553566451e-05
"1631","Qatar",2011,5.3181035142998e-05
"1632","Qatar",2012,4.92708983351222e-05
"1633","Qatar",2013,4.62617369517878e-05
"1634","Qatar",2014,4.39084897829757e-05
"1635","Qatar",2015,4.20300677782365e-05
"1636","Qatar",2016,4.47399646291528e-05
"1637","Romania",1989,2.45983731360129e-06
"1638","Romania",1990,2.48655481585491e-06
"1639","Romania",1991,2.51328164259103e-06
"1640","Romania",1992,2.55461167306831e-06
"1641","Romania",1993,2.53777982795905e-06
"1642","Romania",1994,2.52136900208693e-06
"1643","Romania",1995,2.50656125705383e-06
"1644","Romania",1996,2.50573658799304e-06
"1645","Romania",1997,2.5018951517668e-06
"1646","Romania",1998,2.49835964747312e-06
"1647","Romania",1999,2.4944158598262e-06
"1648","Romania",2000,2.4895726482559e-06
"1649","Romania",2001,2.48447695489207e-06
"1650","Romania",2002,2.54968689043076e-06
"1651","Romania",2003,2.56147575703973e-06
"1652","Romania",2004,2.57355766655566e-06
"1653","Romania",2005,2.58503163909742e-06
"1654","Romania",2006,2.5968791071783e-06
"1655","Romania",2007,2.60981340830466e-06
"1656","Romania",2008,2.62148937123993e-06
"1657","Romania",2009,2.63343181361984e-06
"1658","Romania",2010,2.64533519422664e-06
"1659","Romania",2011,2.65921508210598e-06
"1660","Romania",2012,2.8345314560046e-06
"1661","Romania",2013,2.83828963594095e-06
"1662","Romania",2014,2.84399160077998e-06
"1663","Romania",2015,2.85661607699096e-06
"1664","Romania",2016,3.23822795995363e-06
"1665","Russian Federation",1989,5.41907414426445e-07
"1666","Russian Federation",1990,5.38086275785998e-07
"1667","Russian Federation",1991,5.34581845278863e-07
"1668","Russian Federation",1992,5.31317578323332e-07
"1669","Russian Federation",1993,5.3293272754325e-07
"1670","Russian Federation",1994,5.29881665370066e-07
"1671","Russian Federation",1995,5.27525553933287e-07
"1672","Russian Federation",1996,5.26787031140461e-07
"1673","Russian Federation",1997,5.2671822210634e-07
"1674","Russian Federation",1998,5.27299397239551e-07
"1675","Russian Federation",1999,5.28800193422905e-07
"1676","Russian Federation",2000,5.30730658163322e-07
"1677","Russian Federation",2001,5.33342020459199e-07
"1678","Russian Federation",2002,5.36939133302884e-07
"1679","Russian Federation",2003,5.35491681137135e-07
"1680","Russian Federation",2004,5.35617490700123e-07
"1681","Russian Federation",2005,5.395256856617e-07
"1682","Russian Federation",2006,5.43065734026058e-07
"1683","Russian Federation",2007,5.45730559661146e-07
"1684","Russian Federation",2008,5.47661418474178e-07
"1685","Russian Federation",2009,5.49217001452969e-07
"1686","Russian Federation",2010,5.46372002999007e-07
"1687","Russian Federation",2011,5.47193003125328e-07
"1688","Russian Federation",2012,5.47945417059338e-07
"1689","Russian Federation",2013,5.48295056838317e-07
"1690","Russian Federation",2014,5.48940869626113e-07
"1691","Russian Federation",2015,5.40436218804898e-07
"1692","San Marino",1999,0.00369606636764181
"1693","San Marino",2000,0.00368309026409145
"1694","San Marino",2005,0.0033416946753936
"1695","Seychelles",1985,0.000860229315369714
"1696","Seychelles",1986,0.000858469364645215
"1697","Seychelles",1987,0.000844959777705357
"1698","Seychelles",2001,0.0006720184703572
"1699","Seychelles",2002,0.000661543462713738
"1700","Seychelles",2003,0.000652054130581738
"1701","Seychelles",2004,0.000644476773352062
"1702","Seychelles",2005,0.000638681845712661
"1703","Seychelles",2006,0.000636157763306076
"1704","Seychelles",2007,0.000635050770052956
"1705","Seychelles",2008,0.000634720932196234
"1706","Seychelles",2009,0.000634891525830037
"1707","Seychelles",2010,0.000635815273108743
"1708","Seychelles",2011,0.000665526896107436
"1709","Seychelles",2012,0.000666297322253001
"1710","Seychelles",2013,0.00066071817983572
"1711","Seychelles",2014,0.000655594780907855
"1712","Seychelles",2015,0.00064456079115765
"1713","Singapore",1985,4.25441214447473e-05
"1714","Singapore",1986,4.20291505782581e-05
"1715","Singapore",1987,4.15316714296572e-05
"1716","Singapore",1988,4.17815485161074e-05
"1717","Singapore",1989,4.11336262870197e-05
"1718","Singapore",1990,3.98120710995815e-05
"1719","Singapore",1991,3.9073168806639e-05
"1720","Singapore",1992,3.84024430098145e-05
"1721","Singapore",1993,3.7653423581059e-05
"1722","Singapore",1994,3.68704236890997e-05
"1723","Singapore",1995,3.61624286108456e-05
"1724","Singapore",1996,3.54220412234631e-05
"1725","Singapore",1997,3.47222101658992e-05
"1726","Singapore",1998,3.40112801811849e-05
"1727","Singapore",1999,3.33655756012226e-05
"1728","Singapore",2000,3.28126943126741e-05
"1729","Singapore",2001,3.2226866829885e-05
"1730","Singapore",2002,3.15935702029666e-05
"1731","Singapore",2003,3.09962088536951e-05
"1732","Singapore",2004,3.04747880554678e-05
"1733","Singapore",2005,2.99186123986918e-05
"1734","Singapore",2006,2.93091739766189e-05
"1735","Singapore",2007,2.95019974327362e-05
"1736","Singapore",2008,2.89947435429431e-05
"1737","Singapore",2009,2.82797352224951e-05
"1738","Singapore",2010,2.79579434248648e-05
"1739","Singapore",2011,2.77708273568199e-05
"1740","Singapore",2012,2.75360646723029e-05
"1741","Singapore",2013,2.73115319939576e-05
"1742","Singapore",2014,2.7104891321583e-05
"1743","Singapore",2015,2.68881099702187e-05
"1744","Slovenia",1995,2.68694124896961e-05
"1745","Slovenia",1996,2.67545154748743e-05
"1746","Slovenia",1997,2.68989718674177e-05
"1747","Slovenia",1998,2.69642998647557e-05
"1748","Slovenia",1999,2.69199602420079e-05
"1749","Slovenia",2000,2.69040182689066e-05
"1750","Slovenia",2001,2.67076064083529e-05
"1751","Slovenia",2002,2.66808315299364e-05
"1752","Slovenia",2003,2.67782909325379e-05
"1753","Slovenia",2004,2.689291631527e-05
"1754","Slovenia",2005,2.69549716552517e-05
"1755","Slovenia",2006,2.69773701364192e-05
"1756","Slovenia",2007,2.69714678262656e-05
"1757","Slovenia",2008,2.68598113243463e-05
"1758","Slovenia",2009,2.69989567660365e-05
"1759","Slovenia",2010,2.70766541116582e-05
"1760","Slovenia",2011,2.71953272767852e-05
"1761","Slovenia",2012,2.72910072975747e-05
"1762","Slovenia",2013,2.73739309143412e-05
"1763","Slovenia",2014,2.74399819242571e-05
"1764","Slovenia",2015,2.7514628065729e-05
"1765","South Africa",1996,1.45516770644343e-06
"1766","South Africa",1997,1.43918118275989e-06
"1767","South Africa",1998,1.42560489884029e-06
"1768","South Africa",1999,1.41354165943642e-06
"1769","South Africa",2000,1.40234210925899e-06
"1770","South Africa",2001,1.39291402820403e-06
"1771","South Africa",2002,1.38499142268387e-06
"1772","South Africa",2003,1.37794584078249e-06
"1773","South Africa",2004,1.37174281420852e-06
"1774","South Africa",2005,1.36656687349717e-06
"1775","South Africa",2006,1.36293747475275e-06
"1776","South Africa",2007,1.3597910835428e-06
"1777","South Africa",2008,1.40002697308074e-06
"1778","South Africa",2009,1.35257600201232e-06
"1779","South Africa",2010,1.34740404478056e-06
"1780","South Africa",2011,1.34053343599661e-06
"1781","South Africa",2012,1.33248373245053e-06
"1782","South Africa",2013,1.32370670246739e-06
"1783","South Africa",2014,1.31484766662176e-06
"1784","South Africa",2015,1.30629290102107e-06
"1785","Spain",1985,2.06164396861839e-06
"1786","Spain",1986,2.05515826808497e-06
"1787","Spain",1987,2.05000859146129e-06
"1788","Spain",1988,2.04659901012919e-06
"1789","Spain",1989,2.044778988667e-06
"1790","Spain",1990,2.0441708116303e-06
"1791","Spain",1991,2.04361149399965e-06
"1792","Spain",1992,2.0434637524097e-06
"1793","Spain",1993,2.03900097141592e-06
"1794","Spain",1994,2.03676569864431e-06
"1795","Spain",1995,2.03502045496561e-06
"1796","Spain",1996,2.03362500311653e-06
"1797","Spain",1997,2.03232182776843e-06
"1798","Spain",1998,2.03155986877458e-06
"1799","Spain",1999,2.01594251405531e-06
"1800","Spain",2000,1.99013585517765e-06
"1801","Spain",2001,1.97199917703137e-06
"1802","Spain",2002,1.9453942404353e-06
"1803","Spain",2003,1.92196984661665e-06
"1804","Spain",2004,1.89916003186127e-06
"1805","Spain",2005,1.8755212950547e-06
"1806","Spain",2006,1.85372240216419e-06
"1807","Spain",2007,1.82714176551815e-06
"1808","Spain",2008,1.80502151819634e-06
"1809","Spain",2009,1.7983408494906e-06
"1810","Spain",2010,1.79932005144493e-06
"1811","Spain",2011,1.80266644229859e-06
"1812","Spain",2012,1.78032557696656e-06
"1813","Spain",2013,1.78922106287143e-06
"1814","Spain",2014,1.79671767033321e-06
"1815","Spain",2015,1.80149927594449e-06
"1816","Sri Lanka",1985,1.34321993626182e-06
"1817","Sri Lanka",1986,1.31880513149013e-06
"1818","Sri Lanka",1996,1.10733313686907e-06
"1819","Sri Lanka",1997,1.09845303333868e-06
"1820","Sri Lanka",1998,1.08955708270692e-06
"1821","Sri Lanka",1999,1.08082777447714e-06
"1822","Sri Lanka",2000,1.07232393190731e-06
"1823","Sri Lanka",2001,1.06359184667227e-06
"1824","Sri Lanka",2002,1.05478537655533e-06
"1825","Sri Lanka",2003,1.04618668263812e-06
"1826","Sri Lanka",2006,1.02215799081567e-06
"1827","Suriname",1985,0.000202459862225404
"1828","Suriname",1986,0.00020045664199574
"1829","Suriname",1987,0.000197229634894914
"1830","Suriname",1988,0.000193034992874221
"1831","Suriname",1989,0.000188747397361126
"1832","Suriname",1990,0.000188430775936978
"1833","Suriname",1991,0.000181172193455988
"1834","Suriname",1992,0.000177890030929645
"1835","Suriname",1995,0.000169680161267542
"1836","Suriname",1996,0.000167127330055633
"1837","Suriname",1997,0.00016480967609472
"1838","Suriname",1998,0.000162649316621157
"1839","Suriname",1999,0.000160586396453942
"1840","Suriname",2000,0.000158576808702584
"1841","Suriname",2001,0.000156689029388763
"1842","Suriname",2002,0.000154799071080044
"1843","Suriname",2003,0.0001529176711848
"1844","Suriname",2004,0.000151085081432045
"1845","Suriname",2005,0.000149028039137684
"1846","Suriname",2006,0.000146957603674436
"1847","Suriname",2007,0.00014495509565725
"1848","Suriname",2008,0.000143030185675251
"1849","Suriname",2009,0.00014116726786538
"1850","Suriname",2010,0.000139362633992434
"1851","Suriname",2011,0.000137638571031022
"1852","Suriname",2012,0.000135960489973612
"1853","Suriname",2013,0.00013433260216102
"1854","Suriname",2014,0.000132788295003838
"1855","Sweden",1987,1.05070159935496e-05
"1856","Sweden",1988,1.04780024362932e-05
"1857","Sweden",1989,1.04334056808199e-05
"1858","Sweden",1990,1.03801028791857e-05
"1859","Sweden",1991,1.03473392511797e-05
"1860","Sweden",1992,1.03256440660898e-05
"1861","Sweden",1993,1.02947290853955e-05
"1862","Sweden",1994,1.02361103685898e-05
"1863","Sweden",1995,1.0181463599968e-05
"1864","Sweden",1996,1.01415213200487e-05
"1865","Sweden",1997,1.009974250722e-05
"1866","Sweden",1998,1.00607442746194e-05
"1867","Sweden",1999,1.00260037760739e-05
"1868","Sweden",2000,9.9923784122481e-06
"1869","Sweden",2001,9.96182392937439e-06
"1870","Sweden",2002,9.93795173514608e-06
"1871","Sweden",2003,9.91644818821889e-06
"1872","Sweden",2004,9.89603978711147e-06
"1873","Sweden",2005,9.87500914959961e-06
"1874","Sweden",2006,9.84486438678902e-06
"1875","Sweden",2007,9.80257638055152e-06
"1876","Sweden",2008,9.75380689773442e-06
"1877","Sweden",2009,9.69652200002216e-06
"1878","Sweden",2010,9.64012074632052e-06
"1879","Sweden",2011,9.60049613687435e-06
"1880","Sweden",2012,9.56764566857863e-06
"1881","Sweden",2013,9.52296311137244e-06
"1882","Sweden",2014,9.46258856056679e-06
"1883","Sweden",2015,9.49616134686119e-06
"1884","Sweden",2016,1.06883548102581e-05
"1885","Switzerland",1995,1.1130183433293e-05
"1886","Switzerland",1996,1.10640072361013e-05
"1887","Switzerland",1997,1.10177955690023e-05
"1888","Switzerland",1998,1.09279054441465e-05
"1889","Switzerland",1999,1.08566570313183e-05
"1890","Switzerland",2000,1.07764197257104e-05
"1891","Switzerland",2001,1.06869615282493e-05
"1892","Switzerland",2002,1.05734491057418e-05
"1893","Switzerland",2003,1.05357874126131e-05
"1894","Switzerland",2004,1.04585296063727e-05
"1895","Switzerland",2005,1.0390000441177e-05
"1896","Switzerland",2006,1.03258027909899e-05
"1897","Switzerland",2007,1.02358206112927e-05
"1898","Switzerland",2008,1.01109627160655e-05
"1899","Switzerland",2009,9.99122961741497e-06
"1900","Switzerland",2010,9.89454706372289e-06
"1901","Switzerland",2011,9.79390774804234e-06
"1902","Switzerland",2012,9.69680835937475e-06
"1903","Switzerland",2013,9.59132149048881e-06
"1904","Switzerland",2014,9.43656427929546e-06
"1905","Switzerland",2015,9.34025618995647e-06
"1906","Thailand",1985,6.06758322339911e-07
"1907","Thailand",1986,5.99199695187975e-07
"1908","Thailand",1987,5.9177602075524e-07
"1909","Thailand",1990,5.74365888756548e-07
"1910","Thailand",1991,5.69669175305452e-07
"1911","Thailand",1992,5.6615465713898e-07
"1912","Thailand",1994,5.7134993506766e-07
"1913","Thailand",1995,5.56891581140571e-07
"1914","Thailand",1996,5.52907404270699e-07
"1915","Thailand",1997,5.48200848746388e-07
"1916","Thailand",1998,5.43200404488947e-07
"1917","Thailand",1999,5.38517681956559e-07
"1918","Thailand",2000,5.38703215412494e-07
"1919","Thailand",2002,5.78991370052446e-07
"1920","Thailand",2003,5.80811314665189e-07
"1921","Thailand",2004,5.95998699806978e-07
"1922","Thailand",2005,6.11464037869811e-07
"1923","Thailand",2006,6.2743653262799e-07
"1924","Thailand",2007,6.77789287848237e-07
"1925","Thailand",2008,6.96458067776539e-07
"1926","Thailand",2009,7.15204104840856e-07
"1927","Thailand",2010,7.33748911343386e-07
"1928","Thailand",2011,7.41729844161893e-07
"1929","Thailand",2012,7.52621763585647e-07
"1930","Thailand",2013,7.60172284434144e-07
"1931","Thailand",2014,7.67796228716034e-07
"1932","Thailand",2015,7.78534211750108e-07
"1933","Thailand",2016,9.06552864542762e-07
"1934","Trinidad and Tobago",1985,5.27826857314626e-05
"1935","Trinidad and Tobago",1986,5.02910227100389e-05
"1936","Trinidad and Tobago",1987,4.96827880155912e-05
"1937","Trinidad and Tobago",1988,4.9066220275447e-05
"1938","Trinidad and Tobago",1989,5.04121024185959e-05
"1939","Trinidad and Tobago",1990,4.9723426988124e-05
"1940","Trinidad and Tobago",1991,4.9281261995225e-05
"1941","Trinidad and Tobago",1992,4.81113825610255e-05
"1942","Trinidad and Tobago",1993,4.76129516564037e-05
"1943","Trinidad and Tobago",1994,4.71725452123612e-05
"1944","Trinidad and Tobago",1995,4.78952708641163e-05
"1945","Trinidad and Tobago",1996,4.77639410959828e-05
"1946","Trinidad and Tobago",1997,4.76705888831147e-05
"1947","Trinidad and Tobago",1998,4.75963781920928e-05
"1948","Trinidad and Tobago",1999,4.7534384463345e-05
"1949","Trinidad and Tobago",2000,4.74428954041366e-05
"1950","Trinidad and Tobago",2001,4.7084771687279e-05
"1951","Trinidad and Tobago",2002,4.67109297519097e-05
"1952","Trinidad and Tobago",2003,4.63331098011736e-05
"1953","Trinidad and Tobago",2004,4.59580190931384e-05
"1954","Trinidad and Tobago",2005,4.55979068779698e-05
"1955","Trinidad and Tobago",2006,4.52980314263931e-05
"1956","Trinidad and Tobago",2007,4.49674585189816e-05
"1957","Trinidad and Tobago",2008,4.46160495416772e-05
"1958","Trinidad and Tobago",2009,4.42519700464779e-05
"1959","Trinidad and Tobago",2010,4.38869767173597e-05
"1960","Trinidad and Tobago",2011,4.35148445627056e-05
"1961","Turkey",2009,1.06486390281012e-06
"1962","Turkey",2010,1.05748205169644e-06
"1963","Turkey",2011,1.04949913689198e-06
"1964","Turkey",2012,1.04345773716359e-06
"1965","Turkey",2013,1.03793121938007e-06
"1966","Turkey",2014,1.03024863973894e-06
"1967","Turkey",2015,1.02407517814472e-06
"1968","Turkmenistan",1987,1.59270344069692e-05
"1969","Turkmenistan",1988,1.54861034459545e-05
"1970","Turkmenistan",1989,1.50583477631385e-05
"1971","Turkmenistan",1990,1.4635685877107e-05
"1972","Turkmenistan",1991,1.42260824581557e-05
"1973","Turkmenistan",1992,1.38042934598993e-05
"1974","Turkmenistan",1993,1.3454710619702e-05
"1975","Turkmenistan",1994,1.3068267632185e-05
"1976","Turkmenistan",1995,1.17317029669208e-05
"1977","Turkmenistan",1996,1.15047248901802e-05
"1978","Turkmenistan",1997,1.1292179689452e-05
"1979","Turkmenistan",1998,1.1091185818895e-05
"1980","Turkmenistan",1999,1.15412547631768e-05
"1981","Turkmenistan",2000,1.14027665362218e-05
"1982","Turkmenistan",2001,1.12639655154735e-05
"1983","Turkmenistan",2002,1.11885701957167e-05
"1984","Turkmenistan",2003,1.1151241783538e-05
"1985","Turkmenistan",2004,1.11165967426747e-05
"1986","Turkmenistan",2005,1.10644696064532e-05
"1987","Turkmenistan",2006,1.10335472733205e-05
"1988","Turkmenistan",2007,1.09566537360299e-05
"1989","Turkmenistan",2008,1.08491669341108e-05
"1990","Turkmenistan",2009,1.0741965379171e-05
"1991","Turkmenistan",2010,1.0654585420152e-05
"1992","Turkmenistan",2011,1.05542556834099e-05
"1993","Turkmenistan",2012,1.04849427267333e-05
"1994","Turkmenistan",2013,1.04339544436713e-05
"1995","Turkmenistan",2014,1.03759372866969e-05
"1996","Turkmenistan",2015,1.02971135870861e-05
"1997","Ukraine",1987,1.38957488697276e-06
"1998","Ukraine",1988,1.39640669283412e-06
"1999","Ukraine",1989,1.39689329741418e-06
"2000","Ukraine",1990,1.39159416422229e-06
"2001","Ukraine",1991,1.38579184935889e-06
"2002","Ukraine",1992,1.37840215111169e-06
"2003","Ukraine",1993,1.37373278060552e-06
"2004","Ukraine",1994,1.3762520542123e-06
"2005","Ukraine",1995,1.38284795544285e-06
"2006","Ukraine",1996,1.39056967087215e-06
"2007","Ukraine",1997,1.39868118860086e-06
"2008","Ukraine",1998,1.40674223170142e-06
"2009","Ukraine",1999,1.41527855052834e-06
"2010","Ukraine",2000,1.42481546204774e-06
"2011","Ukraine",2001,1.43535108876069e-06
"2012","Ukraine",2002,1.46076799188398e-06
"2013","Ukraine",2003,1.47551115836303e-06
"2014","Ukraine",2004,1.49145595000065e-06
"2015","Ukraine",2005,1.50848018874182e-06
"2016","Ukraine",2006,1.52533542668896e-06
"2017","Ukraine",2007,1.54183362020846e-06
"2018","Ukraine",2008,1.5579352156155e-06
"2019","Ukraine",2009,1.57266372414952e-06
"2020","Ukraine",2010,1.58431995336377e-06
"2021","Ukraine",2011,1.59464496079285e-06
"2022","Ukraine",2012,1.60271466524696e-06
"2023","Ukraine",2014,1.70442163567637e-06
"2024","Ukraine",2015,1.71174209570661e-06
"2025","United Arab Emirates",2005,1.92181447021494e-05
"2026","United Arab Emirates",2006,1.67851369245392e-05
"2027","United Arab Emirates",2007,1.45772282495141e-05
"2028","United Arab Emirates",2008,1.28083566512999e-05
"2029","United Arab Emirates",2009,1.15466693397749e-05
"2030","United Arab Emirates",2010,1.07257424579421e-05
"2031","United Kingdom",1985,1.47887422788767e-06
"2032","United Kingdom",1986,1.47478703408806e-06
"2033","United Kingdom",1987,1.47052003647881e-06
"2034","United Kingdom",1988,1.46762059254018e-06
"2035","United Kingdom",1989,1.46354346727841e-06
"2036","United Kingdom",1990,1.4589830007195e-06
"2037","United Kingdom",1991,1.44911006402042e-06
"2038","United Kingdom",1992,1.44558549143444e-06
"2039","United Kingdom",1993,1.44116175115595e-06
"2040","United Kingdom",1994,1.43664013849935e-06
"2041","United Kingdom",1995,1.43118435880418e-06
"2042","United Kingdom",1996,1.42537452777754e-06
"2043","United Kingdom",1997,1.41988016060902e-06
"2044","United Kingdom",1998,1.41429327297632e-06
"2045","United Kingdom",1999,1.40759983192838e-06
"2046","United Kingdom",2000,1.40113168671129e-06
"2047","United Kingdom",2001,1.41709869183388e-06
"2048","United Kingdom",2002,1.41385247029791e-06
"2049","United Kingdom",2003,1.41243541328908e-06
"2050","United Kingdom",2004,1.41048592815816e-06
"2051","United Kingdom",2005,1.40673070872102e-06
"2052","United Kingdom",2006,1.40475411854696e-06
"2053","United Kingdom",2007,1.40249445661012e-06
"2054","United Kingdom",2008,1.40000481594584e-06
"2055","United Kingdom",2009,1.39675965412224e-06
"2056","United Kingdom",2010,1.39207339008447e-06
"2057","United Kingdom",2011,1.38531645734722e-06
"2058","United Kingdom",2012,1.37060586768436e-06
"2059","United Kingdom",2013,1.36627640040169e-06
"2060","United Kingdom",2014,1.35982075625846e-06
"2061","United Kingdom",2015,1.35268531511326e-06
"2062","United States",1985,3.37499941838866e-07
"2063","United States",1986,3.34797018498083e-07
"2064","United States",1987,3.32194821485446e-07
"2065","United States",1988,3.29628373808006e-07
"2066","United States",1989,3.2720371817487e-07
"2067","United States",1990,3.27459357521001e-07
"2068","United States",1991,3.24959754781139e-07
"2069","United States",1992,3.23039525622419e-07
"2070","United States",1993,3.21253562919701e-07
"2071","United States",1994,3.19494990860906e-07
"2072","United States",1995,3.17715353174047e-07
"2073","United States",1996,3.15596317058135e-07
"2074","United States",1997,3.13932672717973e-07
"2075","United States",1998,3.11845860317126e-07
"2076","United States",1999,3.10314924525004e-07
"2077","United States",2000,3.0146109813206e-07
"2078","United States",2001,2.9851460745331e-07
"2079","United States",2002,2.95464838534488e-07
"2080","United States",2003,2.93619230893381e-07
"2081","United States",2004,2.91526405275464e-07
"2082","United States",2005,2.89482310643544e-07
"2083","United States",2006,2.8711289784626e-07
"2084","United States",2007,2.86002274642516e-07
"2085","United States",2008,2.84881934999645e-07
"2086","United States",2009,2.82666738878084e-07
"2087","United States",2010,2.80615058792385e-07
"2088","United States",2011,2.788155187621e-07
"2089","United States",2012,2.77020098093439e-07
"2090","United States",2013,2.75288540731775e-07
"2091","United States",2014,2.73662711156862e-07
"2092","United States",2015,2.72165439156803e-07
"2093","Uruguay",1985,3.18528414360921e-05
"2094","Uruguay",1986,3.17515115493503e-05
"2095","Uruguay",1987,3.16405658208047e-05
"2096","Uruguay",1988,3.15348508591046e-05
"2097","Uruguay",1989,3.14223308319457e-05
"2098","Uruguay",1990,3.13948371930709e-05
"2099","Uruguay",1993,3.1054174238294e-05
"2100","Uruguay",1994,3.0902678734389e-05
"2101","Uruguay",1995,3.075666727925e-05
"2102","Uruguay",1996,3.06122208258812e-05
"2103","Uruguay",1997,3.04670011294721e-05
"2104","Uruguay",1998,3.0332801749186e-05
"2105","Uruguay",1999,3.02299895150773e-05
"2106","Uruguay",2000,3.01714330676651e-05
"2107","Uruguay",2001,3.01542783871416e-05
"2108","Uruguay",2002,3.01994155141264e-05
"2109","Uruguay",2003,3.02788236441511e-05
"2110","Uruguay",2004,3.03532703514442e-05
"2111","Uruguay",2005,3.03952961700279e-05
"2112","Uruguay",2006,3.03995585950168e-05
"2113","Uruguay",2007,3.03692602036686e-05
"2114","Uruguay",2008,3.03141906970864e-05
"2115","Uruguay",2009,3.02503895730254e-05
"2116","Uruguay",2010,3.01901923923683e-05
"2117","Uruguay",2012,3.00573614979981e-05
"2118","Uruguay",2013,2.9969308026016e-05
"2119","Uruguay",2014,2.98790362425519e-05
"2120","Uruguay",2015,2.97872380434224e-05
"2121","Uzbekistan",1990,2.4097472046146e-06
"2122","Uzbekistan",1991,2.41160248494896e-06
"2123","Uzbekistan",1992,2.31735759887399e-06
"2124","Uzbekistan",1993,2.31127042560927e-06
"2125","Uzbekistan",1994,2.25937192751143e-06
"2126","Uzbekistan",1995,2.23128719673008e-06
"2127","Uzbekistan",1996,2.22659839197167e-06
"2128","Uzbekistan",1997,2.19428106076413e-06
"2129","Uzbekistan",1998,2.16497602415125e-06
"2130","Uzbekistan",1999,2.13990518575389e-06
"2131","Uzbekistan",2000,2.11693313362462e-06
"2132","Uzbekistan",2001,2.09639211483799e-06
"2133","Uzbekistan",2002,2.08057022328794e-06
"2134","Uzbekistan",2003,2.06984467223522e-06
"2135","Uzbekistan",2004,2.06232890639746e-06
"2136","Uzbekistan",2005,2.0566222159097e-06
"2137","Uzbekistan",2009,1.99587924804008e-06
"2138","Uzbekistan",2010,1.98645053303115e-06
"2139","Uzbekistan",2011,1.96896995732936e-06
"2140","Uzbekistan",2012,1.93504385650867e-06
"2141","Uzbekistan",2013,1.89836217359674e-06
"2142","Uzbekistan",2014,1.86171618819523e-06
